"Date","Price"
"2026-09-30","30,565.07"
"2026-09-29","30,339.33"
"2026-09-28","30,276.81"
"2026-09-25","30,608.13"
"2026-09-24","30,478.86"
"2026-09-23","30,470.29"
"2026-09-22","30,732.40"
"2026-09-21","30,482.35"
"2026-09-18","29,644.17"
"2026-09-17","29,446.98"
"2026-09-16","28,945.06"
"2026-09-15","28,937.84"
"2026-09-14","29,127.16"
"2026-09-11","29,368.44"
"2026-09-10","29,103.51"
"2026-09-09","29,421.55"
"2026-09-08","29,507.70"
"2026-09-04","29,544.15"
"2026-09-03","29,482.32"
"2026-09-02","29,143.33"
"2026-09-01","29,077.22"
"2026-08-31","29,456.97"
"2026-08-28","29,433.43"
"2026-08-27","29,641.56"
"2026-08-26","29,224.52"
"2026-08-25","29,209.23"
"2026-08-24","29,023.18"
"2026-08-21","29,308.86"
"2026-08-20","29,213.16"
"2026-08-19","29,426.02"
"2026-08-18","29,490.96"
"2026-08-17","29,995.38"
"2026-08-14","30,046.14"
"2026-08-13","30,084.50"
"2026-08-12","29,742.60"
"2026-08-11","29,525.48"
"2026-08-10","29,621.80"
"2026-08-07","29,722.30"
"2026-08-06","29,373.33"
"2026-08-05","29,487.79"
"2026-08-04","29,733.16"
"2026-08-03","28,776.80"
"2026-07-31","28,274.20"
"2026-07-30","28,106.35"
"2026-07-29","27,192.31"
"2026-07-28","27,763.13"
"2026-07-27","28,039.21"
"2026-07-24","28,128.34"
"2026-07-23","28,454.81"
"2026-07-22","28,998.10"
"2026-07-21","29,155.18"
"2026-07-20","28,604.23"
"2026-07-17","28,592.66"
"2026-07-16","29,025.77"
"2026-07-15","29,502.60"
"2026-07-14","29,586.29"
"2026-07-13","29,264.10"
"2026-07-10","29,825.11"
"2026-07-09","29,727.10"
"2026-07-08","29,252.56"
"2026-07-07","29,173.02"
"2026-07-06","29,697.87"
"2026-07-02","29,329.21"
"2026-07-01","29,809.13"
"2026-06-30","30,276.35"
"2026-06-29","29,774.75"
"2026-06-26","29,118.24"
"2026-06-25","29,440.32"
"2026-06-24","29,220.06"
"2026-06-23","29,347.27"
"2026-06-22","30,347.08"
"2026-06-18","30,406.19"
"2026-06-17","29,670.95"
"2026-06-16","29,968.13"
"2026-06-15","30,543.92"
"2026-06-12","29,635.95"
"2026-06-11","29,446.18"
"2026-06-10","28,508.03"
"2026-06-09","29,084.50"
"2026-06-08","29,414.26"
"2026-06-05","28,957.60"
"2026-06-04","30,407.81"
"2026-06-03","30,571.24"
"2026-06-02","30,660.60"
"2026-06-01","30,513.86"
"2026-05-29","30,333.18"
"2026-05-28","30,223.89"
"2026-05-27","29,973.57"
"2026-05-26","30,001.32"
"2026-05-22","29,481.64"
"2026-05-21","29,357.27"
"2026-05-20","29,297.70"
"2026-05-19","28,818.84"
"2026-05-18","28,994.37"
"2026-05-15","29,125.20"
"2026-05-14","29,580.30"
"2026-05-13","29,366.94"
"2026-05-12","29,064.80"
"2026-05-11","29,320.66"
"2026-05-08","29,234.99"
"2026-05-07","28,563.95"
"2026-05-06","28,599.17"
"2026-05-05","28,015.06"
"2026-05-04","27,651.82"
"2026-05-01","27,710.36"
"2026-04-30","27,452.12"
"2026-04-29","27,186.98"
"2026-04-28","27,029.01"
"2026-04-27","27,305.68"
"2026-04-24","27,303.67"
"2026-04-23","26,782.63"
"2026-04-22","26,937.28"
"2026-04-21","26,479.47"
"2026-04-20","26,590.34"
"2026-04-17","26,672.43"
"2026-04-16","26,333.00"
"2026-04-15","26,204.58"
"2026-04-14","25,842.00"
"2026-04-13","25,383.72"
"2026-04-10","25,116.34"
"2026-04-09","25,082.09"
"2026-04-08","24,903.17"
"2026-04-07","24,202.37"
"2026-04-06","24,192.17"
"2026-04-02","24,045.53"
"2026-04-01","24,019.99"
"2026-03-31","23,740.19"
"2026-03-30","22,953.38"
"2026-03-27","23,132.77"
"2026-03-26","23,586.99"
"2026-03-25","24,162.98"
"2026-03-24","24,002.45"
"2026-03-23","24,188.59"
"2026-03-20","23,898.15"
"2026-03-19","24,355.28"
"2026-03-18","24,425.09"
"2026-03-17","24,780.42"
"2026-03-16","24,655.34"
"2026-03-13","24,380.73"
"2026-03-12","24,533.58"
"2026-03-11","24,965.01"
"2026-03-10","24,956.47"
"2026-03-09","24,967.25"
"2026-03-06","24,643.02"
"2026-03-05","25,020.41"
"2026-03-04","25,093.68"
"2026-03-03","24,720.08"
"2026-03-02","24,992.60"
"2026-02-27","24,960.04"
"2026-02-26","25,034.37"
"2026-02-25","25,329.04"
"2026-02-24","24,977.04"
"2026-02-23","24,708.94"
"2026-02-20","25,012.62"
"2026-02-19","24,797.34"
"2026-02-18","24,898.87"
"2026-02-17","24,701.60"
"2026-02-13","24,732.73"
"2026-02-12","24,687.61"
"2026-02-11","25,201.26"
"2026-02-10","25,127.64"
"2026-02-09","25,268.14"
"2026-02-06","25,075.77"
"2026-02-05","24,548.69"
"2026-02-04","24,891.24"
"2026-02-03","25,338.62"
"2026-02-02","25,738.61"
"2026-01-30","25,552.39"
"2026-01-29","25,884.30"
"2026-01-28","26,022.79"
"2026-01-27","25,939.74"
"2026-01-26","25,713.21"
"2026-01-23","25,605.47"
"2026-01-22","25,518.35"
"2026-01-21","25,326.58"
"2026-01-20","24,987.57"
"2026-01-16","25,529.26"
"2026-01-15","25,547.07"
"2026-01-14","25,465.94"
"2026-01-13","25,741.95"
"2026-01-12","25,787.66"
"2026-01-09","25,766.26"
"2026-01-08","25,507.10"
"2026-01-07","25,653.90"
"2026-01-06","25,639.71"
"2026-01-05","25,401.32"
"2026-01-02","25,206.17"
"2025-12-31","25,249.85"
"2025-12-30","25,462.56"
"2025-12-29","25,525.56"
"2025-12-26","25,644.39"
"2025-12-24","25,656.15"
"2025-12-23","25,587.83"
"2025-12-22","25,461.70"
"2025-12-19","25,346.18"
"2025-12-18","25,019.37"
"2025-12-17","24,647.61"
"2025-12-16","25,132.94"
"2025-12-15","25,067.27"
"2025-12-12","25,196.73"
"2025-12-11","25,686.69"
"2025-12-10","25,776.44"
"2025-12-09","25,668.69"
"2025-12-08","25,627.95"
"2025-12-05","25,692.05"
"2025-12-04","25,581.70"
"2025-12-03","25,606.54"
"2025-12-02","25,555.86"
"2025-12-01","25,342.85"
"2025-11-28","25,434.89"
"2025-11-26","25,236.94"
"2025-11-25","25,018.36"
"2025-11-24","24,873.85"
"2025-11-21","24,239.57"
"2025-11-20","24,054.38"
"2025-11-19","24,640.52"
"2025-11-18","24,503.10"
"2025-11-17","24,799.92"
"2025-11-14","25,008.24"
"2025-11-13","24,993.46"
"2025-11-12","25,517.33"
"2025-11-11","25,533.49"
"2025-11-10","25,611.74"
"2025-11-07","25,059.81"
"2025-11-06","25,130.04"
"2025-11-05","25,620.03"
"2025-11-04","25,435.70"
"2025-11-03","25,972.94"
"2025-10-31","25,858.13"
"2025-10-30","25,734.81"
"2025-10-29","26,119.85"
"2025-10-28","26,012.15"
"2025-10-27","25,821.55"
"2025-10-24","25,358.16"
"2025-10-23","25,097.41"
"2025-10-22","24,879.01"
"2025-10-21","25,127.13"
"2025-10-20","25,141.02"
"2025-10-17","24,817.95"
"2025-10-16","24,657.24"
"2025-10-15","24,745.36"
"2025-10-14","24,579.32"
"2025-10-13","24,750.25"
"2025-10-10","24,221.74"
"2025-10-09","25,098.18"
"2025-10-08","25,136.62"
"2025-10-07","24,840.23"
"2025-10-06","24,978.56"
"2025-10-03","24,785.52"
"2025-10-02","24,892.76"
"2025-10-01","24,800.86"
"2025-09-30","24,679.99"
"2025-09-29","24,611.35"
"2025-09-26","24,503.85"
"2025-09-25","24,397.31"
"2025-09-24","24,503.57"
"2025-09-23","24,580.17"
"2025-09-22","24,761.07"
"2025-09-19","24,626.25"
"2025-09-18","24,454.89"
"2025-09-17","24,223.69"
"2025-09-16","24,274.25"
"2025-09-15","24,293.78"
"2025-09-12","24,092.19"
"2025-09-11","23,992.56"
"2025-09-10","23,849.27"
"2025-09-09","23,839.80"
"2025-09-08","23,762.30"
"2025-09-05","23,652.44"
"2025-09-04","23,633.01"
"2025-09-03","23,414.84"
"2025-09-02","23,231.11"
"2025-08-29","23,415.42"
"2025-08-28","23,703.45"
"2025-08-27","23,565.85"
"2025-08-26","23,525.29"
"2025-08-25","23,425.61"
"2025-08-22","23,498.12"
"2025-08-21","23,142.58"
"2025-08-20","23,249.57"
"2025-08-19","23,384.77"
"2025-08-18","23,713.76"
"2025-08-15","23,712.07"
"2025-08-14","23,832.44"
"2025-08-13","23,849.04"
"2025-08-12","23,839.20"
"2025-08-11","23,526.63"
"2025-08-08","23,611.27"
"2025-08-07","23,389.53"
"2025-08-06","23,315.04"
"2025-08-05","23,018.56"
"2025-08-04","23,188.61"
"2025-08-01","22,763.31"
"2025-07-31","23,218.12"
"2025-07-30","23,345.41"
"2025-07-29","23,308.30"
"2025-07-28","23,356.27"
"2025-07-25","23,272.25"
"2025-07-24","23,219.87"
"2025-07-23","23,162.41"
"2025-07-22","23,063.58"
"2025-07-21","23,180.06"
"2025-07-18","23,065.47"
"2025-07-17","23,081.05"
"2025-07-16","22,907.97"
"2025-07-15","22,884.59"
"2025-07-14","22,855.63"
"2025-07-11","22,780.60"
"2025-07-10","22,829.26"
"2025-07-09","22,864.91"
"2025-07-08","22,702.25"
"2025-07-07","22,685.57"
"2025-07-03","22,866.97"
"2025-07-02","22,641.89"
"2025-07-01","22,478.13"
"2025-06-30","22,679.01"
"2025-06-27","22,534.20"
"2025-06-26","22,447.29"
"2025-06-25","22,237.74"
"2025-06-24","22,190.52"
"2025-06-23","21,856.33"
"2025-06-20","21,626.39"
"2025-06-18","21,719.69"
"2025-06-17","21,719.08"
"2025-06-16","21,937.57"
"2025-06-13","21,631.04"
"2025-06-12","21,913.32"
"2025-06-11","21,860.80"
"2025-06-10","21,941.92"
"2025-06-09","21,797.87"
"2025-06-06","21,761.79"
"2025-06-05","21,547.43"
"2025-06-04","21,721.92"
"2025-06-03","21,662.58"
"2025-06-02","21,491.75"
"2025-05-30","21,340.99"
"2025-05-29","21,363.95"
"2025-05-28","21,318.17"
"2025-05-27","21,414.99"
"2025-05-23","20,915.66"
"2025-05-22","21,112.47"
"2025-05-21","21,080.36"
"2025-05-20","21,367.37"
"2025-05-19","21,447.05"
"2025-05-16","21,427.94"
"2025-05-15","21,335.82"
"2025-05-14","21,319.21"
"2025-05-13","21,197.70"
"2025-05-12","20,868.15"
"2025-05-09","20,061.45"
"2025-05-08","20,063.56"
"2025-05-07","19,867.97"
"2025-05-06","19,791.35"
"2025-05-05","19,967.94"
"2025-05-02","20,102.61"
"2025-05-01","19,786.71"
"2025-04-30","19,571.02"
"2025-04-29","19,544.95"
"2025-04-28","19,427.29"
"2025-04-25","19,432.56"
"2025-04-24","19,214.40"
"2025-04-23","18,693.26"
"2025-04-22","18,276.41"
"2025-04-21","17,808.30"
"2025-04-17","18,258.09"
"2025-04-16","18,257.64"
"2025-04-15","18,830.23"
"2025-04-14","18,796.02"
"2025-04-11","18,690.05"
"2025-04-10","18,343.57"
"2025-04-09","19,145.06"
"2025-04-08","17,090.40"
"2025-04-07","17,430.68"
"2025-04-04","17,397.70"
"2025-04-03","18,521.47"
"2025-04-02","19,581.78"
"2025-04-01","19,436.42"
"2025-03-31","19,278.45"
"2025-03-28","19,281.40"
"2025-03-27","19,798.62"
"2025-03-26","19,916.99"
"2025-03-25","20,287.83"
"2025-03-24","20,180.45"
"2025-03-21","19,753.97"
"2025-03-20","19,677.61"
"2025-03-19","19,736.66"
"2025-03-18","19,483.36"
"2025-03-17","19,812.24"
"2025-03-14","19,704.64"
"2025-03-13","19,225.48"
"2025-03-12","19,596.02"
"2025-03-11","19,376.96"
"2025-03-10","19,430.95"
"2025-03-07","20,201.37"
"2025-03-06","20,052.63"
"2025-03-05","20,628.46"
"2025-03-04","20,352.53"
"2025-03-03","20,425.58"
"2025-02-28","20,884.41"
"2025-02-27","20,550.95"
"2025-02-26","21,132.92"
"2025-02-25","21,087.25"
"2025-02-24","21,352.08"
"2025-02-21","21,614.08"
"2025-02-20","22,068.06"
"2025-02-19","22,175.60"
"2025-02-18","22,164.61"
"2025-02-14","22,114.69"
"2025-02-13","22,030.71"
"2025-02-12","21,719.26"
"2025-02-11","21,693.52"
"2025-02-10","21,756.73"
"2025-02-07","21,491.31"
"2025-02-06","21,774.07"
"2025-02-05","21,658.16"
"2025-02-04","21,566.92"
"2025-02-03","21,297.58"
"2025-01-31","21,478.05"
"2025-01-30","21,508.12"
"2025-01-29","21,411.46"
"2025-01-28","21,463.04"
"2025-01-27","21,127.28"
"2025-01-24","21,774.01"
"2025-01-23","21,900.93"
"2025-01-22","21,853.00"
"2025-01-21","21,566.51"
"2025-01-17","21,441.16"
"2025-01-16","21,091.25"
"2025-01-15","21,237.85"
"2025-01-14","20,757.41"
"2025-01-13","20,784.72"
"2025-01-10","20,847.58"
"2025-01-08","21,180.97"
"2025-01-07","21,173.04"
"2025-01-06","21,559.50"
"2025-01-03","21,326.16"
"2025-01-02","20,975.62"
"2024-12-31","21,012.17"
"2024-12-30","21,197.09"
"2024-12-27","21,473.02"
"2024-12-26","21,768.31"
"2024-12-24","21,797.65"
"2024-12-23","21,503.17"
"2024-12-20","21,289.15"
"2024-12-19","21,110.51"
"2024-12-18","21,209.32"
"2024-12-17","22,001.08"
"2024-12-16","22,096.66"
"2024-12-13","21,780.25"
"2024-12-12","21,615.27"
"2024-12-11","21,763.98"
"2024-12-10","21,368.18"
"2024-12-09","21,440.82"
"2024-12-06","21,622.25"
"2024-12-05","21,425.22"
"2024-12-04","21,492.36"
"2024-12-03","21,229.32"
"2024-12-02","21,164.60"
"2024-11-29","20,930.37"
"2024-11-27","20,744.49"
"2024-11-26","20,922.90"
"2024-11-25","20,804.89"
"2024-11-22","20,776.23"
"2024-11-21","20,740.78"
"2024-11-20","20,667.10"
"2024-11-19","20,684.59"
"2024-11-18","20,539.19"
"2024-11-15","20,394.13"
"2024-11-14","20,896.67"
"2024-11-13","21,036.16"
"2024-11-12","21,070.79"
"2024-11-11","21,106.59"
"2024-11-08","21,117.18"
"2024-11-07","21,101.57"
"2024-11-06","20,781.33"
"2024-11-05","20,227.46"
"2024-11-04","19,963.60"
"2024-11-01","20,033.14"
"2024-10-31","19,890.42"
"2024-10-30","20,387.70"
"2024-10-29","20,550.65"
"2024-10-28","20,351.07"
"2024-10-25","20,352.02"
"2024-10-24","20,232.87"
"2024-10-23","20,066.96"
"2024-10-22","20,390.46"
"2024-10-21","20,361.47"
"2024-10-18","20,324.04"
"2024-10-17","20,190.42"
"2024-10-16","20,174.05"
"2024-10-15","20,159.83"
"2024-10-14","20,439.05"
"2024-10-11","20,271.97"
"2024-10-10","20,241.76"
"2024-10-09","20,268.86"
"2024-10-08","20,107.78"
"2024-10-07","19,800.74"
"2024-10-04","20,035.02"
"2024-10-03","19,793.34"
"2024-10-02","19,802.59"
"2024-10-01","19,773.30"
"2024-09-30","20,060.69"
"2024-09-27","20,008.62"
"2024-09-26","20,115.54"
"2024-09-25","19,972.61"
"2024-09-24","19,944.84"
"2024-09-23","19,852.20"
"2024-09-20","19,791.49"
"2024-09-19","19,839.83"
"2024-09-18","19,344.49"
"2024-09-17","19,432.40"
"2024-09-16","19,423.06"
"2024-09-13","19,514.59"
"2024-09-12","19,423.07"
"2024-09-11","19,237.30"
"2024-09-10","18,829.14"
"2024-09-09","18,660.78"
"2024-09-06","18,421.31"
"2024-09-05","18,930.33"
"2024-09-04","18,921.40"
"2024-09-03","18,958.74"
"2024-08-30","19,574.64"
"2024-08-29","19,325.45"
"2024-08-28","19,350.78"
"2024-08-27","19,581.52"
"2024-08-26","19,516.44"
"2024-08-23","19,720.87"
"2024-08-22","19,491.84"
"2024-08-21","19,824.84"
"2024-08-20","19,719.82"
"2024-08-19","19,766.49"
"2024-08-16","19,508.52"
"2024-08-15","19,490.15"
"2024-08-14","19,022.68"
"2024-08-13","19,006.43"
"2024-08-12","18,542.03"
"2024-08-09","18,513.10"
"2024-08-08","18,413.82"
"2024-08-07","17,867.37"
"2024-08-06","18,077.92"
"2024-08-05","17,895.16"
"2024-08-02","18,440.85"
"2024-08-01","18,890.39"
"2024-07-31","19,362.43"
"2024-07-30","18,796.27"
"2024-07-29","19,059.49"
"2024-07-26","19,023.66"
"2024-07-25","18,830.58"
"2024-07-24","19,032.39"
"2024-07-23","19,754.34"
"2024-07-22","19,822.87"
"2024-07-19","19,522.62"
"2024-07-18","19,705.09"
"2024-07-17","19,799.14"
"2024-07-16","20,398.62"
"2024-07-15","20,386.88"
"2024-07-12","20,331.49"
"2024-07-11","20,211.36"
"2024-07-10","20,675.38"
"2024-07-09","20,453.02"
"2024-07-08","20,439.54"
"2024-07-05","20,391.97"
"2024-07-03","20,186.63"
"2024-07-02","20,011.89"
"2024-07-01","19,812.22"
"2024-06-28","19,682.87"
"2024-06-27","19,789.03"
"2024-06-26","19,751.05"
"2024-06-25","19,701.13"
"2024-06-24","19,474.62"
"2024-06-21","19,700.43"
"2024-06-20","19,752.30"
"2024-06-18","19,908.86"
"2024-06-17","19,902.75"
"2024-06-14","19,659.80"
"2024-06-13","19,576.92"
"2024-06-12","19,465.18"
"2024-06-11","19,210.18"
"2024-06-10","19,074.67"
"2024-06-07","19,000.95"
"2024-06-06","19,021.19"
"2024-06-05","19,035.05"
"2024-06-04","18,654.84"
"2024-06-03","18,600.97"
"2024-05-31","18,536.65"
"2024-05-30","18,538.66"
"2024-05-29","18,736.75"
"2024-05-28","18,869.44"
"2024-05-24","18,808.35"
"2024-05-23","18,623.39"
"2024-05-22","18,705.20"
"2024-05-21","18,713.80"
"2024-05-20","18,674.19"
"2024-05-17","18,546.23"
"2024-05-16","18,557.96"
"2024-05-15","18,596.65"
"2024-05-14","18,322.77"
"2024-05-13","18,198.61"
"2024-05-10","18,161.18"
"2024-05-09","18,113.46"
"2024-05-08","18,085.01"
"2024-05-07","18,091.45"
"2024-05-06","18,093.57"
"2024-05-03","17,890.80"
"2024-05-02","17,541.54"
"2024-05-01","17,318.55"
"2024-04-30","17,440.69"
"2024-04-29","17,782.72"
"2024-04-26","17,718.30"
"2024-04-25","17,430.50"
"2024-04-24","17,526.80"
"2024-04-23","17,471.47"
"2024-04-22","17,210.89"
"2024-04-19","17,037.65"
"2024-04-18","17,394.31"
"2024-04-17","17,493.62"
"2024-04-16","17,713.66"
"2024-04-15","17,706.83"
"2024-04-12","18,003.49"
"2024-04-11","18,307.98"
"2024-04-10","18,011.66"
"2024-04-09","18,169.90"
"2024-04-08","18,100.19"
"2024-04-05","18,108.46"
"2024-04-04","17,878.78"
"2024-04-03","18,160.19"
"2024-04-02","18,121.78"
"2024-04-01","18,293.20"
"2024-03-28","18,254.69"
"2024-03-27","18,280.84"
"2024-03-26","18,210.54"
"2024-03-25","18,277.06"
"2024-03-22","18,339.44"
"2024-03-21","18,320.38"
"2024-03-20","18,240.11"
"2024-03-19","18,032.20"
"2024-03-18","17,985.01"
"2024-03-15","17,808.25"
"2024-03-14","18,014.81"
"2024-03-13","18,068.47"
"2024-03-12","18,219.11"
"2024-03-11","17,951.69"
"2024-03-08","18,018.45"
"2024-03-07","18,297.99"
"2024-03-06","18,017.57"
"2024-03-05","17,897.87"
"2024-03-04","18,226.48"
"2024-03-01","18,302.91"
"2024-02-29","18,043.85"
"2024-02-28","17,874.50"
"2024-02-27","17,971.05"
"2024-02-26","17,933.33"
"2024-02-23","17,937.61"
"2024-02-22","18,004.70"
"2024-02-21","17,478.91"
"2024-02-20","17,546.10"
"2024-02-16","17,685.98"
"2024-02-15","17,845.72"
"2024-02-14","17,807.63"
"2024-02-13","17,600.42"
"2024-02-12","17,882.66"
"2024-02-09","17,962.41"
"2024-02-08","17,783.17"
"2024-02-07","17,755.07"
"2024-02-06","17,572.73"
"2024-02-05","17,613.04"
"2024-02-02","17,642.73"
"2024-02-01","17,344.71"
"2024-01-31","17,137.24"
"2024-01-30","17,476.71"
"2024-01-29","17,596.27"
"2024-01-26","17,421.01"
"2024-01-25","17,516.99"
"2024-01-24","17,499.30"
"2024-01-23","17,404.21"
"2024-01-22","17,330.38"
"2024-01-19","17,314.00"
"2024-01-18","16,982.29"
"2024-01-17","16,736.28"
"2024-01-16","16,830.71"
"2024-01-12","16,832.92"
"2024-01-11","16,820.90"
"2024-01-10","16,793.05"
"2024-01-09","16,678.70"
"2024-01-08","16,649.87"
"2024-01-05","16,305.98"
"2024-01-04","16,282.01"
"2024-01-03","16,368.49"
"2024-01-02","16,543.94"
"2023-12-29","16,825.93"
"2023-12-28","16,898.47"
"2023-12-27","16,906.80"
"2023-12-26","16,878.46"
"2023-12-22","16,777.40"
"2023-12-21","16,757.41"
"2023-12-20","16,554.16"
"2023-12-19","16,811.85"
"2023-12-18","16,729.80"
"2023-12-15","16,623.45"
"2023-12-14","16,537.83"
"2023-12-13","16,562.37"
"2023-12-12","16,354.25"
"2023-12-11","16,221.73"
"2023-12-08","16,084.69"
"2023-12-07","16,022.49"
"2023-12-06","15,788.05"
"2023-12-05","15,877.71"
"2023-12-04","15,839.67"
"2023-12-01","15,997.58"
"2023-11-30","15,947.87"
"2023-11-29","15,987.60"
"2023-11-28","16,010.43"
"2023-11-27","15,961.98"
"2023-11-24","15,982.01"
"2023-11-22","16,001.39"
"2023-11-21","15,933.62"
"2023-11-20","16,027.06"
"2023-11-17","15,837.99"
"2023-11-16","15,833.17"
"2023-11-15","15,817.18"
"2023-11-14","15,812.47"
"2023-11-13","15,482.79"
"2023-11-10","15,529.12"
"2023-11-09","15,187.90"
"2023-11-08","15,313.24"
"2023-11-07","15,296.02"
"2023-11-06","15,154.93"
"2023-11-03","15,099.49"
"2023-11-02","14,919.55"
"2023-11-01","14,664.91"
"2023-10-31","14,409.78"
"2023-10-30","14,335.51"
"2023-10-27","14,180.42"
"2023-10-26","14,109.57"
"2023-10-25","14,381.64"
"2023-10-24","14,745.86"
"2023-10-23","14,604.85"
"2023-10-20","14,560.88"
"2023-10-19","14,783.13"
"2023-10-18","14,909.26"
"2023-10-17","15,122.01"
"2023-10-16","15,172.73"
"2023-10-13","14,995.12"
"2023-10-12","15,184.10"
"2023-10-11","15,241.12"
"2023-10-10","15,131.52"
"2023-10-09","15,047.15"
"2023-10-06","14,973.24"
"2023-10-05","14,723.22"
"2023-10-04","14,776.25"
"2023-10-03","14,565.62"
"2023-10-02","14,837.57"
"2023-09-29","14,715.24"
"2023-09-28","14,702.77"
"2023-09-27","14,580.16"
"2023-09-26","14,545.83"
"2023-09-25","14,768.90"
"2023-09-22","14,701.10"
"2023-09-21","14,694.24"
"2023-09-20","14,969.92"
"2023-09-19","15,191.23"
"2023-09-18","15,225.37"
"2023-09-15","15,202.40"
"2023-09-14","15,473.89"
"2023-09-13","15,348.53"
"2023-09-12","15,289.74"
"2023-09-11","15,461.87"
"2023-09-08","15,280.23"
"2023-09-07","15,258.52"
"2023-09-06","15,371.44"
"2023-09-05","15,508.24"
"2023-09-01","15,490.86"
"2023-08-31","15,501.07"
"2023-08-30","15,462.43"
"2023-08-29","15,376.55"
"2023-08-28","15,052.46"
"2023-08-25","14,941.83"
"2023-08-24","14,816.44"
"2023-08-23","15,148.06"
"2023-08-22","14,908.96"
"2023-08-21","14,936.69"
"2023-08-18","14,694.84"
"2023-08-17","14,715.81"
"2023-08-16","14,876.47"
"2023-08-15","15,037.65"
"2023-08-14","15,205.59"
"2023-08-11","15,028.07"
"2023-08-10","15,128.84"
"2023-08-09","15,101.71"
"2023-08-08","15,273.05"
"2023-08-07","15,407.85"
"2023-08-04","15,274.92"
"2023-08-03","15,353.54"
"2023-08-02","15,370.74"
"2023-08-01","15,718.01"
"2023-07-31","15,757.00"
"2023-07-28","15,750.93"
"2023-07-27","15,464.93"
"2023-07-26","15,499.26"
"2023-07-25","15,561.42"
"2023-07-24","15,448.02"
"2023-07-21","15,425.67"
"2023-07-20","15,466.09"
"2023-07-19","15,826.35"
"2023-07-18","15,841.35"
"2023-07-17","15,713.28"
"2023-07-14","15,565.60"
"2023-07-13","15,571.98"
"2023-07-12","15,307.23"
"2023-07-11","15,119.06"
"2023-07-10","15,045.64"
"2023-07-07","15,036.85"
"2023-07-06","15,089.45"
"2023-07-05","15,203.78"
"2023-07-03","15,208.69"
"2023-06-30","15,179.21"
"2023-06-29","14,939.95"
"2023-06-28","14,964.57"
"2023-06-27","14,945.91"
"2023-06-26","14,689.02"
"2023-06-23","14,891.48"
"2023-06-22","15,042.32"
"2023-06-21","14,867.45"
"2023-06-20","15,070.15"
"2023-06-16","15,083.92"
"2023-06-15","15,185.48"
"2023-06-14","15,005.69"
"2023-06-13","14,900.85"
"2023-06-12","14,784.30"
"2023-06-09","14,528.36"
"2023-06-08","14,484.54"
"2023-06-07","14,303.29"
"2023-06-06","14,558.09"
"2023-06-05","14,556.50"
"2023-06-02","14,546.64"
"2023-06-01","14,441.51"
"2023-05-31","14,254.09"
"2023-05-30","14,354.99"
"2023-05-26","14,298.41"
"2023-05-25","13,938.53"
"2023-05-24","13,604.48"
"2023-05-23","13,672.54"
"2023-05-22","13,849.74"
"2023-05-19","13,803.49"
"2023-05-18","13,834.62"
"2023-05-17","13,589.26"
"2023-05-16","13,426.01"
"2023-05-15","13,413.51"
"2023-05-12","13,340.18"
"2023-05-11","13,389.78"
"2023-05-10","13,347.83"
"2023-05-09","13,201.11"
"2023-05-08","13,291.64"
"2023-05-05","13,259.13"
"2023-05-04","12,982.48"
"2023-05-03","13,030.21"
"2023-05-02","13,113.66"
"2023-05-01","13,231.47"
"2023-04-28","13,245.99"
"2023-04-27","13,160.03"
"2023-04-26","12,806.48"
"2023-04-25","12,725.11"
"2023-04-24","12,969.76"
"2023-04-21","13,000.77"
"2023-04-20","12,985.98"
"2023-04-19","13,088.71"
"2023-04-18","13,091.79"
"2023-04-17","13,087.71"
"2023-04-14","13,079.52"
"2023-04-13","13,109.39"
"2023-04-12","12,848.35"
"2023-04-11","12,964.15"
"2023-04-10","13,051.23"
"2023-04-06","13,062.60"
"2023-04-05","12,967.20"
"2023-04-04","13,100.08"
"2023-04-03","13,148.35"
"2023-03-31","13,181.35"
"2023-03-30","12,963.14"
"2023-03-29","12,846.03"
"2023-03-28","12,610.57"
"2023-03-27","12,673.07"
"2023-03-24","12,767.05"
"2023-03-23","12,729.23"
"2023-03-22","12,567.15"
"2023-03-21","12,741.44"
"2023-03-20","12,562.61"
"2023-03-17","12,519.88"
"2023-03-16","12,581.39"
"2023-03-15","12,251.32"
"2023-03-14","12,199.79"
"2023-03-13","11,923.17"
"2023-03-10","11,830.28"
"2023-03-09","11,995.88"
"2023-03-08","12,215.33"
"2023-03-07","12,152.17"
"2023-03-06","12,302.48"
"2023-03-03","12,290.81"
"2023-03-02","12,044.87"
"2023-03-01","11,938.57"
"2023-02-28","12,042.12"
"2023-02-27","12,057.79"
"2023-02-24","11,969.65"
"2023-02-23","12,180.14"
"2023-02-22","12,066.27"
"2023-02-21","12,060.30"
"2023-02-17","12,358.18"
"2023-02-16","12,442.48"
"2023-02-15","12,687.89"
"2023-02-14","12,590.89"
"2023-02-13","12,502.31"
"2023-02-10","12,304.92"
"2023-02-09","12,381.17"
"2023-02-08","12,495.38"
"2023-02-07","12,728.27"
"2023-02-06","12,464.51"
"2023-02-03","12,573.36"
"2023-02-02","12,803.14"
"2023-02-01","12,363.10"
"2023-01-31","12,101.93"
"2023-01-30","11,912.39"
"2023-01-27","12,166.60"
"2023-01-26","12,051.48"
"2023-01-25","11,814.69"
"2023-01-24","11,846.64"
"2023-01-23","11,872.54"
"2023-01-20","11,619.03"
"2023-01-19","11,295.67"
"2023-01-18","11,410.29"
"2023-01-17","11,557.19"
"2023-01-13","11,541.48"
"2023-01-12","11,459.61"
"2023-01-11","11,402.52"
"2023-01-10","11,205.78"
"2023-01-09","11,108.45"
"2023-01-06","11,040.35"
"2023-01-05","10,741.22"
"2023-01-04","10,914.80"
"2023-01-03","10,862.64"
"2022-12-30","10,939.76"
"2022-12-29","10,951.05"
"2022-12-28","10,679.34"
"2022-12-27","10,822.51"
"2022-12-23","10,985.45"
"2022-12-22","10,956.14"
"2022-12-21","11,235.88"
"2022-12-20","11,072.42"
"2022-12-19","11,084.59"
"2022-12-16","11,243.72"
"2022-12-15","11,345.22"
"2022-12-14","11,740.92"
"2022-12-13","11,834.21"
"2022-12-12","11,706.44"
"2022-12-09","11,563.33"
"2022-12-08","11,637.50"
"2022-12-07","11,497.39"
"2022-12-06","11,549.69"
"2022-12-05","11,786.80"
"2022-12-02","11,994.26"
"2022-12-01","12,041.89"
"2022-11-30","12,030.06"
"2022-11-29","11,503.45"
"2022-11-28","11,587.75"
"2022-11-25","11,756.03"
"2022-11-23","11,838.72"
"2022-11-22","11,724.84"
"2022-11-21","11,553.45"
"2022-11-18","11,677.02"
"2022-11-17","11,676.86"
"2022-11-16","11,699.09"
"2022-11-15","11,871.15"
"2022-11-14","11,700.94"
"2022-11-11","11,817.01"
"2022-11-10","11,605.96"
"2022-11-09","10,797.55"
"2022-11-08","11,059.50"
"2022-11-07","10,977.00"
"2022-11-04","10,857.03"
"2022-11-03","10,690.60"
"2022-11-02","10,906.34"
"2022-11-01","11,288.95"
"2022-10-31","11,405.57"
"2022-10-28","11,546.21"
"2022-10-27","11,191.63"
"2022-10-26","11,405.90"
"2022-10-25","11,669.99"
"2022-10-24","11,430.26"
"2022-10-21","11,310.33"
"2022-10-20","11,046.71"
"2022-10-19","11,103.38"
"2022-10-18","11,147.74"
"2022-10-17","11,062.53"
"2022-10-14","10,692.06"
"2022-10-13","11,033.58"
"2022-10-12","10,785.62"
"2022-10-11","10,791.35"
"2022-10-10","10,926.97"
"2022-10-07","11,039.47"
"2022-10-06","11,485.50"
"2022-10-05","11,573.18"
"2022-10-04","11,582.54"
"2022-10-03","11,229.73"
"2022-09-30","10,971.22"
"2022-09-29","11,164.78"
"2022-09-28","11,493.83"
"2022-09-27","11,271.75"
"2022-09-26","11,254.11"
"2022-09-23","11,311.24"
"2022-09-22","11,501.65"
"2022-09-21","11,637.79"
"2022-09-20","11,851.54"
"2022-09-19","11,953.27"
"2022-09-16","11,861.38"
"2022-09-15","11,927.49"
"2022-09-14","12,134.40"
"2022-09-13","12,033.62"
"2022-09-12","12,739.72"
"2022-09-09","12,588.29"
"2022-09-08","12,321.19"
"2022-09-07","12,259.39"
"2022-09-06","12,011.31"
"2022-09-02","12,098.44"
"2022-09-01","12,274.62"
"2022-08-31","12,272.03"
"2022-08-30","12,342.70"
"2022-08-29","12,484.32"
"2022-08-26","12,605.17"
"2022-08-25","13,143.58"
"2022-08-24","12,917.86"
"2022-08-23","12,881.79"
"2022-08-22","12,890.54"
"2022-08-19","13,242.90"
"2022-08-18","13,505.99"
"2022-08-17","13,470.86"
"2022-08-16","13,635.21"
"2022-08-15","13,667.18"
"2022-08-12","13,565.87"
"2022-08-11","13,291.99"
"2022-08-10","13,378.32"
"2022-08-09","13,008.17"
"2022-08-08","13,159.16"
"2022-08-05","13,207.69"
"2022-08-04","13,311.04"
"2022-08-03","13,253.26"
"2022-08-02","12,901.60"
"2022-08-01","12,940.78"
"2022-07-29","12,947.97"
"2022-07-28","12,717.87"
"2022-07-27","12,601.47"
"2022-07-26","12,086.90"
"2022-07-25","12,328.41"
"2022-07-22","12,396.47"
"2022-07-21","12,619.41"
"2022-07-20","12,439.68"
"2022-07-19","12,249.42"
"2022-07-18","11,877.50"
"2022-07-15","11,983.62"
"2022-07-14","11,768.40"
"2022-07-13","11,728.53"
"2022-07-12","11,744.99"
"2022-07-11","11,860.28"
"2022-07-08","12,125.69"
"2022-07-07","12,109.05"
"2022-07-06","11,852.59"
"2022-07-05","11,779.90"
"2022-07-01","11,585.68"
"2022-06-30","11,503.72"
"2022-06-29","11,658.26"
"2022-06-28","11,637.77"
"2022-06-27","12,008.24"
"2022-06-24","12,105.85"
"2022-06-23","11,697.68"
"2022-06-22","11,527.71"
"2022-06-21","11,546.76"
"2022-06-17","11,265.99"
"2022-06-16","11,127.57"
"2022-06-15","11,593.77"
"2022-06-14","11,311.69"
"2022-06-13","11,288.32"
"2022-06-10","11,832.82"
"2022-06-09","12,269.78"
"2022-06-08","12,615.13"
"2022-06-07","12,711.68"
"2022-06-06","12,599.63"
"2022-06-03","12,548.03"
"2022-06-02","12,892.89"
"2022-06-01","12,548.36"
"2022-05-31","12,642.10"
"2022-05-27","12,681.42"
"2022-05-26","12,276.79"
"2022-05-25","11,943.93"
"2022-05-24","11,769.84"
"2022-05-23","12,034.28"
"2022-05-20","11,835.62"
"2022-05-19","11,875.63"
"2022-05-18","11,928.31"
"2022-05-17","12,564.10"
"2022-05-16","12,243.58"
"2022-05-13","12,387.40"
"2022-05-12","11,945.50"
"2022-05-11","11,967.56"
"2022-05-10","12,345.86"
"2022-05-09","12,187.72"
"2022-05-06","12,693.53"
"2022-05-05","12,850.55"
"2022-05-04","13,535.71"
"2022-05-03","13,089.90"
"2022-05-02","13,075.85"
"2022-04-29","12,854.80"
"2022-04-28","13,456.06"
"2022-04-27","13,003.36"
"2022-04-26","13,009.71"
"2022-04-25","13,533.22"
"2022-04-22","13,356.87"
"2022-04-21","13,720.45"
"2022-04-20","13,998.53"
"2022-04-19","14,210.26"
"2022-04-18","13,910.76"
"2022-04-14","13,893.21"
"2022-04-13","14,217.29"
"2022-04-12","13,940.24"
"2022-04-11","13,990.21"
"2022-04-08","14,327.26"
"2022-04-07","14,531.81"
"2022-04-06","14,498.89"
"2022-04-05","14,820.64"
"2022-04-04","15,159.58"
"2022-04-01","14,861.21"
"2022-03-31","14,838.49"
"2022-03-30","15,071.55"
"2022-03-29","15,239.32"
"2022-03-28","14,987.40"
"2022-03-25","14,754.31"
"2022-03-24","14,765.69"
"2022-03-23","14,447.55"
"2022-03-22","14,654.33"
"2022-03-21","14,376.09"
"2022-03-18","14,420.08"
"2022-03-17","14,118.60"
"2022-03-16","13,956.79"
"2022-03-15","13,458.56"
"2022-03-14","13,046.64"
"2022-03-11","13,301.83"
"2022-03-10","13,591.00"
"2022-03-09","13,742.20"
"2022-03-08","13,267.61"
"2022-03-07","13,319.38"
"2022-03-04","13,837.83"
"2022-03-03","14,035.21"
"2022-03-02","14,243.69"
"2022-03-01","14,005.99"
"2022-02-28","14,237.81"
"2022-02-25","14,189.16"
"2022-02-24","13,974.67"
"2022-02-23","13,509.43"
"2022-02-22","13,870.53"
"2022-02-18","14,009.54"
"2022-02-17","14,171.74"
"2022-02-16","14,603.64"
"2022-02-15","14,620.82"
"2022-02-14","14,268.59"
"2022-02-11","14,253.84"
"2022-02-10","14,705.64"
"2022-02-09","15,056.96"
"2022-02-08","14,747.03"
"2022-02-07","14,571.25"
"2022-02-04","14,694.35"
"2022-02-03","14,501.11"
"2022-02-02","15,139.74"
"2022-02-01","15,019.68"
"2022-01-31","14,930.05"
"2022-01-28","14,454.61"
"2022-01-27","14,003.11"
"2022-01-26","14,172.76"
"2022-01-25","14,149.12"
"2022-01-24","14,509.58"
"2022-01-21","14,438.40"
"2022-01-20","14,846.46"
"2022-01-19","15,047.84"
"2022-01-18","15,210.76"
"2022-01-14","15,611.59"
"2022-01-13","15,495.62"
"2022-01-12","15,905.10"
"2022-01-11","15,844.12"
"2022-01-10","15,614.43"
"2022-01-07","15,592.19"
"2022-01-06","15,765.36"
"2022-01-05","15,771.78"
"2022-01-04","16,279.73"
"2022-01-03","16,501.77"
"2021-12-31","16,320.08"
"2021-12-30","16,429.10"
"2021-12-29","16,491.01"
"2021-12-28","16,488.66"
"2021-12-27","16,567.50"
"2021-12-23","16,308.21"
"2021-12-22","16,180.14"
"2021-12-21","15,986.28"
"2021-12-20","15,627.64"
"2021-12-17","15,801.46"
"2021-12-16","15,863.94"
"2021-12-15","16,289.59"
"2021-12-14","15,914.90"
"2021-12-13","16,082.55"
"2021-12-10","16,331.98"
"2021-12-09","16,149.57"
"2021-12-08","16,394.34"
"2021-12-07","16,325.66"
"2021-12-06","15,846.16"
"2021-12-03","15,712.04"
"2021-12-02","15,990.76"
"2021-12-01","15,877.72"
"2021-11-30","16,135.92"
"2021-11-29","16,399.24"
"2021-11-26","16,025.58"
"2021-11-24","16,367.81"
"2021-11-23","16,306.72"
"2021-11-22","16,380.98"
"2021-11-19","16,573.34"
"2021-11-18","16,482.97"
"2021-11-17","16,308.07"
"2021-11-16","16,309.77"
"2021-11-15","16,189.12"
"2021-11-12","16,199.89"
"2021-11-11","16,032.47"
"2021-11-10","15,985.57"
"2021-11-09","16,219.94"
"2021-11-08","16,336.03"
"2021-11-05","16,359.38"
"2021-11-04","16,346.24"
"2021-11-03","16,144.50"
"2021-11-02","15,972.49"
"2021-11-01","15,905.28"
"2021-10-29","15,850.47"
"2021-10-28","15,778.16"
"2021-10-27","15,598.39"
"2021-10-26","15,559.49"
"2021-10-25","15,514.19"
"2021-10-22","15,355.07"
"2021-10-21","15,489.59"
"2021-10-20","15,388.71"
"2021-10-19","15,410.72"
"2021-10-18","15,300.89"
"2021-10-15","15,146.92"
"2021-10-14","15,052.42"
"2021-10-13","14,774.60"
"2021-10-12","14,662.11"
"2021-10-11","14,713.73"
"2021-10-08","14,820.75"
"2021-10-07","14,897.13"
"2021-10-06","14,766.75"
"2021-10-05","14,674.15"
"2021-10-04","14,472.12"
"2021-10-01","14,791.87"
"2021-09-30","14,689.62"
"2021-09-29","14,752.89"
"2021-09-28","14,770.30"
"2021-09-27","15,204.82"
"2021-09-24","15,329.68"
"2021-09-23","15,316.58"
"2021-09-22","15,176.51"
"2021-09-21","15,027.77"
"2021-09-20","15,012.19"
"2021-09-17","15,333.47"
"2021-09-16","15,515.91"
"2021-09-15","15,503.53"
"2021-09-14","15,382.90"
"2021-09-13","15,434.50"
"2021-09-10","15,440.75"
"2021-09-09","15,561.05"
"2021-09-08","15,620.85"
"2021-09-07","15,675.76"
"2021-09-03","15,652.86"
"2021-09-02","15,604.25"
"2021-09-01","15,611.57"
"2021-08-31","15,582.51"
"2021-08-30","15,605.09"
"2021-08-27","15,432.95"
"2021-08-26","15,278.52"
"2021-08-25","15,368.92"
"2021-08-24","15,357.68"
"2021-08-23","15,312.82"
"2021-08-20","15,092.57"
"2021-08-19","14,933.94"
"2021-08-18","14,857.92"
"2021-08-17","15,002.83"
"2021-08-16","15,140.77"
"2021-08-13","15,136.68"
"2021-08-12","15,088.98"
"2021-08-11","15,027.76"
"2021-08-10","15,053.58"
"2021-08-09","15,133.11"
"2021-08-06","15,109.36"
"2021-08-05","15,181.64"
"2021-08-04","15,083.39"
"2021-08-03","15,061.42"
"2021-08-02","14,963.62"
"2021-07-30","14,959.90"
"2021-07-29","15,048.36"
"2021-07-28","15,018.10"
"2021-07-27","14,956.97"
"2021-07-26","15,125.95"
"2021-07-23","15,111.79"
"2021-07-22","14,940.17"
"2021-07-21","14,842.63"
"2021-07-20","14,728.21"
"2021-07-19","14,549.09"
"2021-07-16","14,681.38"
"2021-07-15","14,794.69"
"2021-07-14","14,900.44"
"2021-07-13","14,874.54"
"2021-07-12","14,877.89"
"2021-07-09","14,826.09"
"2021-07-08","14,722.14"
"2021-07-07","14,810.54"
"2021-07-06","14,786.36"
"2021-07-02","14,727.63"
"2021-07-01","14,560.05"
"2021-06-30","14,554.80"
"2021-06-29","14,572.75"
"2021-06-28","14,524.98"
"2021-06-25","14,345.18"
"2021-06-24","14,365.96"
"2021-06-23","14,274.24"
"2021-06-22","14,270.42"
"2021-06-21","14,137.23"
"2021-06-18","14,049.58"
"2021-06-17","14,163.81"
"2021-06-16","13,983.01"
"2021-06-15","14,030.41"
"2021-06-14","14,128.20"
"2021-06-11","13,998.30"
"2021-06-10","13,960.35"
"2021-06-09","13,814.94"
"2021-06-08","13,810.86"
"2021-06-07","13,802.89"
"2021-06-04","13,770.77"
"2021-06-03","13,529.68"
"2021-06-02","13,675.79"
"2021-06-01","13,654.59"
"2021-05-28","13,686.51"
"2021-05-27","13,657.85"
"2021-05-26","13,702.74"
"2021-05-25","13,657.73"
"2021-05-24","13,641.75"
"2021-05-21","13,411.74"
"2021-05-20","13,494.09"
"2021-05-19","13,237.91"
"2021-05-18","13,217.68"
"2021-05-17","13,312.91"
"2021-05-14","13,393.12"
"2021-05-13","13,109.15"
"2021-05-12","13,001.63"
"2021-05-11","13,351.27"
"2021-05-10","13,359.08"
"2021-05-07","13,719.63"
"2021-05-06","13,613.73"
"2021-05-05","13,503.37"
"2021-05-04","13,544.67"
"2021-05-03","13,799.72"
"2021-04-30","13,860.76"
"2021-04-29","13,970.20"
"2021-04-28","13,901.62"
"2021-04-27","13,960.28"
"2021-04-26","14,026.16"
"2021-04-23","13,941.44"
"2021-04-22","13,762.36"
"2021-04-21","13,935.15"
"2021-04-20","13,809.30"
"2021-04-19","13,907.67"
"2021-04-16","14,041.91"
"2021-04-15","14,026.19"
"2021-04-14","13,803.91"
"2021-04-13","13,986.49"
"2021-04-12","13,819.35"
"2021-04-09","13,845.06"
"2021-04-08","13,758.51"
"2021-04-07","13,616.70"
"2021-04-06","13,578.46"
"2021-04-05","13,598.16"
"2021-04-01","13,329.52"
"2021-03-31","13,091.44"
"2021-03-30","12,896.53"
"2021-03-29","12,965.74"
"2021-03-26","12,979.12"
"2021-03-25","12,780.51"
"2021-03-24","12,798.88"
"2021-03-23","13,017.79"
"2021-03-22","13,086.51"
"2021-03-19","12,866.99"
"2021-03-18","12,789.14"
"2021-03-17","13,202.38"
"2021-03-16","13,152.28"
"2021-03-15","13,082.54"
"2021-03-12","12,937.29"
"2021-03-11","13,052.90"
"2021-03-10","12,752.07"
"2021-03-09","12,794.49"
"2021-03-08","12,299.08"
"2021-03-05","12,668.51"
"2021-03-04","12,464.00"
"2021-03-03","12,683.33"
"2021-03-02","13,059.95"
"2021-03-01","13,282.95"
"2021-02-26","12,909.44"
"2021-02-25","12,828.31"
"2021-02-24","13,302.19"
"2021-02-23","13,194.71"
"2021-02-22","13,223.74"
"2021-02-19","13,580.78"
"2021-02-18","13,637.51"
"2021-02-17","13,699.71"
"2021-02-16","13,773.77"
"2021-02-12","13,807.70"
"2021-02-11","13,734.35"
"2021-02-10","13,655.27"
"2021-02-09","13,687.08"
"2021-02-08","13,695.02"
"2021-02-05","13,603.96"
"2021-02-04","13,560.89"
"2021-02-03","13,402.37"
"2021-02-02","13,456.12"
"2021-02-01","13,248.90"
"2021-01-29","12,925.38"
"2021-01-28","13,201.53"
"2021-01-27","13,112.65"
"2021-01-26","13,490.19"
"2021-01-25","13,483.29"
"2021-01-22","13,366.40"
"2021-01-21","13,404.99"
"2021-01-20","13,296.45"
"2021-01-19","12,996.54"
"2021-01-15","12,803.93"
"2021-01-14","12,898.69"
"2021-01-13","12,973.63"
"2021-01-12","12,892.09"
"2021-01-11","12,902.49"
"2021-01-08","13,105.20"
"2021-01-07","12,939.57"
"2021-01-06","12,623.35"
"2021-01-05","12,802.38"
"2021-01-04","12,694.66"
"2020-12-31","12,888.28"
"2020-12-30","12,845.36"
"2020-12-29","12,843.49"
"2020-12-28","12,838.86"
"2020-12-24","12,711.01"
"2020-12-23","12,653.14"
"2020-12-22","12,717.56"
"2020-12-21","12,690.26"
"2020-12-18","12,738.18"
"2020-12-17","12,752.06"
"2020-12-16","12,668.16"
"2020-12-15","12,595.92"
"2020-12-14","12,462.21"
"2020-12-11","12,375.41"
"2020-12-10","12,401.74"
"2020-12-09","12,364.64"
"2020-12-08","12,635.72"
"2020-12-07","12,596.47"
"2020-12-04","12,528.48"
"2020-12-03","12,467.13"
"2020-12-02","12,456.41"
"2020-12-01","12,455.33"
"2020-11-30","12,268.32"
"2020-11-27","12,258.21"
"2020-11-25","12,152.22"
"2020-11-24","12,079.81"
"2020-11-23","11,905.94"
"2020-11-20","11,906.44"
"2020-11-19","11,985.43"
"2020-11-18","11,894.71"
"2020-11-17","11,977.49"
"2020-11-16","12,013.38"
"2020-11-13","11,937.84"
"2020-11-12","11,827.14"
"2020-11-11","11,892.93"
"2020-11-10","11,624.29"
"2020-11-09","11,830.39"
"2020-11-06","12,091.35"
"2020-11-05","12,078.07"
"2020-11-04","11,777.02"
"2020-11-03","11,279.91"
"2020-11-02","11,084.76"
"2020-10-30","11,052.95"
"2020-10-29","11,350.74"
"2020-10-28","11,142.76"
"2020-10-27","11,598.95"
"2020-10-26","11,504.52"
"2020-10-23","11,692.57"
"2020-10-22","11,662.91"
"2020-10-21","11,665.37"
"2020-10-20","11,677.84"
"2020-10-19","11,634.35"
"2020-10-16","11,852.17"
"2020-10-15","11,898.57"
"2020-10-14","11,985.36"
"2020-10-13","12,083.17"
"2020-10-12","12,088.11"
"2020-10-09","11,725.85"
"2020-10-08","11,550.94"
"2020-10-07","11,503.19"
"2020-10-06","11,291.27"
"2020-10-05","11,509.06"
"2020-10-02","11,255.69"
"2020-10-01","11,583.20"
"2020-09-30","11,418.06"
"2020-09-29","11,322.95"
"2020-09-28","11,364.45"
"2020-09-25","11,151.13"
"2020-09-24","10,896.47"
"2020-09-23","10,833.33"
"2020-09-22","11,186.37"
"2020-09-21","10,980.22"
"2020-09-18","10,936.98"
"2020-09-17","11,080.95"
"2020-09-16","11,247.60"
"2020-09-15","11,438.87"
"2020-09-14","11,277.76"
"2020-09-11","11,087.40"
"2020-09-10","11,154.12"
"2020-09-09","11,395.85"
"2020-09-08","11,068.26"
"2020-09-04","11,622.13"
"2020-09-03","11,771.37"
"2020-09-02","12,420.54"
"2020-09-01","12,292.86"
"2020-08-31","12,110.70"
"2020-08-28","11,995.85"
"2020-08-27","11,926.16"
"2020-08-26","11,971.94"
"2020-08-25","11,721.81"
"2020-08-24","11,626.17"
"2020-08-21","11,555.16"
"2020-08-20","11,477.05"
"2020-08-19","11,318.64"
"2020-08-18","11,399.03"
"2020-08-17","11,288.57"
"2020-08-14","11,164.45"
"2020-08-13","11,178.37"
"2020-08-12","11,157.72"
"2020-08-11","10,876.08"
"2020-08-10","11,085.17"
"2020-08-07","11,139.39"
"2020-08-06","11,267.08"
"2020-08-05","11,125.44"
"2020-08-04","11,096.54"
"2020-08-03","11,055.08"
"2020-07-31","10,905.88"
"2020-07-30","10,715.51"
"2020-07-29","10,662.98"
"2020-07-28","10,532.50"
"2020-07-27","10,674.38"
"2020-07-24","10,483.13"
"2020-07-23","10,580.59"
"2020-07-22","10,870.75"
"2020-07-21","10,833.07"
"2020-07-20","10,952.08"
"2020-07-17","10,645.22"
"2020-07-16","10,626.46"
"2020-07-15","10,701.68"
"2020-07-14","10,689.52"
"2020-07-13","10,602.21"
"2020-07-10","10,836.33"
"2020-07-09","10,754.59"
"2020-07-08","10,666.70"
"2020-07-07","10,524.01"
"2020-07-06","10,604.06"
"2020-07-02","10,341.89"
"2020-07-01","10,279.25"
"2020-06-30","10,156.85"
"2020-06-29","9,961.16"
"2020-06-26","9,849.36"
"2020-06-25","10,101.83"
"2020-06-24","10,002.70"
"2020-06-23","10,209.82"
"2020-06-22","10,130.33"
"2020-06-19","10,008.64"
"2020-06-18","10,012.05"
"2020-06-17","9,982.48"
"2020-06-16","9,949.37"
"2020-06-15","9,776.89"
"2020-06-12","9,663.78"
"2020-06-11","9,588.48"
"2020-06-10","10,094.26"
"2020-06-09","9,967.17"
"2020-06-08","9,901.52"
"2020-06-05","9,824.39"
"2020-06-04","9,629.66"
"2020-06-03","9,704.69"
"2020-06-02","9,657.31"
"2020-06-01","9,598.89"
"2020-05-29","9,555.53"
"2020-05-28","9,416.71"
"2020-05-27","9,442.05"
"2020-05-26","9,389.98"
"2020-05-22","9,413.99"
"2020-05-21","9,377.99"
"2020-05-20","9,485.02"
"2020-05-19","9,298.54"
"2020-05-18","9,331.93"
"2020-05-15","9,152.64"
"2020-05-14","9,094.42"
"2020-05-13","9,000.08"
"2020-05-12","9,112.45"
"2020-05-11","9,298.92"
"2020-05-08","9,220.35"
"2020-05-07","9,101.88"
"2020-05-06","8,984.86"
"2020-05-05","8,930.62"
"2020-05-04","8,834.11"
"2020-05-01","8,718.18"
"2020-04-30","9,000.51"
"2020-04-29","8,982.76"
"2020-04-28","8,677.60"
"2020-04-27","8,837.66"
"2020-04-24","8,786.60"
"2020-04-23","8,641.50"
"2020-04-22","8,664.64"
"2020-04-21","8,403.00"
"2020-04-20","8,726.51"
"2020-04-17","8,832.41"
"2020-04-16","8,757.83"
"2020-04-15","8,591.96"
"2020-04-14","8,692.16"
"2020-04-13","8,332.74"
"2020-04-09","8,238.53"
"2020-04-08","8,229.54"
"2020-04-07","8,049.31"
"2020-04-06","8,081.66"
"2020-04-03","7,528.11"
"2020-04-02","7,635.66"
"2020-04-01","7,486.29"
"2020-03-31","7,813.50"
"2020-03-30","7,889.01"
"2020-03-27","7,588.37"
"2020-03-26","7,897.13"
"2020-03-25","7,469.62"
"2020-03-24","7,553.83"
"2020-03-23","7,006.92"
"2020-03-20","6,994.29"
"2020-03-19","7,288.52"
"2020-03-18","7,175.18"
"2020-03-17","7,473.95"
"2020-03-16","7,020.38"
"2020-03-13","7,995.26"
"2020-03-12","7,263.65"
"2020-03-11","8,006.12"
"2020-03-10","8,372.27"
"2020-03-09","7,948.03"
"2020-03-06","8,530.34"
"2020-03-05","8,671.66"
"2020-03-04","8,949.28"
"2020-03-03","8,594.49"
"2020-03-02","8,877.98"
"2020-02-28","8,461.83"
"2020-02-27","8,436.67"
"2020-02-26","8,873.76"
"2020-02-25","8,834.87"
"2020-02-24","9,079.63"
"2020-02-21","9,446.69"
"2020-02-20","9,627.83"
"2020-02-19","9,718.73"
"2020-02-18","9,629.80"
"2020-02-14","9,623.58"
"2020-02-13","9,595.70"
"2020-02-12","9,613.20"
"2020-02-11","9,517.86"
"2020-02-10","9,516.84"
"2020-02-07","9,401.10"
"2020-02-06","9,445.92"
"2020-02-05","9,367.48"
"2020-02-04","9,334.06"
"2020-02-03","9,126.23"
"2020-01-31","8,991.51"
"2020-01-30","9,136.09"
"2020-01-29","9,101.61"
"2020-01-28","9,090.93"
"2020-01-27","8,952.18"
"2020-01-24","9,141.47"
"2020-01-23","9,216.98"
"2020-01-22","9,188.58"
"2020-01-21","9,166.63"
"2020-01-17","9,173.73"
"2020-01-16","9,125.00"
"2020-01-15","9,035.67"
"2020-01-14","9,033.42"
"2020-01-13","9,070.65"
"2020-01-10","8,966.64"
"2020-01-09","8,989.63"
"2020-01-08","8,912.37"
"2020-01-07","8,846.45"
"2020-01-06","8,848.52"
"2020-01-03","8,793.90"
"2020-01-02","8,872.22"
"2019-12-31","8,733.07"
"2019-12-30","8,709.73"
"2019-12-27","8,770.98"
"2019-12-26","8,778.31"
"2019-12-24","8,699.51"
"2019-12-23","8,696.01"
"2019-12-20","8,678.49"
"2019-12-19","8,641.29"
"2019-12-18","8,580.62"
"2019-12-17","8,575.70"
"2019-12-16","8,570.33"
"2019-12-13","8,487.71"
"2019-12-12","8,466.89"
"2019-12-11","8,402.61"
"2019-12-10","8,354.29"
"2019-12-09","8,362.74"
"2019-12-06","8,397.37"
"2019-12-05","8,308.40"
"2019-12-04","8,296.53"
"2019-12-03","8,254.74"
"2019-12-02","8,309.26"
"2019-11-29","8,403.68"
"2019-11-27","8,444.71"
"2019-11-26","8,385.75"
"2019-11-25","8,371.93"
"2019-11-22","8,272.05"
"2019-11-21","8,265.62"
"2019-11-20","8,283.75"
"2019-11-19","8,338.74"
"2019-11-18","8,328.48"
"2019-11-15","8,315.52"
"2019-11-14","8,257.83"
"2019-11-13","8,259.81"
"2019-11-12","8,263.79"
"2019-11-11","8,241.91"
"2019-11-08","8,255.89"
"2019-11-07","8,219.65"
"2019-11-06","8,196.03"
"2019-11-05","8,210.18"
"2019-11-04","8,210.66"
"2019-11-01","8,161.17"
"2019-10-31","8,083.83"
"2019-10-30","8,083.11"
"2019-10-29","8,047.51"
"2019-10-28","8,110.67"
"2019-10-25","8,029.22"
"2019-10-24","7,966.72"
"2019-10-23","7,889.47"
"2019-10-22","7,874.62"
"2019-10-21","7,940.33"
"2019-10-18","7,868.49"
"2019-10-17","7,942.14"
"2019-10-16","7,920.21"
"2019-10-15","7,942.85"
"2019-10-14","7,842.33"
"2019-10-11","7,843.88"
"2019-10-10","7,740.36"
"2019-10-09","7,690.53"
"2019-10-08","7,604.27"
"2019-10-07","7,725.13"
"2019-10-04","7,754.10"
"2019-10-03","7,638.39"
"2019-10-02","7,550.79"
"2019-10-01","7,684.14"
"2019-09-30","7,749.45"
"2019-09-27","7,681.58"
"2019-09-26","7,771.99"
"2019-09-25","7,803.54"
"2019-09-24","7,710.04"
"2019-09-23","7,818.61"
"2019-09-20","7,823.55"
"2019-09-19","7,901.79"
"2019-09-18","7,888.56"
"2019-09-17","7,888.79"
"2019-09-16","7,852.41"
"2019-09-13","7,892.95"
"2019-09-12","7,917.34"
"2019-09-11","7,887.58"
"2019-09-10","7,814.74"
"2019-09-09","7,832.40"
"2019-09-06","7,852.54"
"2019-09-05","7,862.54"
"2019-09-04","7,719.25"
"2019-09-03","7,609.51"
"2019-08-30","7,691.00"
"2019-08-29","7,702.31"
"2019-08-28","7,587.90"
"2019-08-27","7,566.03"
"2019-08-26","7,575.02"
"2019-08-23","7,464.99"
"2019-08-22","7,707.43"
"2019-08-21","7,733.22"
"2019-08-20","7,664.47"
"2019-08-19","7,719.32"
"2019-08-16","7,604.11"
"2019-08-15","7,484.89"
"2019-08-14","7,490.13"
"2019-08-13","7,728.15"
"2019-08-12","7,561.68"
"2019-08-09","7,646.27"
"2019-08-08","7,724.83"
"2019-08-07","7,551.90"
"2019-08-06","7,521.32"
"2019-08-05","7,415.69"
"2019-08-02","7,692.80"
"2019-08-01","7,801.15"
"2019-07-31","7,848.78"
"2019-07-30","7,952.47"
"2019-07-29","7,989.08"
"2019-07-26","8,016.95"
"2019-07-25","7,929.87"
"2019-07-24","8,010.61"
"2019-07-23","7,954.56"
"2019-07-22","7,905.12"
"2019-07-19","7,834.90"
"2019-07-18","7,904.13"
"2019-07-17","7,888.76"
"2019-07-16","7,927.08"
"2019-07-15","7,966.93"
"2019-07-12","7,943.24"
"2019-07-11","7,896.78"
"2019-07-10","7,903.40"
"2019-07-09","7,826.86"
"2019-07-08","7,785.79"
"2019-07-05","7,841.30"
"2019-07-03","7,857.69"
"2019-07-02","7,799.82"
"2019-07-01","7,768.14"
"2019-06-28","7,671.08"
"2019-06-27","7,657.05"
"2019-06-26","7,627.05"
"2019-06-25","7,591.54"
"2019-06-24","7,723.02"
"2019-06-21","7,728.78"
"2019-06-20","7,738.05"
"2019-06-19","7,667.74"
"2019-06-18","7,635.40"
"2019-06-17","7,526.52"
"2019-06-14","7,479.11"
"2019-06-13","7,510.68"
"2019-06-12","7,472.29"
"2019-06-11","7,513.85"
"2019-06-10","7,501.93"
"2019-06-07","7,417.29"
"2019-06-06","7,275.93"
"2019-06-05","7,220.90"
"2019-06-04","7,166.75"
"2019-06-03","6,978.02"
"2019-05-31","7,127.96"
"2019-05-30","7,245.40"
"2019-05-29","7,216.86"
"2019-05-28","7,278.38"
"2019-05-24","7,300.96"
"2019-05-23","7,307.93"
"2019-05-22","7,420.66"
"2019-05-21","7,451.02"
"2019-05-20","7,376.70"
"2019-05-17","7,503.68"
"2019-05-16","7,580.14"
"2019-05-15","7,503.25"
"2019-05-14","7,401.88"
"2019-05-13","7,324.13"
"2019-05-10","7,586.53"
"2019-05-09","7,582.75"
"2019-05-08","7,617.55"
"2019-05-07","7,640.15"
"2019-05-06","7,794.09"
"2019-05-03","7,845.73"
"2019-05-02","7,724.06"
"2019-05-01","7,751.85"
"2019-04-30","7,781.46"
"2019-04-29","7,839.04"
"2019-04-26","7,826.68"
"2019-04-25","7,816.92"
"2019-04-24","7,784.41"
"2019-04-23","7,810.71"
"2019-04-22","7,713.49"
"2019-04-18","7,689.72"
"2019-04-17","7,680.72"
"2019-04-16","7,654.73"
"2019-04-15","7,629.12"
"2019-04-12","7,628.15"
"2019-04-11","7,594.89"
"2019-04-10","7,611.49"
"2019-04-09","7,568.49"
"2019-04-08","7,599.74"
"2019-04-05","7,578.84"
"2019-04-04","7,540.57"
"2019-04-03","7,544.97"
"2019-04-02","7,499.64"
"2019-04-01","7,478.42"
"2019-03-29","7,378.77"
"2019-03-28","7,320.47"
"2019-03-27","7,308.19"
"2019-03-26","7,351.15"
"2019-03-25","7,316.96"
"2019-03-22","7,326.06"
"2019-03-21","7,493.27"
"2019-03-20","7,380.75"
"2019-03-19","7,349.28"
"2019-03-18","7,326.28"
"2019-03-15","7,306.99"
"2019-03-14","7,243.01"
"2019-03-13","7,256.98"
"2019-03-12","7,201.28"
"2019-03-11","7,164.02"
"2019-03-08","7,015.69"
"2019-03-07","7,026.88"
"2019-03-06","7,112.47"
"2019-03-05","7,156.79"
"2019-03-04","7,150.83"
"2019-03-01","7,151.57"
"2019-02-28","7,097.53"
"2019-02-27","7,117.00"
"2019-02-26","7,123.22"
"2019-02-25","7,115.43"
"2019-02-22","7,090.63"
"2019-02-21","7,035.16"
"2019-02-20","7,062.34"
"2019-02-19","7,066.61"
"2019-02-15","7,055.18"
"2019-02-14","7,022.42"
"2019-02-13","7,015.88"
"2019-02-12","7,014.67"
"2019-02-11","6,909.18"
"2019-02-08","6,913.13"
"2019-02-07","6,904.98"
"2019-02-06","6,997.62"
"2019-02-05","7,023.52"
"2019-02-04","6,959.96"
"2019-02-01","6,875.52"
"2019-01-31","6,906.84"
"2019-01-30","6,807.91"
"2019-01-29","6,632.79"
"2019-01-28","6,697.09"
"2019-01-25","6,787.37"
"2019-01-24","6,702.55"
"2019-01-23","6,658.76"
"2019-01-22","6,646.81"
"2019-01-18","6,784.61"
"2019-01-17","6,718.45"
"2019-01-16","6,668.56"
"2019-01-15","6,669.64"
"2019-01-14","6,541.04"
"2019-01-11","6,601.40"
"2019-01-10","6,620.94"
"2019-01-09","6,600.69"
"2019-01-08","6,551.85"
"2019-01-07","6,488.25"
"2019-01-04","6,422.67"
"2019-01-03","6,147.13"
"2019-01-02","6,360.87"
"2018-12-31","6,329.97"
"2018-12-28","6,285.27"
"2018-12-27","6,288.30"
"2018-12-26","6,262.77"
"2018-12-24","5,899.35"
"2018-12-21","6,046.56"
"2018-12-20","6,243.19"
"2018-12-19","6,342.97"
"2018-12-18","6,491.52"
"2018-12-17","6,448.39"
"2018-12-14","6,594.96"
"2018-12-13","6,767.97"
"2018-12-12","6,763.96"
"2018-12-11","6,704.24"
"2018-12-10","6,682.74"
"2018-12-07","6,613.28"
"2018-12-06","6,838.85"
"2018-12-04","6,795.21"
"2018-12-03","7,062.13"
"2018-11-30","6,949.01"
"2018-11-29","6,892.40"
"2018-11-28","6,913.33"
"2018-11-27","6,701.04"
"2018-11-26","6,678.34"
"2018-11-23","6,527.35"
"2018-11-21","6,575.66"
"2018-11-20","6,526.96"
"2018-11-19","6,642.92"
"2018-11-16","6,867.02"
"2018-11-15","6,890.45"
"2018-11-14","6,769.87"
"2018-11-13","6,830.91"
"2018-11-12","6,829.10"
"2018-11-09","7,039.15"
"2018-11-08","7,158.59"
"2018-11-07","7,203.13"
"2018-11-06","6,988.85"
"2018-11-05","6,937.09"
"2018-11-02","6,965.29"
"2018-11-01","7,069.17"
"2018-10-31","6,967.10"
"2018-10-30","6,810.12"
"2018-10-29","6,713.90"
"2018-10-26","6,852.40"
"2018-10-25","7,016.39"
"2018-10-24","6,789.15"
"2018-10-23","7,118.67"
"2018-10-22","7,141.21"
"2018-10-19","7,107.23"
"2018-10-18","7,116.09"
"2018-10-17","7,278.63"
"2018-10-16","7,276.43"
"2018-10-15","7,068.67"
"2018-10-12","7,157.21"
"2018-10-11","6,964.03"
"2018-10-10","7,044.50"
"2018-10-09","7,371.62"
"2018-10-08","7,352.82"
"2018-10-05","7,399.01"
"2018-10-04","7,490.00"
"2018-10-03","7,637.43"
"2018-10-02","7,628.28"
"2018-10-01","7,645.45"
"2018-09-28","7,627.65"
"2018-09-27","7,629.57"
"2018-09-26","7,563.09"
"2018-09-25","7,563.19"
"2018-09-24","7,548.75"
"2018-09-21","7,531.07"
"2018-09-20","7,569.03"
"2018-09-19","7,490.32"
"2018-09-18","7,494.40"
"2018-09-17","7,434.73"
"2018-09-14","7,545.50"
"2018-09-13","7,561.69"
"2018-09-12","7,488.06"
"2018-09-11","7,507.87"
"2018-09-10","7,447.68"
"2018-09-07","7,430.26"
"2018-09-06","7,453.17"
"2018-09-05","7,523.26"
"2018-09-04","7,622.32"
"2018-08-31","7,654.55"
"2018-08-30","7,642.67"
"2018-08-29","7,660.18"
"2018-08-28","7,570.25"
"2018-08-27","7,559.13"
"2018-08-24","7,485.40"
"2018-08-23","7,413.84"
"2018-08-22","7,424.60"
"2018-08-21","7,397.23"
"2018-08-20","7,371.42"
"2018-08-17","7,377.54"
"2018-08-16","7,374.29"
"2018-08-15","7,354.66"
"2018-08-14","7,447.17"
"2018-08-13","7,401.17"
"2018-08-10","7,408.30"
"2018-08-09","7,466.96"
"2018-08-08","7,469.55"
"2018-08-07","7,462.65"
"2018-08-06","7,438.99"
"2018-08-03","7,395.49"
"2018-08-02","7,372.15"
"2018-08-01","7,272.89"
"2018-07-31","7,231.98"
"2018-07-30","7,193.10"
"2018-07-27","7,296.78"
"2018-07-26","7,400.75"
"2018-07-25","7,508.59"
"2018-07-24","7,406.25"
"2018-07-23","7,371.78"
"2018-07-20","7,350.23"
"2018-07-19","7,352.36"
"2018-07-18","7,390.13"
"2018-07-17","7,403.89"
"2018-07-16","7,357.90"
"2018-07-13","7,375.82"
"2018-07-12","7,366.25"
"2018-07-11","7,243.98"
"2018-07-10","7,282.60"
"2018-07-09","7,276.00"
"2018-07-06","7,207.33"
"2018-07-05","7,101.05"
"2018-07-03","7,014.55"
"2018-07-02","7,097.82"
"2018-06-29","7,040.80"
"2018-06-28","7,031.60"
"2018-06-27","6,969.67"
"2018-06-26","7,068.20"
"2018-06-25","7,038.17"
"2018-06-22","7,197.51"
"2018-06-21","7,217.49"
"2018-06-20","7,280.70"
"2018-06-19","7,228.04"
"2018-06-18","7,251.41"
"2018-06-15","7,255.76"
"2018-06-14","7,279.59"
"2018-06-13","7,205.26"
"2018-06-12","7,209.18"
"2018-06-11","7,168.48"
"2018-06-08","7,152.62"
"2018-06-07","7,152.83"
"2018-06-06","7,210.08"
"2018-06-05","7,166.75"
"2018-06-04","7,143.57"
"2018-06-01","7,083.93"
"2018-05-31","6,967.73"
"2018-05-30","6,976.37"
"2018-05-29","6,926.54"
"2018-05-25","6,960.92"
"2018-05-24","6,949.70"
"2018-05-23","6,953.63"
"2018-05-22","6,893.62"
"2018-05-21","6,905.53"
"2018-05-18","6,866.25"
"2018-05-17","6,901.63"
"2018-05-16","6,929.97"
"2018-05-15","6,888.54"
"2018-05-14","6,964.37"
"2018-05-11","6,952.56"
"2018-05-10","6,963.55"
"2018-05-09","6,893.21"
"2018-05-08","6,815.48"
"2018-05-07","6,821.87"
"2018-05-04","6,769.12"
"2018-05-03","6,643.48"
"2018-05-02","6,644.48"
"2018-05-01","6,681.96"
"2018-04-30","6,605.57"
"2018-04-27","6,656.35"
"2018-04-26","6,649.65"
"2018-04-25","6,513.94"
"2018-04-24","6,509.05"
"2018-04-23","6,648.80"
"2018-04-20","6,667.75"
"2018-04-19","6,774.89"
"2018-04-18","6,833.21"
"2018-04-17","6,816.37"
"2018-04-16","6,675.18"
"2018-04-13","6,628.34"
"2018-04-12","6,656.26"
"2018-04-11","6,583.44"
"2018-04-10","6,615.87"
"2018-04-09","6,472.34"
"2018-04-06","6,433.21"
"2018-04-05","6,594.84"
"2018-04-04","6,560.06"
"2018-04-03","6,458.83"
"2018-04-02","6,390.84"
"2018-03-29","6,581.13"
"2018-03-28","6,460.81"
"2018-03-27","6,529.84"
"2018-03-26","6,753.83"
"2018-03-23","6,508.09"
"2018-03-22","6,682.26"
"2018-03-21","6,853.45"
"2018-03-20","6,885.92"
"2018-03-19","6,864.88"
"2018-03-16","7,019.95"
"2018-03-15","7,030.97"
"2018-03-14","7,040.98"
"2018-03-13","7,046.51"
"2018-03-12","7,131.12"
"2018-03-09","7,101.18"
"2018-03-08","6,966.43"
"2018-03-07","6,929.39"
"2018-03-06","6,913.02"
"2018-03-05","6,881.28"
"2018-03-02","6,811.04"
"2018-03-01","6,750.54"
"2018-02-28","6,854.42"
"2018-02-27","6,900.35"
"2018-02-26","6,989.10"
"2018-02-23","6,896.60"
"2018-02-22","6,761.85"
"2018-02-21","6,759.26"
"2018-02-20","6,779.69"
"2018-02-16","6,770.66"
"2018-02-15","6,794.92"
"2018-02-14","6,675.03"
"2018-02-13","6,553.86"
"2018-02-12","6,523.85"
"2018-02-09","6,412.68"
"2018-02-08","6,306.10"
"2018-02-07","6,582.02"
"2018-02-06","6,665.98"
"2018-02-05","6,495.92"
"2018-02-02","6,760.29"
"2018-02-01","6,901.50"
"2018-01-31","6,949.99"
"2018-01-30","6,930.73"
"2018-01-29","6,988.32"
"2018-01-26","7,022.97"
"2018-01-25","6,916.30"
"2018-01-24","6,919.35"
"2018-01-23","6,963.46"
"2018-01-22","6,906.28"
"2018-01-19","6,834.33"
"2018-01-18","6,811.38"
"2018-01-17","6,810.28"
"2018-01-16","6,737.14"
"2018-01-12","6,758.54"
"2018-01-11","6,708.49"
"2018-01-10","6,662.66"
"2018-01-09","6,677.94"
"2018-01-08","6,676.63"
"2018-01-05","6,653.29"
"2018-01-04","6,584.58"
"2018-01-03","6,575.80"
"2018-01-02","6,511.34"
"2017-12-29","6,396.42"
"2017-12-28","6,441.42"
"2017-12-27","6,435.15"
"2017-12-26","6,433.16"
"2017-12-22","6,465.17"
"2017-12-21","6,472.69"
"2017-12-20","6,472.48"
"2017-12-19","6,480.67"
"2017-12-18","6,513.27"
"2017-12-15","6,466.32"
"2017-12-14","6,389.91"
"2017-12-13","6,394.67"
"2017-12-12","6,383.65"
"2017-12-11","6,393.89"
"2017-12-08","6,344.57"
"2017-12-07","6,316.28"
"2017-12-06","6,293.05"
"2017-12-05","6,265.11"
"2017-12-04","6,263.70"
"2017-12-01","6,337.87"
"2017-11-30","6,365.56"
"2017-11-29","6,311.38"
"2017-11-28","6,422.56"
"2017-11-27","6,405.97"
"2017-11-24","6,409.29"
"2017-11-22","6,386.12"
"2017-11-21","6,378.63"
"2017-11-20","6,308.61"
"2017-11-17","6,314.51"
"2017-11-16","6,339.14"
"2017-11-15","6,258.36"
"2017-11-14","6,293.64"
"2017-11-13","6,316.18"
"2017-11-10","6,309.07"
"2017-11-09","6,312.21"
"2017-11-08","6,345.81"
"2017-11-07","6,320.78"
"2017-11-06","6,313.61"
"2017-11-03","6,295.58"
"2017-11-02","6,236.39"
"2017-11-01","6,248.65"
"2017-10-31","6,248.56"
"2017-10-30","6,227.59"
"2017-10-27","6,213.47"
"2017-10-26","6,037.87"
"2017-10-25","6,055.04"
"2017-10-24","6,080.22"
"2017-10-23","6,067.83"
"2017-10-20","6,108.82"
"2017-10-19","6,092.62"
"2017-10-18","6,114.35"
"2017-10-17","6,122.61"
"2017-10-16","6,114.53"
"2017-10-13","6,092.45"
"2017-10-12","6,069.99"
"2017-10-11","6,081.25"
"2017-10-10","6,063.52"
"2017-10-09","6,058.53"
"2017-10-06","6,064.57"
"2017-10-05","6,057.14"
"2017-10-04","5,998.84"
"2017-10-03","5,995.06"
"2017-10-02","5,981.92"
"2017-09-29","5,979.30"
"2017-09-28","5,933.07"
"2017-09-27","5,937.79"
"2017-09-26","5,881.34"
"2017-09-25","5,867.35"
"2017-09-22","5,932.32"
"2017-09-21","5,934.91"
"2017-09-20","5,973.61"
"2017-09-19","5,991.08"
"2017-09-18","5,981.12"
"2017-09-15","5,988.00"
"2017-09-14","5,968.82"
"2017-09-13","6,004.38"
"2017-09-12","5,995.64"
"2017-09-11","5,980.53"
"2017-09-08","5,913.37"
"2017-09-07","5,964.31"
"2017-09-06","5,951.13"
"2017-09-05","5,932.73"
"2017-09-01","5,987.90"
"2017-08-31","5,988.60"
"2017-08-30","5,932.90"
"2017-08-29","5,862.14"
"2017-08-28","5,838.08"
"2017-08-25","5,822.53"
"2017-08-24","5,834.44"
"2017-08-23","5,851.78"
"2017-08-22","5,873.33"
"2017-08-21","5,786.54"
"2017-08-18","5,790.91"
"2017-08-17","5,796.32"
"2017-08-16","5,917.42"
"2017-08-15","5,907.73"
"2017-08-14","5,908.17"
"2017-08-11","5,831.53"
"2017-08-10","5,788.19"
"2017-08-09","5,919.39"
"2017-08-08","5,926.35"
"2017-08-07","5,934.73"
"2017-08-04","5,899.91"
"2017-08-03","5,891.20"
"2017-08-02","5,914.23"
"2017-08-01","5,895.17"
"2017-07-31","5,880.33"
"2017-07-28","5,908.92"
"2017-07-27","5,917.03"
"2017-07-26","5,950.73"
"2017-07-25","5,930.65"
"2017-07-24","5,941.37"
"2017-07-21","5,921.53"
"2017-07-20","5,921.22"
"2017-07-19","5,916.16"
"2017-07-18","5,880.10"
"2017-07-17","5,839.74"
"2017-07-14","5,838.08"
"2017-07-13","5,793.36"
"2017-07-12","5,778.95"
"2017-07-11","5,709.80"
"2017-07-10","5,694.15"
"2017-07-07","5,656.47"
"2017-07-06","5,597.90"
"2017-07-05","5,648.82"
"2017-07-03","5,596.96"
"2017-06-30","5,646.92"
"2017-06-29","5,653.02"
"2017-06-28","5,753.03"
"2017-06-27","5,671.60"
"2017-06-26","5,777.59"
"2017-06-23","5,803.11"
"2017-06-22","5,779.87"
"2017-06-21","5,782.39"
"2017-06-20","5,726.31"
"2017-06-19","5,772.22"
"2017-06-16","5,681.48"
"2017-06-15","5,700.89"
"2017-06-14","5,727.07"
"2017-06-13","5,751.82"
"2017-06-12","5,708.18"
"2017-06-09","5,741.94"
"2017-06-08","5,885.30"
"2017-06-07","5,877.59"
"2017-06-06","5,856.77"
"2017-06-05","5,878.12"
"2017-06-02","5,881.46"
"2017-06-01","5,816.51"
"2017-05-31","5,788.80"
"2017-05-30","5,794.63"
"2017-05-26","5,788.36"
"2017-05-25","5,778.37"
"2017-05-24","5,730.30"
"2017-05-23","5,703.35"
"2017-05-22","5,699.40"
"2017-05-19","5,651.56"
"2017-05-18","5,626.31"
"2017-05-17","5,580.55"
"2017-05-16","5,724.44"
"2017-05-15","5,704.48"
"2017-05-12","5,686.81"
"2017-05-11","5,674.22"
"2017-05-10","5,681.68"
"2017-05-09","5,678.31"
"2017-05-08","5,659.07"
"2017-05-05","5,646.09"
"2017-05-04","5,626.32"
"2017-05-03","5,625.16"
"2017-05-02","5,644.07"
"2017-05-01","5,629.63"
"2017-04-28","5,583.53"
"2017-04-27","5,571.28"
"2017-04-26","5,541.09"
"2017-04-25","5,548.19"
"2017-04-24","5,508.03"
"2017-04-21","5,442.05"
"2017-04-20","5,443.53"
"2017-04-19","5,399.64"
"2017-04-18","5,391.66"
"2017-04-17","5,399.20"
"2017-04-13","5,353.59"
"2017-04-12","5,377.03"
"2017-04-11","5,398.40"
"2017-04-10","5,421.68"
"2017-04-07","5,418.37"
"2017-04-06","5,420.88"
"2017-04-05","5,418.52"
"2017-04-04","5,440.41"
"2017-04-03","5,432.20"
"2017-03-31","5,436.23"
"2017-03-30","5,439.74"
"2017-03-29","5,430.27"
"2017-03-28","5,407.21"
"2017-03-27","5,374.27"
"2017-03-24","5,364.00"
"2017-03-23","5,355.14"
"2017-03-22","5,367.55"
"2017-03-21","5,332.53"
"2017-03-20","5,413.31"
"2017-03-17","5,408.76"
"2017-03-16","5,412.08"
"2017-03-15","5,416.25"
"2017-03-14","5,382.17"
"2017-03-13","5,394.57"
"2017-03-10","5,385.90"
"2017-03-09","5,363.98"
"2017-03-08","5,359.81"
"2017-03-07","5,351.28"
"2017-03-06","5,360.31"
"2017-03-03","5,373.48"
"2017-03-02","5,363.26"
"2017-03-01","5,390.99"
"2017-02-28","5,330.31"
"2017-02-27","5,347.55"
"2017-02-24","5,343.31"
"2017-02-23","5,332.37"
"2017-02-22","5,352.13"
"2017-02-21","5,350.73"
"2017-02-17","5,324.72"
"2017-02-16","5,300.64"
"2017-02-15","5,302.39"
"2017-02-14","5,271.07"
"2017-02-13","5,256.82"
"2017-02-10","5,226.69"
"2017-02-09","5,212.16"
"2017-02-08","5,196.58"
"2017-02-07","5,185.88"
"2017-02-06","5,167.96"
"2017-02-03","5,161.60"
"2017-02-02","5,147.70"
"2017-02-01","5,152.69"
"2017-01-31","5,116.77"
"2017-01-30","5,129.33"
"2017-01-27","5,168.06"
"2017-01-26","5,156.92"
"2017-01-25","5,151.47"
"2017-01-24","5,101.06"
"2017-01-23","5,065.70"
"2017-01-20","5,063.20"
"2017-01-19","5,051.17"
"2017-01-18","5,055.85"
"2017-01-17","5,044.65"
"2017-01-13","5,059.51"
"2017-01-12","5,041.43"
"2017-01-11","5,050.21"
"2017-01-10","5,035.17"
"2017-01-09","5,024.90"
"2017-01-06","5,007.08"
"2017-01-05","4,964.95"
"2017-01-04","4,937.21"
"2017-01-03","4,911.33"
"2016-12-30","4,863.62"
"2016-12-29","4,918.28"
"2016-12-28","4,926.29"
"2016-12-27","4,965.81"
"2016-12-23","4,940.02"
"2016-12-22","4,934.39"
"2016-12-21","4,948.91"
"2016-12-20","4,953.80"
"2016-12-19","4,934.85"
"2016-12-16","4,914.86"
"2016-12-15","4,933.41"
"2016-12-14","4,921.22"
"2016-12-13","4,935.84"
"2016-12-12","4,874.30"
"2016-12-09","4,895.90"
"2016-12-08","4,859.19"
"2016-12-07","4,851.94"
"2016-12-06","4,788.67"
"2016-12-05","4,778.14"
"2016-12-02","4,739.37"
"2016-12-01","4,734.10"
"2016-11-30","4,810.81"
"2016-11-29","4,873.21"
"2016-11-28","4,857.02"
"2016-11-25","4,870.02"
"2016-11-23","4,853.86"
"2016-11-22","4,873.84"
"2016-11-21","4,859.00"
"2016-11-18","4,808.04"
"2016-11-17","4,826.59"
"2016-11-16","4,792.27"
"2016-11-15","4,764.47"
"2016-11-14","4,702.04"
"2016-11-11","4,751.95"
"2016-11-10","4,747.03"
"2016-11-09","4,825.18"
"2016-11-08","4,804.92"
"2016-11-07","4,773.73"
"2016-11-04","4,660.46"
"2016-11-03","4,679.10"
"2016-11-02","4,726.91"
"2016-11-01","4,766.94"
"2016-10-31","4,801.27"
"2016-10-28","4,805.59"
"2016-10-27","4,836.45"
"2016-10-26","4,860.59"
"2016-10-25","4,891.45"
"2016-10-24","4,909.97"
"2016-10-21","4,851.86"
"2016-10-20","4,832.71"
"2016-10-19","4,836.61"
"2016-10-18","4,839.72"
"2016-10-17","4,796.17"
"2016-10-14","4,808.48"
"2016-10-13","4,803.10"
"2016-10-12","4,819.64"
"2016-10-11","4,821.91"
"2016-10-10","4,893.77"
"2016-10-07","4,864.52"
"2016-10-06","4,873.92"
"2016-10-05","4,877.75"
"2016-10-04","4,859.47"
"2016-10-03","4,866.63"
"2016-09-30","4,875.70"
"2016-09-29","4,838.30"
"2016-09-28","4,875.27"
"2016-09-27","4,866.71"
"2016-09-26","4,817.17"
"2016-09-23","4,858.91"
"2016-09-22","4,891.36"
"2016-09-21","4,853.75"
"2016-09-20","4,805.22"
"2016-09-19","4,796.07"
"2016-09-16","4,818.05"
"2016-09-15","4,819.90"
"2016-09-14","4,746.06"
"2016-09-13","4,722.85"
"2016-09-12","4,764.65"
"2016-09-09","4,681.54"
"2016-09-08","4,804.00"
"2016-09-07","4,831.86"
"2016-09-06","4,829.51"
"2016-09-02","4,798.74"
"2016-09-01","4,783.94"
"2016-08-31","4,771.05"
"2016-08-30","4,775.99"
"2016-08-29","4,791.09"
"2016-08-26","4,783.69"
"2016-08-25","4,775.43"
"2016-08-24","4,783.49"
"2016-08-23","4,818.48"
"2016-08-22","4,808.56"
"2016-08-19","4,806.14"
"2016-08-18","4,808.68"
"2016-08-17","4,805.45"
"2016-08-16","4,797.19"
"2016-08-15","4,827.12"
"2016-08-12","4,807.08"
"2016-08-11","4,803.31"
"2016-08-10","4,783.39"
"2016-08-09","4,795.75"
"2016-08-08","4,784.74"
"2016-08-05","4,791.21"
"2016-08-04","4,743.81"
"2016-08-03","4,734.33"
"2016-08-02","4,719.21"
"2016-08-01","4,756.04"
"2016-07-29","4,730.23"
"2016-07-28","4,721.41"
"2016-07-27","4,702.88"
"2016-07-26","4,672.11"
"2016-07-25","4,665.93"
"2016-07-22","4,666.07"
"2016-07-21","4,647.02"
"2016-07-20","4,657.20"
"2016-07-19","4,603.28"
"2016-07-18","4,619.68"
"2016-07-15","4,589.83"
"2016-07-14","4,596.49"
"2016-07-13","4,565.77"
"2016-07-12","4,577.61"
"2016-07-11","4,554.71"
"2016-07-08","4,528.36"
"2016-07-07","4,459.58"
"2016-07-06","4,444.70"
"2016-07-05","4,410.75"
"2016-07-01","4,437.45"
"2016-06-30","4,417.70"
"2016-06-29","4,364.74"
"2016-06-28","4,290.47"
"2016-06-27","4,201.05"
"2016-06-24","4,285.70"
"2016-06-23","4,467.48"
"2016-06-22","4,404.73"
"2016-06-21","4,413.40"
"2016-06-20","4,400.16"
"2016-06-17","4,374.38"
"2016-06-16","4,424.23"
"2016-06-15","4,409.51"
"2016-06-14","4,424.91"
"2016-06-13","4,422.76"
"2016-06-10","4,461.05"
"2016-06-09","4,512.69"
"2016-06-08","4,520.63"
"2016-06-07","4,513.09"
"2016-06-06","4,523.63"
"2016-06-03","4,509.79"
"2016-06-02","4,531.35"
"2016-06-01","4,520.07"
"2016-05-31","4,523.89"
"2016-05-27","4,512.54"
"2016-05-26","4,487.96"
"2016-05-25","4,476.43"
"2016-05-24","4,444.30"
"2016-05-23","4,355.10"
"2016-05-20","4,362.90"
"2016-05-19","4,315.58"
"2016-05-18","4,338.23"
"2016-05-17","4,322.56"
"2016-05-16","4,380.48"
"2016-05-13","4,326.53"
"2016-05-12","4,342.81"
"2016-05-11","4,361.03"
"2016-05-10","4,402.04"
"2016-05-09","4,341.23"
"2016-05-06","4,330.17"
"2016-05-05","4,309.48"
"2016-05-04","4,312.01"
"2016-05-03","4,341.39"
"2016-05-02","4,381.30"
"2016-04-29","4,341.30"
"2016-04-28","4,363.99"
"2016-04-27","4,416.63"
"2016-04-26","4,452.97"
"2016-04-25","4,474.13"
"2016-04-22","4,474.19"
"2016-04-21","4,540.80"
"2016-04-20","4,540.44"
"2016-04-19","4,537.09"
"2016-04-18","4,569.31"
"2016-04-15","4,543.16"
"2016-04-14","4,554.63"
"2016-04-13","4,554.72"
"2016-04-12","4,496.04"
"2016-04-11","4,458.71"
"2016-04-08","4,474.93"
"2016-04-07","4,475.29"
"2016-04-06","4,543.78"
"2016-04-05","4,470.75"
"2016-04-04","4,511.70"
"2016-04-01","4,532.08"
"2016-03-31","4,483.66"
"2016-03-30","4,490.88"
"2016-03-29","4,467.72"
"2016-03-28","4,398.07"
"2016-03-24","4,405.53"
"2016-03-23","4,402.56"
"2016-03-22","4,437.62"
"2016-03-21","4,426.98"
"2016-03-18","4,410.83"
"2016-03-17","4,400.26"
"2016-03-16","4,404.20"
"2016-03-15","4,367.08"
"2016-03-14","4,367.33"
"2016-03-11","4,361.83"
"2016-03-10","4,286.97"
"2016-03-09","4,293.23"
"2016-03-08","4,265.51"
"2016-03-07","4,303.33"
"2016-03-04","4,329.00"
"2016-03-03","4,325.86"
"2016-03-02","4,334.39"
"2016-03-01","4,333.61"
"2016-02-29","4,201.12"
"2016-02-26","4,235.62"
"2016-02-25","4,241.06"
"2016-02-24","4,200.66"
"2016-02-23","4,162.54"
"2016-02-22","4,231.27"
"2016-02-19","4,164.09"
"2016-02-18","4,151.49"
"2016-02-17","4,199.10"
"2016-02-16","4,104.33"
"2016-02-12","4,019.19"
"2016-02-11","3,962.22"
"2016-02-10","3,966.28"
"2016-02-09","3,947.80"
"2016-02-08","3,960.67"
"2016-02-05","4,024.47"
"2016-02-04","4,167.77"
"2016-02-03","4,171.97"
"2016-02-02","4,193.10"
"2016-02-01","4,286.56"
"2016-01-29","4,279.17"
"2016-01-28","4,186.06"
"2016-01-27","4,128.86"
"2016-01-26","4,233.85"
"2016-01-25","4,196.53"
"2016-01-22","4,259.77"
"2016-01-21","4,142.60"
"2016-01-20","4,136.28"
"2016-01-19","4,147.07"
"2016-01-15","4,141.08"
"2016-01-14","4,272.97"
"2016-01-13","4,183.12"
"2016-01-12","4,333.72"
"2016-01-11","4,283.55"
"2016-01-08","4,270.78"
"2016-01-07","4,305.72"
"2016-01-06","4,443.99"
"2016-01-05","4,484.18"
"2016-01-04","4,497.86"
"2015-12-31","4,593.27"
"2015-12-30","4,652.01"
"2015-12-29","4,691.08"
"2015-12-28","4,621.35"
"2015-12-24","4,622.77"
"2015-12-23","4,624.59"
"2015-12-22","4,589.26"
"2015-12-21","4,560.55"
"2015-12-18","4,514.83"
"2015-12-17","4,598.14"
"2015-12-16","4,664.56"
"2015-12-15","4,597.33"
"2015-12-14","4,570.16"
"2015-12-11","4,537.56"
"2015-12-10","4,643.05"
"2015-12-09","4,622.14"
"2015-12-08","4,694.77"
"2015-12-07","4,693.62"
"2015-12-04","4,716.12"
"2015-12-03","4,606.75"
"2015-12-02","4,686.22"
"2015-12-01","4,716.16"
"2015-11-30","4,664.51"
"2015-11-27","4,680.47"
"2015-11-25","4,672.88"
"2015-11-24","4,669.41"
"2015-11-23","4,674.79"
"2015-11-20","4,686.36"
"2015-11-19","4,655.35"
"2015-11-18","4,653.44"
"2015-11-17","4,565.82"
"2015-11-16","4,565.47"
"2015-11-13","4,502.14"
"2015-11-12","4,588.93"
"2015-11-11","4,636.94"
"2015-11-10","4,641.73"
"2015-11-09","4,655.52"
"2015-11-06","4,707.23"
"2015-11-05","4,702.90"
"2015-11-04","4,717.55"
"2015-11-03","4,719.05"
"2015-11-02","4,703.92"
"2015-10-30","4,648.83"
"2015-10-29","4,670.76"
"2015-10-28","4,678.58"
"2015-10-27","4,639.23"
"2015-10-26","4,630.85"
"2015-10-23","4,624.09"
"2015-10-22","4,503.22"
"2015-10-21","4,413.52"
"2015-10-20","4,438.18"
"2015-10-19","4,462.07"
"2015-10-16","4,438.62"
"2015-10-15","4,418.22"
"2015-10-14","4,346.92"
"2015-10-13","4,352.94"
"2015-10-12","4,382.56"
"2015-10-09","4,370.01"
"2015-10-08","4,350.15"
"2015-10-07","4,333.46"
"2015-10-06","4,306.70"
"2015-10-05","4,331.43"
"2015-10-02","4,267.45"
"2015-10-01","4,192.96"
"2015-09-30","4,181.06"
"2015-09-29","4,083.37"
"2015-09-28","4,103.47"
"2015-09-25","4,224.74"
"2015-09-24","4,261.10"
"2015-09-23","4,273.53"
"2015-09-22","4,274.10"
"2015-09-21","4,336.13"
"2015-09-18","4,323.86"
"2015-09-17","4,384.96"
"2015-09-16","4,383.67"
"2015-09-15","4,360.28"
"2015-09-14","4,308.76"
"2015-09-11","4,323.23"
"2015-09-10","4,296.30"
"2015-09-09","4,253.45"
"2015-09-08","4,303.53"
"2015-09-04","4,184.72"
"2015-09-03","4,234.65"
"2015-09-02","4,256.23"
"2015-09-01","4,142.63"
"2015-08-31","4,274.58"
"2015-08-28","4,329.12"
"2015-08-27","4,324.82"
"2015-08-26","4,219.60"
"2015-08-25","4,016.32"
"2015-08-24","4,038.60"
"2015-08-21","4,197.27"
"2015-08-20","4,385.13"
"2015-08-19","4,510.90"
"2015-08-18","4,542.07"
"2015-08-17","4,566.37"
"2015-08-14","4,530.74"
"2015-08-13","4,519.32"
"2015-08-12","4,528.19"
"2015-08-11","4,513.99"
"2015-08-10","4,573.11"
"2015-08-07","4,520.08"
"2015-08-06","4,528.51"
"2015-08-05","4,602.24"
"2015-08-04","4,567.47"
"2015-08-03","4,580.46"
"2015-07-31","4,588.91"
"2015-07-30","4,598.59"
"2015-07-29","4,581.60"
"2015-07-28","4,560.23"
"2015-07-27","4,519.09"
"2015-07-24","4,557.37"
"2015-07-23","4,602.83"
"2015-07-22","4,623.24"
"2015-07-21","4,674.41"
"2015-07-20","4,679.68"
"2015-07-17","4,661.60"
"2015-07-16","4,594.90"
"2015-07-15","4,528.36"
"2015-07-14","4,523.47"
"2015-07-13","4,494.47"
"2015-07-10","4,420.15"
"2015-07-09","4,352.03"
"2015-07-08","4,351.58"
"2015-07-07","4,429.06"
"2015-07-06","4,418.66"
"2015-07-02","4,433.39"
"2015-07-01","4,429.23"
"2015-06-30","4,396.76"
"2015-06-29","4,379.87"
"2015-06-26","4,484.28"
"2015-06-25","4,514.01"
"2015-06-24","4,524.60"
"2015-06-23","4,548.74"
"2015-06-22","4,544.04"
"2015-06-19","4,513.42"
"2015-06-18","4,531.85"
"2015-06-17","4,468.98"
"2015-06-16","4,455.90"
"2015-06-15","4,432.92"
"2015-06-12","4,453.79"
"2015-06-11","4,488.47"
"2015-06-10","4,485.46"
"2015-06-09","4,427.61"
"2015-06-08","4,431.51"
"2015-06-05","4,477.19"
"2015-06-04","4,487.03"
"2015-06-03","4,519.86"
"2015-06-02","4,508.89"
"2015-06-01","4,521.85"
"2015-05-29","4,508.25"
"2015-05-28","4,535.66"
"2015-05-27","4,546.06"
"2015-05-26","4,472.96"
"2015-05-22","4,527.16"
"2015-05-21","4,529.47"
"2015-05-20","4,505.30"
"2015-05-19","4,503.72"
"2015-05-18","4,512.95"
"2015-05-15","4,494.29"
"2015-05-14","4,495.04"
"2015-05-13","4,426.56"
"2015-05-12","4,420.65"
"2015-05-11","4,438.64"
"2015-05-08","4,458.65"
"2015-05-07","4,401.55"
"2015-05-06","4,379.75"
"2015-05-05","4,409.39"
"2015-05-04","4,482.61"
"2015-05-01","4,479.06"
"2015-04-30","4,414.25"
"2015-04-29","4,488.15"
"2015-04-28","4,515.27"
"2015-04-27","4,525.04"
"2015-04-24","4,536.78"
"2015-04-23","4,477.07"
"2015-04-22","4,460.81"
"2015-04-21","4,435.98"
"2015-04-20","4,417.40"
"2015-04-17","4,351.80"
"2015-04-16","4,418.83"
"2015-04-15","4,424.53"
"2015-04-14","4,397.64"
"2015-04-13","4,409.21"
"2015-04-10","4,422.02"
"2015-04-09","4,403.95"
"2015-04-08","4,375.96"
"2015-04-07","4,344.08"
"2015-04-06","4,350.98"
"2015-04-02","4,316.01"
"2015-04-01","4,311.26"
"2015-03-31","4,333.69"
"2015-03-30","4,382.82"
"2015-03-27","4,332.86"
"2015-03-26","4,315.26"
"2015-03-25","4,329.29"
"2015-03-24","4,430.99"
"2015-03-23","4,445.54"
"2015-03-20","4,458.54"
"2015-03-19","4,426.82"
"2015-03-18","4,422.50"
"2015-03-17","4,375.63"
"2015-03-16","4,370.47"
"2015-03-13","4,314.90"
"2015-03-12","4,336.23"
"2015-03-11","4,305.38"
"2015-03-10","4,329.08"
"2015-03-09","4,412.99"
"2015-03-06","4,399.23"
"2015-03-05","4,452.06"
"2015-03-04","4,445.36"
"2015-03-03","4,458.78"
"2015-03-02","4,483.05"
"2015-02-27","4,440.67"
"2015-02-26","4,462.27"
"2015-02-25","4,440.59"
"2015-02-24","4,451.03"
"2015-02-23","4,449.49"
"2015-02-20","4,443.05"
"2015-02-19","4,411.86"
"2015-02-18","4,390.91"
"2015-02-17","4,385.34"
"2015-02-13","4,384.03"
"2015-02-12","4,347.97"
"2015-02-11","4,297.28"
"2015-02-10","4,281.16"
"2015-02-09","4,216.09"
"2015-02-06","4,228.68"
"2015-02-05","4,256.18"
"2015-02-04","4,221.20"
"2015-02-03","4,229.15"
"2015-02-02","4,188.59"
"2015-01-30","4,148.43"
"2015-01-29","4,181.35"
"2015-01-28","4,140.38"
"2015-01-27","4,165.50"
"2015-01-26","4,275.72"
"2015-01-23","4,278.14"
"2015-01-22","4,270.36"
"2015-01-21","4,192.09"
"2015-01-20","4,171.21"
"2015-01-16","4,142.14"
"2015-01-15","4,089.65"
"2015-01-14","4,145.84"
"2015-01-13","4,166.20"
"2015-01-12","4,169.97"
"2015-01-09","4,213.28"
"2015-01-08","4,240.55"
"2015-01-07","4,160.00"
"2015-01-06","4,110.83"
"2015-01-05","4,160.96"
"2015-01-02","4,230.24"
"2014-12-31","4,236.28"
"2014-12-30","4,282.35"
"2014-12-29","4,312.64"
"2014-12-26","4,314.09"
"2014-12-24","4,283.10"
"2014-12-23","4,279.30"
"2014-12-22","4,293.67"
"2014-12-19","4,281.78"
"2014-12-18","4,267.77"
"2014-12-17","4,165.10"
"2014-12-16","4,089.60"
"2014-12-15","4,157.41"
"2014-12-12","4,199.28"
"2014-12-11","4,246.48"
"2014-12-10","4,224.87"
"2014-12-09","4,294.67"
"2014-12-08","4,278.34"
"2014-12-05","4,311.57"
"2014-12-04","4,311.93"
"2014-12-03","4,312.93"
"2014-12-02","4,305.96"
"2014-12-01","4,287.81"
"2014-11-28","4,337.79"
"2014-11-26","4,317.99"
"2014-11-25","4,288.23"
"2014-11-24","4,284.32"
"2014-11-21","4,251.32"
"2014-11-20","4,242.09"
"2014-11-19","4,222.66"
"2014-11-18","4,242.19"
"2014-11-17","4,213.79"
"2014-11-14","4,224.99"
"2014-11-13","4,213.48"
"2014-11-12","4,195.40"
"2014-11-11","4,187.16"
"2014-11-10","4,175.95"
"2014-11-07","4,160.50"
"2014-11-06","4,164.08"
"2014-11-05","4,153.27"
"2014-11-04","4,156.23"
"2014-11-03","4,169.28"
"2014-10-31","4,158.21"
"2014-10-30","4,100.64"
"2014-10-29","4,090.55"
"2014-10-28","4,106.63"
"2014-10-27","4,046.02"
"2014-10-24","4,042.02"
"2014-10-23","4,012.27"
"2014-10-22","3,949.59"
"2014-10-21","3,971.39"
"2014-10-20","3,870.08"
"2014-10-17","3,815.47"
"2014-10-16","3,765.28"
"2014-10-15","3,785.97"
"2014-10-14","3,810.45"
"2014-10-13","3,808.00"
"2014-10-10","3,870.86"
"2014-10-09","3,969.32"
"2014-10-08","4,041.12"
"2014-10-07","3,958.59"
"2014-10-06","4,016.27"
"2014-10-03","4,027.31"
"2014-10-02","3,985.87"
"2014-10-01","3,984.74"
"2014-09-30","4,049.45"
"2014-09-29","4,047.18"
"2014-09-26","4,053.72"
"2014-09-25","4,007.82"
"2014-09-24","4,094.31"
"2014-09-23","4,051.57"
"2014-09-22","4,061.23"
"2014-09-19","4,100.09"
"2014-09-18","4,103.08"
"2014-09-17","4,073.57"
"2014-09-16","4,067.27"
"2014-09-15","4,029.89"
"2014-09-12","4,069.23"
"2014-09-11","4,092.65"
"2014-09-10","4,094.97"
"2014-09-09","4,061.88"
"2014-09-08","4,095.47"
"2014-09-05","4,089.92"
"2014-09-04","4,066.13"
"2014-09-03","4,070.96"
"2014-09-02","4,095.81"
"2014-08-29","4,082.56"
"2014-08-28","4,066.27"
"2014-08-27","4,073.18"
"2014-08-26","4,071.67"
"2014-08-25","4,067.48"
"2014-08-22","4,052.75"
"2014-08-21","4,047.03"
"2014-08-20","4,040.71"
"2014-08-19","4,040.13"
"2014-08-18","4,020.50"
"2014-08-15","3,987.51"
"2014-08-14","3,969.11"
"2014-08-13","3,949.20"
"2014-08-12","3,905.23"
"2014-08-11","3,910.46"
"2014-08-08","3,888.09"
"2014-08-07","3,857.94"
"2014-08-06","3,874.27"
"2014-08-05","3,874.94"
"2014-08-04","3,908.77"
"2014-08-01","3,879.67"
"2014-07-31","3,892.50"
"2014-07-30","3,976.07"
"2014-07-29","3,959.03"
"2014-07-28","3,967.24"
"2014-07-25","3,965.17"
"2014-07-24","3,983.19"
"2014-07-23","3,986.19"
"2014-07-22","3,961.62"
"2014-07-21","3,934.14"
"2014-07-18","3,939.89"
"2014-07-17","3,878.01"
"2014-07-16","3,932.33"
"2014-07-15","3,914.46"
"2014-07-14","3,929.46"
"2014-07-11","3,904.58"
"2014-07-10","3,880.04"
"2014-07-09","3,892.91"
"2014-07-08","3,864.07"
"2014-07-07","3,910.71"
"2014-07-03","3,923.01"
"2014-07-02","3,899.27"
"2014-07-01","3,894.33"
"2014-06-30","3,849.48"
"2014-06-27","3,844.44"
"2014-06-26","3,826.91"
"2014-06-25","3,827.33"
"2014-06-24","3,799.53"
"2014-06-23","3,805.31"
"2014-06-20","3,802.64"
"2014-06-19","3,800.80"
"2014-06-18","3,804.61"
"2014-06-17","3,781.32"
"2014-06-16","3,779.93"
"2014-06-13","3,775.56"
"2014-06-12","3,763.80"
"2014-06-11","3,797.85"
"2014-06-10","3,800.86"
"2014-06-09","3,795.74"
"2014-06-06","3,794.57"
"2014-06-05","3,776.95"
"2014-06-04","3,743.59"
"2014-06-03","3,730.07"
"2014-06-02","3,732.96"
"2014-05-30","3,736.82"
"2014-05-29","3,735.72"
"2014-05-28","3,712.26"
"2014-05-27","3,723.07"
"2014-05-23","3,677.33"
"2014-05-22","3,650.86"
"2014-05-21","3,635.61"
"2014-05-20","3,600.31"
"2014-05-19","3,615.62"
"2014-05-16","3,587.20"
"2014-05-15","3,565.17"
"2014-05-14","3,593.25"
"2014-05-13","3,611.13"
"2014-05-12","3,612.73"
"2014-05-09","3,555.70"
"2014-05-08","3,540.42"
"2014-05-07","3,546.47"
"2014-05-06","3,556.51"
"2014-05-05","3,605.09"
"2014-05-02","3,587.64"
"2014-05-01","3,594.36"
"2014-04-30","3,582.02"
"2014-04-29","3,573.99"
"2014-04-28","3,545.03"
"2014-04-25","3,533.10"
"2014-04-24","3,591.03"
"2014-04-23","3,557.04"
"2014-04-22","3,588.81"
"2014-04-21","3,559.95"
"2014-04-17","3,534.53"
"2014-04-16","3,533.09"
"2014-04-15","3,487.85"
"2014-04-14","3,474.63"
"2014-04-11","3,446.85"
"2014-04-10","3,487.76"
"2014-04-09","3,600.44"
"2014-04-08","3,538.23"
"2014-04-07","3,507.75"
"2014-04-04","3,539.38"
"2014-04-03","3,637.58"
"2014-04-02","3,665.99"
"2014-04-01","3,658.40"
"2014-03-31","3,595.74"
"2014-03-28","3,571.49"
"2014-03-27","3,563.13"
"2014-03-26","3,582.89"
"2014-03-25","3,629.73"
"2014-03-24","3,617.39"
"2014-03-21","3,653.07"
"2014-03-20","3,693.97"
"2014-03-19","3,682.74"
"2014-03-18","3,706.62"
"2014-03-17","3,662.51"
"2014-03-14","3,627.87"
"2014-03-13","3,651.49"
"2014-03-12","3,707.06"
"2014-03-11","3,691.50"
"2014-03-10","3,706.34"
"2014-03-07","3,703.40"
"2014-03-06","3,720.93"
"2014-03-05","3,727.19"
"2014-03-04","3,719.93"
"2014-03-03","3,668.37"
"2014-02-28","3,696.10"
"2014-02-27","3,699.80"
"2014-02-26","3,676.60"
"2014-02-25","3,679.14"
"2014-02-24","3,685.81"
"2014-02-21","3,662.60"
"2014-02-20","3,671.93"
"2014-02-19","3,652.85"
"2014-02-18","3,679.43"
"2014-02-14","3,663.88"
"2014-02-13","3,659.56"
"2014-02-12","3,627.36"
"2014-02-11","3,621.72"
"2014-02-10","3,582.11"
"2014-02-07","3,561.91"
"2014-02-06","3,497.60"
"2014-02-05","3,454.90"
"2014-02-04","3,470.20"
"2014-02-03","3,440.50"
"2014-01-31","3,521.92"
"2014-01-30","3,532.41"
"2014-01-29","3,467.82"
"2014-01-28","3,505.72"
"2014-01-27","3,509.02"
"2014-01-24","3,541.48"
"2014-01-23","3,613.76"
"2014-01-22","3,627.72"
"2014-01-21","3,617.70"
"2014-01-17","3,591.25"
"2014-01-16","3,611.29"
"2014-01-15","3,609.84"
"2014-01-14","3,580.65"
"2014-01-13","3,512.80"
"2014-01-10","3,565.08"
"2014-01-09","3,552.58"
"2014-01-08","3,567.54"
"2014-01-07","3,557.85"
"2014-01-06","3,526.96"
"2014-01-03","3,538.73"
"2014-01-02","3,563.57"
"2013-12-31","3,592.00"
"2013-12-30","3,570.08"
"2013-12-27","3,574.02"
"2013-12-26","3,584.58"
"2013-12-24","3,572.80"
"2013-12-23","3,569.40"
"2013-12-20","3,531.19"
"2013-12-19","3,498.63"
"2013-12-18","3,509.63"
"2013-12-17","3,469.32"
"2013-12-16","3,475.79"
"2013-12-13","3,456.40"
"2013-12-12","3,460.29"
"2013-12-11","3,468.99"
"2013-12-10","3,514.20"
"2013-12-09","3,516.17"
"2013-12-06","3,504.26"
"2013-12-05","3,477.73"
"2013-12-04","3,483.01"
"2013-12-03","3,479.34"
"2013-12-02","3,481.15"
"2013-11-29","3,487.82"
"2013-11-27","3,470.48"
"2013-11-26","3,445.76"
"2013-11-25","3,427.49"
"2013-11-22","3,422.02"
"2013-11-21","3,402.74"
"2013-11-20","3,367.17"
"2013-11-19","3,378.13"
"2013-11-18","3,388.87"
"2013-11-15","3,422.58"
"2013-11-14","3,415.14"
"2013-11-13","3,405.56"
"2013-11-12","3,365.23"
"2013-11-11","3,362.98"
"2013-11-08","3,366.84"
"2013-11-07","3,321.41"
"2013-11-06","3,385.38"
"2013-11-05","3,388.82"
"2013-11-04","3,384.75"
"2013-11-01","3,379.76"
"2013-10-31","3,377.73"
"2013-10-30","3,385.38"
"2013-10-29","3,391.75"
"2013-10-28","3,382.68"
"2013-10-25","3,383.83"
"2013-10-24","3,362.38"
"2013-10-23","3,346.05"
"2013-10-22","3,366.93"
"2013-10-21","3,361.18"
"2013-10-18","3,353.88"
"2013-10-17","3,301.28"
"2013-10-16","3,281.67"
"2013-10-15","3,244.66"
"2013-10-14","3,256.02"
"2013-10-11","3,233.83"
"2013-10-10","3,210.84"
"2013-10-09","3,142.54"
"2013-10-08","3,153.87"
"2013-10-07","3,215.69"
"2013-10-04","3,242.57"
"2013-10-03","3,213.83"
"2013-10-02","3,253.26"
"2013-10-01","3,253.05"
"2013-09-30","3,218.20"
"2013-09-27","3,230.30"
"2013-09-26","3,234.04"
"2013-09-25","3,208.55"
"2013-09-24","3,218.66"
"2013-09-23","3,219.34"
"2013-09-20","3,224.73"
"2013-09-19","3,237.61"
"2013-09-18","3,231.31"
"2013-09-17","3,190.83"
"2013-09-16","3,168.69"
"2013-09-13","3,178.28"
"2013-09-12","3,175.57"
"2013-09-11","3,179.86"
"2013-09-10","3,185.07"
"2013-09-09","3,169.93"
"2013-09-06","3,133.38"
"2013-09-05","3,129.94"
"2013-09-04","3,124.54"
"2013-09-03","3,091.76"
"2013-08-30","3,073.81"
"2013-08-29","3,093.36"
"2013-08-28","3,072.17"
"2013-08-27","3,059.58"
"2013-08-26","3,122.67"
"2013-08-23","3,124.27"
"2013-08-22","3,101.82"
"2013-08-21","3,071.47"
"2013-08-20","3,082.17"
"2013-08-19","3,069.76"
"2013-08-16","3,073.91"
"2013-08-15","3,076.23"
"2013-08-14","3,129.45"
"2013-08-13","3,141.06"
"2013-08-12","3,125.93"
"2013-08-09","3,118.57"
"2013-08-08","3,130.13"
"2013-08-07","3,118.69"
"2013-08-06","3,122.20"
"2013-08-05","3,143.19"
"2013-08-02","3,143.52"
"2013-08-01","3,126.30"
"2013-07-31","3,090.19"
"2013-07-30","3,085.33"
"2013-07-29","3,068.95"
"2013-07-26","3,076.23"
"2013-07-25","3,061.67"
"2013-07-24","3,041.16"
"2013-07-23","3,031.40"
"2013-07-22","3,055.23"
"2013-07-19","3,044.93"
"2013-07-18","3,077.82"
"2013-07-17","3,085.28"
"2013-07-16","3,077.47"
"2013-07-15","3,079.85"
"2013-07-12","3,079.07"
"2013-07-11","3,059.46"
"2013-07-10","3,000.66"
"2013-07-09","2,984.32"
"2013-07-08","2,966.13"
"2013-07-05","2,963.22"
"2013-07-03","2,941.41"
"2013-07-02","2,929.63"
"2013-07-01","2,927.35"
"2013-06-28","2,909.60"
"2013-06-27","2,906.84"
"2013-06-26","2,893.85"
"2013-06-25","2,866.50"
"2013-06-24","2,848.20"
"2013-06-21","2,877.94"
"2013-06-20","2,890.33"
"2013-06-19","2,959.50"
"2013-06-18","2,996.09"
"2013-06-17","2,971.26"
"2013-06-14","2,943.86"
"2013-06-13","2,962.90"
"2013-06-12","2,926.14"
"2013-06-11","2,959.84"
"2013-06-10","2,990.49"
"2013-06-07","2,990.87"
"2013-06-06","2,950.30"
"2013-06-05","2,937.14"
"2013-06-04","2,973.69"
"2013-06-03","2,990.79"
"2013-05-31","2,981.76"
"2013-05-30","3,011.83"
"2013-05-29","2,994.82"
"2013-05-28","3,011.94"
"2013-05-24","2,991.02"
"2013-05-23","2,991.45"
"2013-05-22","2,999.13"
"2013-05-21","3,026.45"
"2013-05-20","3,020.97"
"2013-05-17","3,028.96"
"2013-05-16","2,999.34"
"2013-05-15","3,002.62"
"2013-05-14","2,996.05"
"2013-05-13","2,982.09"
"2013-05-10","2,981.02"
"2013-05-09","2,961.12"
"2013-05-08","2,968.24"
"2013-05-07","2,952.88"
"2013-05-06","2,955.36"
"2013-05-03","2,944.59"
"2013-05-02","2,911.14"
"2013-05-01","2,873.35"
"2013-04-30","2,887.44"
"2013-04-29","2,866.95"
"2013-04-26","2,840.55"
"2013-04-25","2,848.66"
"2013-04-24","2,834.12"
"2013-04-23","2,835.37"
"2013-04-22","2,810.07"
"2013-04-19","2,780.46"
"2013-04-18","2,741.95"
"2013-04-17","2,781.98"
"2013-04-16","2,838.41"
"2013-04-15","2,797.47"
"2013-04-12","2,856.48"
"2013-04-11","2,859.07"
"2013-04-10","2,859.21"
"2013-04-09","2,804.67"
"2013-04-08","2,786.13"
"2013-04-05","2,771.75"
"2013-04-04","2,794.92"
"2013-04-03","2,795.04"
"2013-04-02","2,820.62"
"2013-04-01","2,797.07"
"2013-03-28","2,818.69"
"2013-03-27","2,809.98"
"2013-03-26","2,806.50"
"2013-03-25","2,789.45"
"2013-03-22","2,800.81"
"2013-03-21","2,774.85"
"2013-03-20","2,805.91"
"2013-03-19","2,787.27"
"2013-03-18","2,792.30"
"2013-03-15","2,799.41"
"2013-03-14","2,807.30"
"2013-03-13","2,798.68"
"2013-03-12","2,800.81"
"2013-03-11","2,811.86"
"2013-03-08","2,804.11"
"2013-03-07","2,799.49"
"2013-03-06","2,792.56"
"2013-03-05","2,799.25"
"2013-03-04","2,759.53"
"2013-03-01","2,747.75"
"2013-02-28","2,738.58"
"2013-02-27","2,741.26"
"2013-02-26","2,713.02"
"2013-02-25","2,700.97"
"2013-02-22","2,737.28"
"2013-02-21","2,711.51"
"2013-02-20","2,739.99"
"2013-02-19","2,782.86"
"2013-02-15","2,764.67"
"2013-02-14","2,771.43"
"2013-02-13","2,773.77"
"2013-02-12","2,762.62"
"2013-02-11","2,774.64"
"2013-02-08","2,775.56"
"2013-02-07","2,746.50"
"2013-02-06","2,746.35"
"2013-02-05","2,754.99"
"2013-02-04","2,715.68"
"2013-02-01","2,763.96"
"2013-01-31","2,731.53"
"2013-01-30","2,738.71"
"2013-01-29","2,743.58"
"2013-01-28","2,742.43"
"2013-01-25","2,736.73"
"2013-01-24","2,723.53"
"2013-01-23","2,762.17"
"2013-01-22","2,746.19"
"2013-01-18","2,743.24"
"2013-01-17","2,747.15"
"2013-01-16","2,734.73"
"2013-01-15","2,722.98"
"2013-01-14","2,735.70"
"2013-01-11","2,748.26"
"2013-01-10","2,744.18"
"2013-01-09","2,727.65"
"2013-01-08","2,718.72"
"2013-01-07","2,724.22"
"2013-01-04","2,724.49"
"2013-01-03","2,732.26"
"2013-01-02","2,746.47"
"2012-12-31","2,660.93"
"2012-12-28","2,606.36"
"2012-12-27","2,632.94"
"2012-12-26","2,637.18"
"2012-12-24","2,658.05"
"2012-12-21","2,664.67"
"2012-12-20","2,693.55"
"2012-12-19","2,690.99"
"2012-12-18","2,705.39"
"2012-12-17","2,664.26"
"2012-12-14","2,628.09"
"2012-12-13","2,654.01"
"2012-12-12","2,674.57"
"2012-12-11","2,682.07"
"2012-12-10","2,647.57"
"2012-12-07","2,640.54"
"2012-12-06","2,656.30"
"2012-12-05","2,637.89"
"2012-12-04","2,667.89"
"2012-12-03","2,671.84"
"2012-11-30","2,677.88"
"2012-11-29","2,680.03"
"2012-11-28","2,665.27"
"2012-11-27","2,641.42"
"2012-11-26","2,651.67"
"2012-11-23","2,639.59"
"2012-11-21","2,600.48"
"2012-11-20","2,594.66"
"2012-11-19","2,595.83"
"2012-11-16","2,534.16"
"2012-11-15","2,524.36"
"2012-11-14","2,531.87"
"2012-11-13","2,561.86"
"2012-11-12","2,582.77"
"2012-11-09","2,584.10"
"2012-11-08","2,572.57"
"2012-11-07","2,612.69"
"2012-11-06","2,681.05"
"2012-11-05","2,672.91"
"2012-11-02","2,656.28"
"2012-11-01","2,687.52"
"2012-10-31","2,647.92"
"2012-10-26","2,665.83"
"2012-10-25","2,657.66"
"2012-10-24","2,655.55"
"2012-10-23","2,666.02"
"2012-10-22","2,694.56"
"2012-10-19","2,678.32"
"2012-10-18","2,744.17"
"2012-10-17","2,775.62"
"2012-10-16","2,778.38"
"2012-10-15","2,739.87"
"2012-10-12","2,720.14"
"2012-10-11","2,719.21"
"2012-10-10","2,728.54"
"2012-10-09","2,741.92"
"2012-10-08","2,786.92"
"2012-10-05","2,811.94"
"2012-10-04","2,828.60"
"2012-10-03","2,818.84"
"2012-10-02","2,799.29"
"2012-10-01","2,794.28"
"2012-09-28","2,799.19"
"2012-09-27","2,821.60"
"2012-09-26","2,781.63"
"2012-09-25","2,804.53"
"2012-09-24","2,843.98"
"2012-09-21","2,861.64"
"2012-09-20","2,861.70"
"2012-09-19","2,864.03"
"2012-09-18","2,857.38"
"2012-09-17","2,856.44"
"2012-09-14","2,855.23"
"2012-09-13","2,831.35"
"2012-09-12","2,791.68"
"2012-09-11","2,784.89"
"2012-09-10","2,788.35"
"2012-09-07","2,825.11"
"2012-09-06","2,829.71"
"2012-09-05","2,766.95"
"2012-09-04","2,772.03"
"2012-08-31","2,772.24"
"2012-08-30","2,753.74"
"2012-08-29","2,784.00"
"2012-08-28","2,782.69"
"2012-08-27","2,782.55"
"2012-08-24","2,778.05"
"2012-08-23","2,762.02"
"2012-08-22","2,783.42"
"2012-08-21","2,772.20"
"2012-08-20","2,784.33"
"2012-08-17","2,780.30"
"2012-08-16","2,768.09"
"2012-08-15","2,735.47"
"2012-08-14","2,727.79"
"2012-08-13","2,728.68"
"2012-08-10","2,722.96"
"2012-08-09","2,719.61"
"2012-08-08","2,714.02"
"2012-08-07","2,717.16"
"2012-08-06","2,694.09"
"2012-08-03","2,676.00"
"2012-08-02","2,625.52"
"2012-08-01","2,635.13"
"2012-07-31","2,642.53"
"2012-07-30","2,642.12"
"2012-07-27","2,647.03"
"2012-07-26","2,584.85"
"2012-07-25","2,549.20"
"2012-07-24","2,567.46"
"2012-07-23","2,589.93"
"2012-07-20","2,618.04"
"2012-07-19","2,655.81"
"2012-07-18","2,625.87"
"2012-07-17","2,591.65"
"2012-07-16","2,577.05"
"2012-07-13","2,584.97"
"2012-07-12","2,545.30"
"2012-07-11","2,570.99"
"2012-07-10","2,585.52"
"2012-07-09","2,610.31"
"2012-07-06","2,612.29"
"2012-07-05","2,647.47"
"2012-07-03","2,645.84"
"2012-07-02","2,625.03"
"2012-06-29","2,615.72"
"2012-06-28","2,536.65"
"2012-06-27","2,565.53"
"2012-06-26","2,549.84"
"2012-06-25","2,533.54"
"2012-06-22","2,585.53"
"2012-06-21","2,556.96"
"2012-06-20","2,623.33"
"2012-06-19","2,620.83"
"2012-06-18","2,592.52"
"2012-06-15","2,571.23"
"2012-06-14","2,539.97"
"2012-06-13","2,527.44"
"2012-06-12","2,546.20"
"2012-06-11","2,517.18"
"2012-06-08","2,559.21"
"2012-06-07","2,535.41"
"2012-06-06","2,546.32"
"2012-06-05","2,487.50"
"2012-06-04","2,478.13"
"2012-06-01","2,458.83"
"2012-05-31","2,524.87"
"2012-05-30","2,537.40"
"2012-05-29","2,558.97"
"2012-05-25","2,527.05"
"2012-05-24","2,531.35"
"2012-05-23","2,547.08"
"2012-05-22","2,539.20"
"2012-05-21","2,545.43"
"2012-05-18","2,478.53"
"2012-05-17","2,509.05"
"2012-05-16","2,561.56"
"2012-05-15","2,580.75"
"2012-05-14","2,590.28"
"2012-05-11","2,615.98"
"2012-05-10","2,616.24"
"2012-05-09","2,621.35"
"2012-05-08","2,629.87"
"2012-05-07","2,639.28"
"2012-05-04","2,637.92"
"2012-05-03","2,704.59"
"2012-05-02","2,734.77"
"2012-05-01","2,726.92"
"2012-04-30","2,723.68"
"2012-04-27","2,741.34"
"2012-04-26","2,725.23"
"2012-04-25","2,709.62"
"2012-04-24","2,638.73"
"2012-04-23","2,653.50"
"2012-04-20","2,676.04"
"2012-04-19","2,686.82"
"2012-04-18","2,716.14"
"2012-04-17","2,723.58"
"2012-04-16","2,670.10"
"2012-04-13","2,698.99"
"2012-04-12","2,740.26"
"2012-04-11","2,708.13"
"2012-04-10","2,695.12"
"2012-04-09","2,739.98"
"2012-04-05","2,762.50"
"2012-04-04","2,745.00"
"2012-04-03","2,782.78"
"2012-04-02","2,784.42"
"2012-03-30","2,755.27"
"2012-03-29","2,762.05"
"2012-03-28","2,770.97"
"2012-03-27","2,782.12"
"2012-03-26","2,778.02"
"2012-03-23","2,728.55"
"2012-03-22","2,731.50"
"2012-03-21","2,736.88"
"2012-03-20","2,737.63"
"2012-03-19","2,733.26"
"2012-03-16","2,712.78"
"2012-03-15","2,714.79"
"2012-03-14","2,708.41"
"2012-03-13","2,697.43"
"2012-03-12","2,646.85"
"2012-03-09","2,646.85"
"2012-03-08","2,637.18"
"2012-03-07","2,607.85"
"2012-03-06","2,588.95"
"2012-03-05","2,614.92"
"2012-03-02","2,641.58"
"2012-03-01","2,643.54"
"2012-02-29","2,623.10"
"2012-02-28","2,633.46"
"2012-02-27","2,606.76"
"2012-02-24","2,604.21"
"2012-02-23","2,594.93"
"2012-02-22","2,579.78"
"2012-02-21","2,590.24"
"2012-02-17","2,584.24"
"2012-02-16","2,592.29"
"2012-02-15","2,556.01"
"2012-02-14","2,575.24"
"2012-02-13","2,569.49"
"2012-02-10","2,547.32"
"2012-02-09","2,563.93"
"2012-02-08","2,545.72"
"2012-02-07","2,532.06"
"2012-02-06","2,528.30"
"2012-02-03","2,529.17"
"2012-02-02","2,495.83"
"2012-02-01","2,488.18"
"2012-01-31","2,467.95"
"2012-01-30","2,465.32"
"2012-01-27","2,461.77"
"2012-01-26","2,454.63"
"2012-01-25","2,465.66"
"2012-01-24","2,433.96"
"2012-01-23","2,437.22"
"2012-01-20","2,437.02"
"2012-01-19","2,441.70"
"2012-01-18","2,425.96"
"2012-01-17","2,393.24"
"2012-01-13","2,371.98"
"2012-01-12","2,381.99"
"2012-01-11","2,372.25"
"2012-01-10","2,367.38"
"2012-01-09","2,350.65"
"2012-01-06","2,356.17"
"2012-01-05","2,348.98"
"2012-01-04","2,329.71"
"2012-01-03","2,321.96"
"2011-12-30","2,277.83"
"2011-12-29","2,285.07"
"2011-12-28","2,267.08"
"2011-12-27","2,293.12"
"2011-12-23","2,287.57"
"2011-12-22","2,266.77"
"2011-12-21","2,249.03"
"2011-12-20","2,281.94"
"2011-12-19","2,215.27"
"2011-12-16","2,238.18"
"2011-12-15","2,226.71"
"2011-12-14","2,233.03"
"2011-12-13","2,268.37"
"2011-12-12","2,292.24"
"2011-12-09","2,318.68"
"2011-12-08","2,282.59"
"2011-12-07","2,320.54"
"2011-12-06","2,321.49"
"2011-12-05","2,326.95"
"2011-12-02","2,302.04"
"2011-12-01","2,309.20"
"2011-11-30","2,295.20"
"2011-11-29","2,211.39"
"2011-11-28","2,224.22"
"2011-11-25","2,150.88"
"2011-11-23","2,166.54"
"2011-11-22","2,216.33"
"2011-11-21","2,211.14"
"2011-11-18","2,253.95"
"2011-11-17","2,272.09"
"2011-11-16","2,324.37"
"2011-11-15","2,366.24"
"2011-11-14","2,341.32"
"2011-11-11","2,355.78"
"2011-11-10","2,312.07"
"2011-11-09","2,314.10"
"2011-11-08","2,400.01"
"2011-11-07","2,371.04"
"2011-11-04","2,356.32"
"2011-11-03","2,367.71"
"2011-11-02","2,318.32"
"2011-11-01","2,298.37"
"2011-10-31","2,360.08"
"2011-10-28","2,401.29"
"2011-10-27","2,399.83"
"2011-10-26","2,334.79"
"2011-10-25","2,335.87"
"2011-10-24","2,384.42"
"2011-10-21","2,335.93"
"2011-10-20","2,306.29"
"2011-10-19","2,316.81"
"2011-10-18","2,364.87"
"2011-10-17","2,334.38"
"2011-10-14","2,371.94"
"2011-10-13","2,326.88"
"2011-10-12","2,307.18"
"2011-10-11","2,294.92"
"2011-10-10","2,278.65"
"2011-10-07","2,202.76"
"2011-10-06","2,217.99"
"2011-10-05","2,182.77"
"2011-10-04","2,129.21"
"2011-10-03","2,085.04"
"2011-09-30","2,139.18"
"2011-09-29","2,197.68"
"2011-09-28","2,220.84"
"2011-09-27","2,253.55"
"2011-09-26","2,234.28"
"2011-09-23","2,206.86"
"2011-09-22","2,184.59"
"2011-09-21","2,258.30"
"2011-09-20","2,295.89"
"2011-09-19","2,308.76"
"2011-09-16","2,306.09"
"2011-09-15","2,286.56"
"2011-09-14","2,252.75"
"2011-09-13","2,220.58"
"2011-09-12","2,191.84"
"2011-09-09","2,163.66"
"2011-09-08","2,214.29"
"2011-09-07","2,223.75"
"2011-09-06","2,167.60"
"2011-09-02","2,167.83"
"2011-09-01","2,219.05"
"2011-08-31","2,241.01"
"2011-08-30","2,237.69"
"2011-08-29","2,223.96"
"2011-08-26","2,161.97"
"2011-08-25","2,108.21"
"2011-08-24","2,145.04"
"2011-08-23","2,129.27"
"2011-08-22","2,044.73"
"2011-08-19","2,038.22"
"2011-08-18","2,073.03"
"2011-08-17","2,181.62"
"2011-08-16","2,194.27"
"2011-08-15","2,214.12"
"2011-08-12","2,182.05"
"2011-08-11","2,167.07"
"2011-08-10","2,073.09"
"2011-08-09","2,160.79"
"2011-08-08","2,060.29"
"2011-08-05","2,194.38"
"2011-08-04","2,207.20"
"2011-08-03","2,312.78"
"2011-08-02","2,292.85"
"2011-08-01","2,354.05"
"2011-07-29","2,362.81"
"2011-07-28","2,371.77"
"2011-07-27","2,367.16"
"2011-07-26","2,429.45"
"2011-07-25","2,424.15"
"2011-07-22","2,429.50"
"2011-07-21","2,404.24"
"2011-07-20","2,387.80"
"2011-07-19","2,398.17"
"2011-07-18","2,344.01"
"2011-07-15","2,356.67"
"2011-07-14","2,325.06"
"2011-07-13","2,352.43"
"2011-07-12","2,343.79"
"2011-07-11","2,362.00"
"2011-07-08","2,405.89"
"2011-07-07","2,412.89"
"2011-07-06","2,378.58"
"2011-07-05","2,371.21"
"2011-07-01","2,361.39"
"2011-06-30","2,325.07"
"2011-06-29","2,294.43"
"2011-06-28","2,285.75"
"2011-06-27","2,252.24"
"2011-06-24","2,217.06"
"2011-06-23","2,255.05"
"2011-06-22","2,235.75"
"2011-06-21","2,251.82"
"2011-06-20","2,204.36"
"2011-06-17","2,192.96"
"2011-06-16","2,199.93"
"2011-06-15","2,209.01"
"2011-06-14","2,250.34"
"2011-06-13","2,222.28"
"2011-06-10","2,221.09"
"2011-06-09","2,256.65"
"2011-06-08","2,252.89"
"2011-06-07","2,268.96"
"2011-06-06","2,274.48"
"2011-06-03","2,292.31"
"2011-06-02","2,326.70"
"2011-06-01","2,322.48"
"2011-05-31","2,372.54"
"2011-05-27","2,336.09"
"2011-05-26","2,325.93"
"2011-05-25","2,310.95"
"2011-05-24","2,303.55"
"2011-05-23","2,316.78"
"2011-05-20","2,351.43"
"2011-05-19","2,369.67"
"2011-05-18","2,362.95"
"2011-05-17","2,343.51"
"2011-05-16","2,337.85"
"2011-05-13","2,379.24"
"2011-05-12","2,407.89"
"2011-05-11","2,393.08"
"2011-05-10","2,411.35"
"2011-05-09","2,390.97"
"2011-05-06","2,383.18"
"2011-05-05","2,375.21"
"2011-05-04","2,387.51"
"2011-05-03","2,392.80"
"2011-05-02","2,404.24"
"2011-04-29","2,404.08"
"2011-04-28","2,409.90"
"2011-04-27","2,413.59"
"2011-04-26","2,396.03"
"2011-04-25","2,383.72"
"2011-04-21","2,377.30"
"2011-04-20","2,357.76"
"2011-04-19","2,306.77"
"2011-04-18","2,292.34"
"2011-04-15","2,307.58"
"2011-04-14","2,311.25"
"2011-04-13","2,316.63"
"2011-04-12","2,298.30"
"2011-04-11","2,314.50"
"2011-04-08","2,321.18"
"2011-04-07","2,332.88"
"2011-04-06","2,332.34"
"2011-04-05","2,327.87"
"2011-04-04","2,334.54"
"2011-04-01","2,342.92"
"2011-03-31","2,338.99"
"2011-03-30","2,336.52"
"2011-03-29","2,325.54"
"2011-03-28","2,303.10"
"2011-03-25","2,316.36"
"2011-03-24","2,312.09"
"2011-03-23","2,270.50"
"2011-03-22","2,257.96"
"2011-03-21","2,262.70"
"2011-03-18","2,221.07"
"2011-03-17","2,225.24"
"2011-03-16","2,202.97"
"2011-03-15","2,259.62"
"2011-03-14","2,290.72"
"2011-03-11","2,299.26"
"2011-03-10","2,284.29"
"2011-03-09","2,322.69"
"2011-03-08","2,337.55"
"2011-03-07","2,328.07"
"2011-03-04","2,359.96"
"2011-03-03","2,371.76"
"2011-03-02","2,326.77"
"2011-03-01","2,315.26"
"2011-02-28","2,350.99"
"2011-02-25","2,346.29"
"2011-02-24","2,313.31"
"2011-02-23","2,300.94"
"2011-02-22","2,322.86"
"2011-02-18","2,392.47"
"2011-02-17","2,397.57"
"2011-02-16","2,397.94"
"2011-02-15","2,381.92"
"2011-02-14","2,385.60"
"2011-02-11","2,379.15"
"2011-02-10","2,364.35"
"2011-02-09","2,360.95"
"2011-02-08","2,363.61"
"2011-02-07","2,349.20"
"2011-02-04","2,338.20"
"2011-02-03","2,323.07"
"2011-02-02","2,321.09"
"2011-02-01","2,324.95"
"2011-01-31","2,281.91"
"2011-01-28","2,270.51"
"2011-01-27","2,330.07"
"2011-01-26","2,314.19"
"2011-01-25","2,304.03"
"2011-01-24","2,300.39"
"2011-01-21","2,268.32"
"2011-01-20","2,286.08"
"2011-01-19","2,303.32"
"2011-01-18","2,328.79"
"2011-01-14","2,323.43"
"2011-01-13","2,305.53"
"2011-01-12","2,304.88"
"2011-01-11","2,288.73"
"2011-01-10","2,284.38"
"2011-01-07","2,276.70"
"2011-01-06","2,277.51"
"2011-01-05","2,270.40"
"2011-01-04","2,251.46"
"2011-01-03","2,254.23"
"2010-12-31","2,217.86"
"2010-12-30","2,225.72"
"2010-12-29","2,231.64"
"2010-12-28","2,227.42"
"2010-12-27","2,229.86"
"2010-12-23","2,230.27"
"2010-12-22","2,235.91"
"2010-12-21","2,234.57"
"2010-12-20","2,223.04"
"2010-12-17","2,218.29"
"2010-12-16","2,218.02"
"2010-12-15","2,202.45"
"2010-12-14","2,212.59"
"2010-12-13","2,207.45"
"2010-12-10","2,215.34"
"2010-12-09","2,201.57"
"2010-12-08","2,200.60"
"2010-12-07","2,189.35"
"2010-12-06","2,189.81"
"2010-12-03","2,191.17"
"2010-12-02","2,185.30"
"2010-12-01","2,162.83"
"2010-11-30","2,117.33"
"2010-11-29","2,144.56"
"2010-11-26","2,153.91"
"2010-11-24","2,160.52"
"2010-11-23","2,116.61"
"2010-11-22","2,150.86"
"2010-11-19","2,135.27"
"2010-11-18","2,134.77"
"2010-11-17","2,100.00"
"2010-11-16","2,093.63"
"2010-11-15","2,131.48"
"2010-11-12","2,137.95"
"2010-11-11","2,173.11"
"2010-11-10","2,187.74"
"2010-11-09","2,176.88"
"2010-11-08","2,188.94"
"2010-11-05","2,186.71"
"2010-11-04","2,187.80"
"2010-11-03","2,158.36"
"2010-11-02","2,151.72"
"2010-11-01","2,128.42"
"2010-10-29","2,124.45"
"2010-10-28","2,129.73"
"2010-10-27","2,125.88"
"2010-10-26","2,119.05"
"2010-10-25","2,113.55"
"2010-10-22","2,104.21"
"2010-10-21","2,090.10"
"2010-10-20","2,085.75"
"2010-10-19","2,069.73"
"2010-10-18","2,104.15"
"2010-10-15","2,097.73"
"2010-10-14","2,054.51"
"2010-10-13","2,057.25"
"2010-10-12","2,041.55"
"2010-10-11","2,026.98"
"2010-10-08","2,027.03"
"2010-10-07","2,011.63"
"2010-10-06","2,006.52"
"2010-10-05","2,024.63"
"2010-10-04","1,975.33"
"2010-10-01","1,996.60"
"2010-09-30","1,998.04"
"2010-09-29","2,009.08"
"2010-09-28","2,012.43"
"2010-09-27","2,010.99"
"2010-09-24","2,023.84"
"2010-09-23","1,982.15"
"2010-09-22","1,982.76"
"2010-09-21","1,989.11"
"2010-09-20","1,989.43"
"2010-09-17","1,955.83"
"2010-09-16","1,948.11"
"2010-09-15","1,939.60"
"2010-09-14","1,928.59"
"2010-09-13","1,921.67"
"2010-09-10","1,892.34"
"2010-09-09","1,886.14"
"2010-09-08","1,880.00"
"2010-09-07","1,856.50"
"2010-09-03","1,870.31"
"2010-09-02","1,840.58"
"2010-09-01","1,820.05"
"2010-08-31","1,767.43"
"2010-08-30","1,772.07"
"2010-08-27","1,791.64"
"2010-08-26","1,769.02"
"2010-08-25","1,790.88"
"2010-08-24","1,775.27"
"2010-08-23","1,808.31"
"2010-08-20","1,825.75"
"2010-08-19","1,823.00"
"2010-08-18","1,850.80"
"2010-08-17","1,845.37"
"2010-08-16","1,821.51"
"2010-08-13","1,818.80"
"2010-08-12","1,832.17"
"2010-08-11","1,845.38"
"2010-08-10","1,899.24"
"2010-08-09","1,915.17"
"2010-08-06","1,902.88"
"2010-08-05","1,904.95"
"2010-08-04","1,909.20"
"2010-08-03","1,891.81"
"2010-08-02","1,898.99"
"2010-07-30","1,864.00"
"2010-07-29","1,860.30"
"2010-07-28","1,872.62"
"2010-07-27","1,888.81"
"2010-07-26","1,890.40"
"2010-07-23","1,875.38"
"2010-07-22","1,863.10"
"2010-07-21","1,817.30"
"2010-07-20","1,840.67"
"2010-07-19","1,819.28"
"2010-07-16","1,803.48"
"2010-07-15","1,856.24"
"2010-07-14","1,853.41"
"2010-07-13","1,845.03"
"2010-07-12","1,821.03"
"2010-07-09","1,814.79"
"2010-07-08","1,798.31"
"2010-07-07","1,789.72"
"2010-07-06","1,734.68"
"2010-07-02","1,728.34"
"2010-07-01","1,734.41"
"2010-06-30","1,739.14"
"2010-06-29","1,764.06"
"2010-06-28","1,836.00"
"2010-06-25","1,838.52"
"2010-06-24","1,844.59"
"2010-06-23","1,874.42"
"2010-06-22","1,880.54"
"2010-06-21","1,895.84"
"2010-06-18","1,913.48"
"2010-06-17","1,910.65"
"2010-06-16","1,905.31"
"2010-06-15","1,897.48"
"2010-06-14","1,845.48"
"2010-06-11","1,847.15"
"2010-06-10","1,830.09"
"2010-06-09","1,778.92"
"2010-06-08","1,795.70"
"2010-06-07","1,798.16"
"2010-06-04","1,832.04"
"2010-06-03","1,895.66"
"2010-06-02","1,879.59"
"2010-06-01","1,835.04"
"2010-05-28","1,852.39"
"2010-05-27","1,862.71"
"2010-05-26","1,796.47"
"2010-05-25","1,815.68"
"2010-05-24","1,815.28"
"2010-05-21","1,822.77"
"2010-05-20","1,800.12"
"2010-05-19","1,873.42"
"2010-05-18","1,887.06"
"2010-05-17","1,915.45"
"2010-05-14","1,907.10"
"2010-05-13","1,945.52"
"2010-05-12","1,975.58"
"2010-05-11","1,940.48"
"2010-05-10","1,942.61"
"2010-05-07","1,849.44"
"2010-05-06","1,893.75"
"2010-05-05","1,958.26"
"2010-05-04","1,968.97"
"2010-05-03","2,031.60"
"2010-04-30","2,000.63"
"2010-04-29","2,042.89"
"2010-04-28","2,007.59"
"2010-04-27","2,006.25"
"2010-04-26","2,049.09"
"2010-04-23","2,055.33"
"2010-04-22","2,045.16"
"2010-04-21","2,034.53"
"2010-04-20","2,023.60"
"2010-04-19","2,013.53"
"2010-04-16","2,012.84"
"2010-04-15","2,038.64"
"2010-04-14","2,028.82"
"2010-04-13","2,003.81"
"2010-04-12","1,995.65"
"2010-04-09","1,994.43"
"2010-04-08","1,980.73"
"2010-04-07","1,977.30"
"2010-04-06","1,981.95"
"2010-04-05","1,977.83"
"2010-04-01","1,959.56"
"2010-03-31","1,958.34"
"2010-03-30","1,967.96"
"2010-03-29","1,961.22"
"2010-03-26","1,952.63"
"2010-03-25","1,949.15"
"2010-03-24","1,951.84"
"2010-03-23","1,963.20"
"2010-03-22","1,949.59"
"2010-03-19","1,932.43"
"2010-03-18","1,943.94"
"2010-03-17","1,936.22"
"2010-03-16","1,932.24"
"2010-03-15","1,920.09"
"2010-03-12","1,924.43"
"2010-03-11","1,923.81"
"2010-03-10","1,917.35"
"2010-03-09","1,901.38"
"2010-03-08","1,890.89"
"2010-03-05","1,888.56"
"2010-03-04","1,859.72"
"2010-03-03","1,851.57"
"2010-03-02","1,851.21"
"2010-03-01","1,846.40"
"2010-02-26","1,818.68"
"2010-02-25","1,812.91"
"2010-02-24","1,812.51"
"2010-02-23","1,793.82"
"2010-02-22","1,817.63"
"2010-02-19","1,823.32"
"2010-02-18","1,823.39"
"2010-02-17","1,810.86"
"2010-02-16","1,802.06"
"2010-02-12","1,779.11"
"2010-02-11","1,775.74"
"2010-02-10","1,749.76"
"2010-02-09","1,753.84"
"2010-02-08","1,734.88"
"2010-02-05","1,746.12"
"2010-02-04","1,732.99"
"2010-02-03","1,784.70"
"2010-02-02","1,776.92"
"2010-02-01","1,760.72"
"2010-01-29","1,741.04"
"2010-01-28","1,771.10"
"2010-01-27","1,818.90"
"2010-01-26","1,803.86"
"2010-01-25","1,802.39"
"2010-01-22","1,794.82"
"2010-01-21","1,850.57"
"2010-01-20","1,867.95"
"2010-01-19","1,895.48"
"2010-01-15","1,864.52"
"2010-01-14","1,886.52"
"2010-01-13","1,886.13"
"2010-01-12","1,861.79"
"2010-01-11","1,886.24"
"2010-01-08","1,892.59"
"2010-01-07","1,876.72"
"2010-01-06","1,878.42"
"2010-01-05","1,888.43"
"2010-01-04","1,886.70"
"2009-12-31","1,860.31"
"2009-12-30","1,878.65"
"2009-12-29","1,872.02"
"2009-12-28","1,878.18"
"2009-12-24","1,869.84"
"2009-12-23","1,851.99"
"2009-12-22","1,839.51"
"2009-12-21","1,828.79"
"2009-12-18","1,807.36"
"2009-12-17","1,778.27"
"2009-12-16","1,800.82"
"2009-12-15","1,798.21"
"2009-12-14","1,809.09"
"2009-12-11","1,792.06"
"2009-12-10","1,799.37"
"2009-12-09","1,789.70"
"2009-12-08","1,772.73"
"2009-12-07","1,783.65"
"2009-12-04","1,791.91"
"2009-12-03","1,782.91"
"2009-12-02","1,790.82"
"2009-12-01","1,787.71"
"2009-11-30","1,767.43"
"2009-11-27","1,765.46"
"2009-11-25","1,793.67"
"2009-11-24","1,786.25"
"2009-11-23","1,792.94"
"2009-11-20","1,764.39"
"2009-11-19","1,773.19"
"2009-11-18","1,801.74"
"2009-11-17","1,812.21"
"2009-11-16","1,807.56"
"2009-11-13","1,788.61"
"2009-11-12","1,773.14"
"2009-11-11","1,782.95"
"2009-11-10","1,773.17"
"2009-11-09","1,768.40"
"2009-11-06","1,730.76"
"2009-11-05","1,721.09"
"2009-11-04","1,680.67"
"2009-11-03","1,679.20"
"2009-11-02","1,672.91"
"2009-10-30","1,667.13"
"2009-10-29","1,711.27"
"2009-10-28","1,682.06"
"2009-10-27","1,722.46"
"2009-10-26","1,746.75"
"2009-10-23","1,753.63"
"2009-10-22","1,763.15"
"2009-10-21","1,753.56"
"2009-10-20","1,756.19"
"2009-10-19","1,756.68"
"2009-10-16","1,739.32"
"2009-10-15","1,753.36"
"2009-10-14","1,754.26"
"2009-10-13","1,730.27"
"2009-10-12","1,729.63"
"2009-10-09","1,727.76"
"2009-10-08","1,717.79"
"2009-10-07","1,710.45"
"2009-10-06","1,705.25"
"2009-10-05","1,675.64"
"2009-10-02","1,662.49"
"2009-10-01","1,666.41"
"2009-09-30","1,718.99"
"2009-09-29","1,717.67"
"2009-09-28","1,724.59"
"2009-09-25","1,694.15"
"2009-09-24","1,709.76"
"2009-09-23","1,724.27"
"2009-09-22","1,734.09"
"2009-09-21","1,731.58"
"2009-09-18","1,725.24"
"2009-09-17","1,721.09"
"2009-09-16","1,723.73"
"2009-09-15","1,699.53"
"2009-09-14","1,693.76"
"2009-09-11","1,685.46"
"2009-09-10","1,686.16"
"2009-09-09","1,669.23"
"2009-09-08","1,654.81"
"2009-09-04","1,638.07"
"2009-09-03","1,605.98"
"2009-09-02","1,594.28"
"2009-09-01","1,595.84"
"2009-08-31","1,625.19"
"2009-08-28","1,643.24"
"2009-08-27","1,640.97"
"2009-08-26","1,637.00"
"2009-08-25","1,639.90"
"2009-08-24","1,634.78"
"2009-08-21","1,637.78"
"2009-08-20","1,614.22"
"2009-08-19","1,596.61"
"2009-08-18","1,586.50"
"2009-08-17","1,564.89"
"2009-08-14","1,611.58"
"2009-08-13","1,628.65"
"2009-08-12","1,619.59"
"2009-08-11","1,594.69"
"2009-08-10","1,610.43"
"2009-08-07","1,619.49"
"2009-08-06","1,600.29"
"2009-08-05","1,614.44"
"2009-08-04","1,628.49"
"2009-08-03","1,628.12"
"2009-07-31","1,603.36"
"2009-07-30","1,609.87"
"2009-07-29","1,599.61"
"2009-07-28","1,605.47"
"2009-07-27","1,599.31"
"2009-07-24","1,599.06"
"2009-07-23","1,601.52"
"2009-07-22","1,565.00"
"2009-07-21","1,553.01"
"2009-07-20","1,544.00"
"2009-07-17","1,527.26"
"2009-07-16","1,518.87"
"2009-07-15","1,500.98"
"2009-07-14","1,452.84"
"2009-07-13","1,447.70"
"2009-07-10","1,419.84"
"2009-07-09","1,414.98"
"2009-07-08","1,411.53"
"2009-07-07","1,404.78"
"2009-07-06","1,441.01"
"2009-07-02","1,446.28"
"2009-07-01","1,481.34"
"2009-06-30","1,477.25"
"2009-06-29","1,483.83"
"2009-06-26","1,480.20"
"2009-06-25","1,475.82"
"2009-06-24","1,447.06"
"2009-06-23","1,424.46"
"2009-06-22","1,426.61"
"2009-06-19","1,471.23"
"2009-06-18","1,453.80"
"2009-06-17","1,455.89"
"2009-06-16","1,443.25"
"2009-06-15","1,456.96"
"2009-06-12","1,489.97"
"2009-06-11","1,497.01"
"2009-06-10","1,495.27"
"2009-06-09","1,501.55"
"2009-06-08","1,488.49"
"2009-06-05","1,493.21"
"2009-06-04","1,492.74"
"2009-06-03","1,475.44"
"2009-06-02","1,480.31"
"2009-06-01","1,477.12"
"2009-05-29","1,435.57"
"2009-05-28","1,420.31"
"2009-05-27","1,401.88"
"2009-05-26","1,412.61"
"2009-05-22","1,363.17"
"2009-05-21","1,367.39"
"2009-05-20","1,393.72"
"2009-05-19","1,398.05"
"2009-05-18","1,392.73"
"2009-05-15","1,355.11"
"2009-05-14","1,359.67"
"2009-05-13","1,339.83"
"2009-05-12","1,377.40"
"2009-05-11","1,395.79"
"2009-05-08","1,394.16"
"2009-05-07","1,389.83"
"2009-05-06","1,423.85"
"2009-05-05","1,423.81"
"2009-05-04","1,427.96"
"2009-05-01","1,396.62"
"2009-04-30","1,394.33"
"2009-04-29","1,382.38"
"2009-04-28","1,361.92"
"2009-04-27","1,369.94"
"2009-04-24","1,373.28"
"2009-04-23","1,344.41"
"2009-04-22","1,335.72"
"2009-04-21","1,329.06"
"2009-04-20","1,309.37"
"2009-04-17","1,353.92"
"2009-04-16","1,352.98"
"2009-04-15","1,316.51"
"2009-04-14","1,322.31"
"2009-04-13","1,336.67"
"2009-04-09","1,340.28"
"2009-04-08","1,300.75"
"2009-04-07","1,275.42"
"2009-04-06","1,313.10"
"2009-04-03","1,316.16"
"2009-04-02","1,294.30"
"2009-04-01","1,252.51"
"2009-03-31","1,237.01"
"2009-03-30","1,220.81"
"2009-03-27","1,251.47"
"2009-03-26","1,281.30"
"2009-03-25","1,236.66"
"2009-03-24","1,234.34"
"2009-03-23","1,259.81"
"2009-03-20","1,187.18"
"2009-03-19","1,204.21"
"2009-03-18","1,206.96"
"2009-03-17","1,192.17"
"2009-03-16","1,145.45"
"2009-03-13","1,168.52"
"2009-03-12","1,164.71"
"2009-03-11","1,125.95"
"2009-03-10","1,112.44"
"2009-03-09","1,043.87"
"2009-03-06","1,064.70"
"2009-03-05","1,074.52"
"2009-03-04","1,110.30"
"2009-03-03","1,080.67"
"2009-03-02","1,076.67"
"2009-02-27","1,116.99"
"2009-02-26","1,127.10"
"2009-02-25","1,160.83"
"2009-02-24","1,171.45"
"2009-02-23","1,128.97"
"2009-02-20","1,172.71"
"2009-02-19","1,167.89"
"2009-02-18","1,188.77"
"2009-02-17","1,187.04"
"2009-02-13","1,236.85"
"2009-02-12","1,242.81"
"2009-02-11","1,227.05"
"2009-02-10","1,229.29"
"2009-02-09","1,281.65"
"2009-02-06","1,277.49"
"2009-02-05","1,245.11"
"2009-02-04","1,215.43"
"2009-02-03","1,215.66"
"2009-02-02","1,195.75"
"2009-01-30","1,180.25"
"2009-01-29","1,203.85"
"2009-01-28","1,235.91"
"2009-01-27","1,194.41"
"2009-01-26","1,184.56"
"2009-01-23","1,175.89"
"2009-01-22","1,168.08"
"2009-01-21","1,185.76"
"2009-01-20","1,136.61"
"2009-01-16","1,198.14"
"2009-01-15","1,183.52"
"2009-01-14","1,163.42"
"2009-01-13","1,202.65"
"2009-01-12","1,201.13"
"2009-01-09","1,223.01"
"2009-01-08","1,252.52"
"2009-01-07","1,238.60"
"2009-01-06","1,274.49"
"2009-01-05","1,262.52"
"2009-01-02","1,263.70"
"2008-12-31","1,211.65"
"2008-12-30","1,201.34"
"2008-12-29","1,173.15"
"2008-12-26","1,185.44"
"2008-12-24","1,184.30"
"2008-12-23","1,183.19"
"2008-12-22","1,189.15"
"2008-12-19","1,217.19"
"2008-12-18","1,204.69"
"2008-12-17","1,225.86"
"2008-12-16","1,243.49"
"2008-12-15","1,181.87"
"2008-12-12","1,206.65"
"2008-12-11","1,180.46"
"2008-12-10","1,222.38"
"2008-12-09","1,212.45"
"2008-12-08","1,225.06"
"2008-12-05","1,177.87"
"2008-12-04","1,127.75"
"2008-12-03","1,166.20"
"2008-12-02","1,130.00"
"2008-12-01","1,091.16"
"2008-11-28","1,185.75"
"2008-11-26","1,193.09"
"2008-11-25","1,142.58"
"2008-11-24","1,154.34"
"2008-11-21","1,085.57"
"2008-11-20","1,036.51"
"2008-11-19","1,087.60"
"2008-11-18","1,155.75"
"2008-11-17","1,151.96"
"2008-11-14","1,179.63"
"2008-11-13","1,240.93"
"2008-11-12","1,165.38"
"2008-11-11","1,225.59"
"2008-11-10","1,251.00"
"2008-11-07","1,271.62"
"2008-11-06","1,241.97"
"2008-11-05","1,299.98"
"2008-11-04","1,378.40"
"2008-11-03","1,334.75"
"2008-10-31","1,334.78"
"2008-10-30","1,333.94"
"2008-10-29","1,302.12"
"2008-10-28","1,297.57"
"2008-10-27","1,169.78"
"2008-10-24","1,202.27"
"2008-10-23","1,239.16"
"2008-10-22","1,237.09"
"2008-10-21","1,283.43"
"2008-10-20","1,352.76"
"2008-10-17","1,311.72"
"2008-10-16","1,312.97"
"2008-10-15","1,244.23"
"2008-10-14","1,364.59"
"2008-10-13","1,429.54"
"2008-10-10","1,269.80"
"2008-10-09","1,275.10"
"2008-10-08","1,330.61"
"2008-10-07","1,329.98"
"2008-10-06","1,411.28"
"2008-10-03","1,470.84"
"2008-10-02","1,491.11"
"2008-10-01","1,563.80"
"2008-09-30","1,594.63"
"2008-09-29","1,496.15"
"2008-09-26","1,672.04"
"2008-09-25","1,687.55"
"2008-09-24","1,661.33"
"2008-09-23","1,648.40"
"2008-09-22","1,665.94"
"2008-09-19","1,745.06"
"2008-09-18","1,697.42"
"2008-09-17","1,632.45"
"2008-09-16","1,724.08"
"2008-09-15","1,705.46"
"2008-09-12","1,767.13"
"2008-09-11","1,773.65"
"2008-09-10","1,738.07"
"2008-09-09","1,721.55"
"2008-09-08","1,762.95"
"2008-09-05","1,768.23"
"2008-09-04","1,774.78"
"2008-09-03","1,833.09"
"2008-09-02","1,850.14"
"2008-08-29","1,872.54"
"2008-08-28","1,915.12"
"2008-08-27","1,900.30"
"2008-08-26","1,886.32"
"2008-08-25","1,889.72"
"2008-08-22","1,931.47"
"2008-08-21","1,906.74"
"2008-08-20","1,913.02"
"2008-08-19","1,908.68"
"2008-08-18","1,932.70"
"2008-08-15","1,957.56"
"2008-08-14","1,964.38"
"2008-08-13","1,942.02"
"2008-08-12","1,941.07"
"2008-08-11","1,941.23"
"2008-08-08","1,926.23"
"2008-08-07","1,880.09"
"2008-08-06","1,895.21"
"2008-08-05","1,869.76"
"2008-08-04","1,804.84"
"2008-08-01","1,826.56"
"2008-07-31","1,849.15"
"2008-07-30","1,852.80"
"2008-07-29","1,845.55"
"2008-07-28","1,802.99"
"2008-07-25","1,846.55"
"2008-07-24","1,816.98"
"2008-07-23","1,845.56"
"2008-07-22","1,821.62"
"2008-07-21","1,819.76"
"2008-07-18","1,823.23"
"2008-07-17","1,853.47"
"2008-07-16","1,843.87"
"2008-07-15","1,798.35"
"2008-07-14","1,798.03"
"2008-07-11","1,810.88"
"2008-07-10","1,839.57"
"2008-07-09","1,819.18"
"2008-07-08","1,871.28"
"2008-07-07","1,826.93"
"2008-07-03","1,816.35"
"2008-07-02","1,816.15"
"2008-07-01","1,862.71"
"2008-06-30","1,837.09"
"2008-06-27","1,855.72"
"2008-06-26","1,855.39"
"2008-06-25","1,933.86"
"2008-06-24","1,903.74"
"2008-06-23","1,913.31"
"2008-06-20","1,928.39"
"2008-06-19","1,982.69"
"2008-06-18","1,951.10"
"2008-06-17","1,972.82"
"2008-06-16","1,984.76"
"2008-06-13","1,966.01"
"2008-06-12","1,924.26"
"2008-06-11","1,924.33"
"2008-06-10","1,972.54"
"2008-06-09","1,979.71"
"2008-06-06","1,990.39"
"2008-06-05","2,055.11"
"2008-06-04","2,021.45"
"2008-06-03","1,996.79"
"2008-06-02","2,006.84"
"2008-05-30","2,032.57"
"2008-05-29","2,019.02"
"2008-05-28","2,000.07"
"2008-05-27","1,995.44"
"2008-05-23","1,958.96"
"2008-05-22","1,964.92"
"2008-05-21","1,956.80"
"2008-05-20","2,000.67"
"2008-05-19","2,016.60"
"2008-05-16","2,031.27"
"2008-05-15","2,031.34"
"2008-05-14","1,997.30"
"2008-05-13","2,000.61"
"2008-05-12","1,997.02"
"2008-05-09","1,960.29"
"2008-05-08","1,966.86"
"2008-05-07","1,951.42"
"2008-05-06","1,990.61"
"2008-05-05","1,975.82"
"2008-05-02","1,981.87"
"2008-05-01","1,980.44"
"2008-04-30","1,917.70"
"2008-04-29","1,933.60"
"2008-04-28","1,923.26"
"2008-04-25","1,918.58"
"2008-04-24","1,924.58"
"2008-04-23","1,906.66"
"2008-04-22","1,881.65"
"2008-04-21","1,913.12"
"2008-04-18","1,900.28"
"2008-04-17","1,840.88"
"2008-04-16","1,846.89"
"2008-04-15","1,794.73"
"2008-04-14","1,790.93"
"2008-04-11","1,798.72"
"2008-04-10","1,852.97"
"2008-04-09","1,826.19"
"2008-04-08","1,846.14"
"2008-04-07","1,860.83"
"2008-04-04","1,865.87"
"2008-04-03","1,855.19"
"2008-04-02","1,848.80"
"2008-04-01","1,855.48"
"2008-03-31","1,781.93"
"2008-03-28","1,767.57"
"2008-03-27","1,777.89"
"2008-03-26","1,817.28"
"2008-03-25","1,824.54"
"2008-03-24","1,814.40"
"2008-03-20","1,751.99"
"2008-03-19","1,715.59"
"2008-03-18","1,761.05"
"2008-03-17","1,687.19"
"2008-03-14","1,713.83"
"2008-03-13","1,750.40"
"2008-03-12","1,735.18"
"2008-03-11","1,740.95"
"2008-03-10","1,673.03"
"2008-03-07","1,707.50"
"2008-03-06","1,712.50"
"2008-03-05","1,753.57"
"2008-03-04","1,743.70"
"2008-03-03","1,733.27"
"2008-02-29","1,745.27"
"2008-02-28","1,794.46"
"2008-02-27","1,799.94"
"2008-02-26","1,791.31"
"2008-02-25","1,785.46"
"2008-02-22","1,773.44"
"2008-02-21","1,766.30"
"2008-02-20","1,787.45"
"2008-02-19","1,764.81"
"2008-02-15","1,780.38"
"2008-02-14","1,787.59"
"2008-02-13","1,823.00"
"2008-02-12","1,780.54"
"2008-02-11","1,793.09"
"2008-02-08","1,773.74"
"2008-02-07","1,753.30"
"2008-02-06","1,740.95"
"2008-02-05","1,773.49"
"2008-02-04","1,828.80"
"2008-02-01","1,855.27"
"2008-01-31","1,841.42"
"2008-01-30","1,808.51"
"2008-01-29","1,807.67"
"2008-01-28","1,805.08"
"2008-01-25","1,789.17"
"2008-01-24","1,826.92"
"2008-01-23","1,789.53"
"2008-01-22","1,795.61"
"2008-01-18","1,844.09"
"2008-01-17","1,842.10"
"2008-01-16","1,872.29"
"2008-01-15","1,894.09"
"2008-01-14","1,949.15"
"2008-01-11","1,912.81"
"2008-01-10","1,953.64"
"2008-01-09","1,949.20"
"2008-01-08","1,910.33"
"2008-01-07","1,957.44"
"2008-01-04","1,963.52"
"2008-01-03","2,051.76"
"2008-01-02","2,049.71"
"2007-12-31","2,084.93"
"2007-12-28","2,107.05"
"2007-12-27","2,106.09"
"2007-12-26","2,136.94"
"2007-12-24","2,128.62"
"2007-12-21","2,111.77"
"2007-12-20","2,069.68"
"2007-12-19","2,031.00"
"2007-12-18","2,029.49"
"2007-12-17","2,020.80"
"2007-12-14","2,072.11"
"2007-12-13","2,094.68"
"2007-12-12","2,101.36"
"2007-12-11","2,083.72"
"2007-12-10","2,134.88"
"2007-12-07","2,130.00"
"2007-12-06","2,127.65"
"2007-12-05","2,099.31"
"2007-12-04","2,059.06"
"2007-12-03","2,067.45"
"2007-11-30","2,089.10"
"2007-11-29","2,102.42"
"2007-11-28","2,095.39"
"2007-11-27","2,033.76"
"2007-11-26","1,989.36"
"2007-11-23","2,028.90"
"2007-11-21","2,006.38"
"2007-11-20","2,029.94"
"2007-11-19","2,021.14"
"2007-11-16","2,048.62"
"2007-11-15","2,024.03"
"2007-11-14","2,038.05"
"2007-11-13","2,066.08"
"2007-11-12","1,982.16"
"2007-11-09","2,034.30"
"2007-11-08","2,106.16"
"2007-11-07","2,169.43"
"2007-11-06","2,223.97"
"2007-11-05","2,200.48"
"2007-11-02","2,213.86"
"2007-11-01","2,197.07"
"2007-10-31","2,238.98"
"2007-10-30","2,207.61"
"2007-10-29","2,203.42"
"2007-10-26","2,194.59"
"2007-10-25","2,161.52"
"2007-10-24","2,188.59"
"2007-10-23","2,205.18"
"2007-10-22","2,157.45"
"2007-10-19","2,131.08"
"2007-10-18","2,187.52"
"2007-10-17","2,179.14"
"2007-10-16","2,151.14"
"2007-10-15","2,158.92"
"2007-10-12","2,177.99"
"2007-10-11","2,140.92"
"2007-10-10","2,176.98"
"2007-10-09","2,171.21"
"2007-10-08","2,163.26"
"2007-10-05","2,149.67"
"2007-10-04","2,105.56"
"2007-10-03","2,103.01"
"2007-10-02","2,115.89"
"2007-10-01","2,116.97"
"2007-09-28","2,091.11"
"2007-09-27","2,096.39"
"2007-09-26","2,088.38"
"2007-09-25","2,076.83"
"2007-09-24","2,057.25"
"2007-09-21","2,049.48"
"2007-09-20","2,032.61"
"2007-09-19","2,041.36"
"2007-09-18","2,035.37"
"2007-09-17","1,983.08"
"2007-09-14","2,000.82"
"2007-09-13","1,998.63"
"2007-09-12","1,988.96"
"2007-09-11","1,988.98"
"2007-09-10","1,960.20"
"2007-09-07","1,958.35"
"2007-09-06","1,998.67"
"2007-09-05","1,994.38"
"2007-09-04","2,020.51"
"2007-08-31","1,988.73"
"2007-08-30","1,963.75"
"2007-08-29","1,954.85"
"2007-08-28","1,899.24"
"2007-08-27","1,947.49"
"2007-08-24","1,961.38"
"2007-08-23","1,931.88"
"2007-08-22","1,936.77"
"2007-08-21","1,910.99"
"2007-08-20","1,893.05"
"2007-08-17","1,888.78"
"2007-08-16","1,846.09"
"2007-08-15","1,864.92"
"2007-08-14","1,901.32"
"2007-08-13","1,934.41"
"2007-08-10","1,925.14"
"2007-08-09","1,936.76"
"2007-08-08","1,987.34"
"2007-08-07","1,961.64"
"2007-08-06","1,954.37"
"2007-08-03","1,918.56"
"2007-08-02","1,966.60"
"2007-08-01","1,945.08"
"2007-07-31","1,932.06"
"2007-07-30","1,973.93"
"2007-07-27","1,956.19"
"2007-07-26","1,986.60"
"2007-07-25","2,011.14"
"2007-07-24","2,000.55"
"2007-07-23","2,036.33"
"2007-07-20","2,035.88"
"2007-07-19","2,052.99"
"2007-07-18","2,037.98"
"2007-07-17","2,041.78"
"2007-07-16","2,028.02"
"2007-07-13","2,032.16"
"2007-07-12","2,021.03"
"2007-07-11","1,984.08"
"2007-07-10","1,971.89"
"2007-07-09","1,989.20"
"2007-07-06","1,988.31"
"2007-07-05","1,981.06"
"2007-07-03","1,965.20"
"2007-07-02","1,954.12"
"2007-06-29","1,934.10"
"2007-06-28","1,931.67"
"2007-06-27","1,933.06"
"2007-06-26","1,908.64"
"2007-06-25","1,912.90"
"2007-06-22","1,921.94"
"2007-06-21","1,941.32"
"2007-06-20","1,922.12"
"2007-06-19","1,941.75"
"2007-06-18","1,944.37"
"2007-06-15","1,942.41"
"2007-06-14","1,924.54"
"2007-06-13","1,913.87"
"2007-06-12","1,890.67"
"2007-06-11","1,901.96"
"2007-06-08","1,906.26"
"2007-06-07","1,882.17"
"2007-06-06","1,914.85"
"2007-06-05","1,932.35"
"2007-06-04","1,933.73"
"2007-06-01","1,928.26"
"2007-05-31","1,928.19"
"2007-05-30","1,918.08"
"2007-05-29","1,899.79"
"2007-05-25","1,889.25"
"2007-05-24","1,874.60"
"2007-05-23","1,904.41"
"2007-05-22","1,916.45"
"2007-05-21","1,911.16"
"2007-05-18","1,896.93"
"2007-05-17","1,884.68"
"2007-05-16","1,891.57"
"2007-05-15","1,871.79"
"2007-05-14","1,888.08"
"2007-05-11","1,898.79"
"2007-05-10","1,875.20"
"2007-05-09","1,905.65"
"2007-05-08","1,899.83"
"2007-05-07","1,895.96"
"2007-05-04","1,895.70"
"2007-05-03","1,895.64"
"2007-05-02","1,889.73"
"2007-05-01","1,873.43"
"2007-04-30","1,867.75"
"2007-04-27","1,891.06"
"2007-04-26","1,889.57"
"2007-04-25","1,881.33"
"2007-04-24","1,858.87"
"2007-04-23","1,850.18"
"2007-04-20","1,845.89"
"2007-04-19","1,832.47"
"2007-04-18","1,832.39"
"2007-04-17","1,834.91"
"2007-04-16","1,833.96"
"2007-04-13","1,816.85"
"2007-04-12","1,813.49"
"2007-04-11","1,798.09"
"2007-04-10","1,816.93"
"2007-04-09","1,808.19"
"2007-04-05","1,812.94"
"2007-04-04","1,801.74"
"2007-04-03","1,796.31"
"2007-04-02","1,773.33"
"2007-03-30","1,772.36"
"2007-03-29","1,771.72"
"2007-03-28","1,770.54"
"2007-03-27","1,789.93"
"2007-03-26","1,802.95"
"2007-03-23","1,794.04"
"2007-03-22","1,799.75"
"2007-03-21","1,806.35"
"2007-03-20","1,767.25"
"2007-03-19","1,758.23"
"2007-03-16","1,742.23"
"2007-03-15","1,744.87"
"2007-03-14","1,743.15"
"2007-03-13","1,722.48"
"2007-03-12","1,756.42"
"2007-03-09","1,744.74"
"2007-03-08","1,746.43"
"2007-03-07","1,736.10"
"2007-03-06","1,743.10"
"2007-03-05","1,712.94"
"2007-03-02","1,726.03"
"2007-03-01","1,753.45"
"2007-02-28","1,761.60"
"2007-02-27","1,756.27"
"2007-02-26","1,830.59"
"2007-02-23","1,839.77"
"2007-02-22","1,846.34"
"2007-02-21","1,839.13"
"2007-02-20","1,833.71"
"2007-02-16","1,821.49"
"2007-02-15","1,823.41"
"2007-02-14","1,814.98"
"2007-02-13","1,783.82"
"2007-02-12","1,778.42"
"2007-02-09","1,785.53"
"2007-02-08","1,810.54"
"2007-02-07","1,810.95"
"2007-02-06","1,793.06"
"2007-02-05","1,795.39"
"2007-02-02","1,798.13"
"2007-02-01","1,791.45"
"2007-01-31","1,792.28"
"2007-01-30","1,777.76"
"2007-01-29","1,775.08"
"2007-01-26","1,772.97"
"2007-01-25","1,777.75"
"2007-01-24","1,802.63"
"2007-01-23","1,773.40"
"2007-01-22","1,779.02"
"2007-01-19","1,796.81"
"2007-01-18","1,793.68"
"2007-01-17","1,827.68"
"2007-01-16","1,842.44"
"2007-01-12","1,844.81"
"2007-01-11","1,834.86"
"2007-01-10","1,816.15"
"2007-01-09","1,795.63"
"2007-01-08","1,787.14"
"2007-01-05","1,785.30"
"2007-01-04","1,792.91"
"2007-01-03","1,759.37"
"2006-12-29","1,756.90"
"2006-12-28","1,758.94"
"2006-12-27","1,763.41"
"2006-12-26","1,753.55"
"2006-12-22","1,748.61"
"2006-12-21","1,766.28"
"2006-12-20","1,777.92"
"2006-12-19","1,785.12"
"2006-12-18","1,790.99"
"2006-12-15","1,808.56"
"2006-12-14","1,803.41"
"2006-12-13","1,783.44"
"2006-12-12","1,781.97"
"2006-12-11","1,791.74"
"2006-12-08","1,786.21"
"2006-12-07","1,777.46"
"2006-12-06","1,799.13"
"2006-12-05","1,804.85"
"2006-12-04","1,799.93"
"2006-12-01","1,775.12"
"2006-11-30","1,791.25"
"2006-11-29","1,792.77"
"2006-11-28","1,780.34"
"2006-11-27","1,775.17"
"2006-11-24","1,815.53"
"2006-11-22","1,819.76"
"2006-11-21","1,808.88"
"2006-11-20","1,803.81"
"2006-11-17","1,800.67"
"2006-11-16","1,801.97"
"2006-11-15","1,793.82"
"2006-11-14","1,787.23"
"2006-11-13","1,768.00"
"2006-11-10","1,751.11"
"2006-11-09","1,740.14"
"2006-11-08","1,749.75"
"2006-11-07","1,741.53"
"2006-11-06","1,732.26"
"2006-11-03","1,703.98"
"2006-11-02","1,710.17"
"2006-11-01","1,707.65"
"2006-10-31","1,732.54"
"2006-10-30","1,727.80"
"2006-10-27","1,717.61"
"2006-10-26","1,744.07"
"2006-10-25","1,726.76"
"2006-10-24","1,713.88"
"2006-10-23","1,725.93"
"2006-10-20","1,709.58"
"2006-10-19","1,706.37"
"2006-10-18","1,700.75"
"2006-10-17","1,709.61"
"2006-10-16","1,727.61"
"2006-10-13","1,727.21"
"2006-10-12","1,718.54"
"2006-10-11","1,691.28"
"2006-10-10","1,693.29"
"2006-10-09","1,691.08"
"2006-10-06","1,684.88"
"2006-10-05","1,689.43"
"2006-10-04","1,681.14"
"2006-10-03","1,640.29"
"2006-10-02","1,632.81"
"2006-09-29","1,654.13"
"2006-09-28","1,661.59"
"2006-09-27","1,655.67"
"2006-09-26","1,659.20"
"2006-09-25","1,650.37"
"2006-09-22","1,622.37"
"2006-09-21","1,634.87"
"2006-09-20","1,645.35"
"2006-09-19","1,621.07"
"2006-09-18","1,632.17"
"2006-09-15","1,632.44"
"2006-09-14","1,625.98"
"2006-09-13","1,623.99"
"2006-09-12","1,615.75"
"2006-09-11","1,583.78"
"2006-09-08","1,574.71"
"2006-09-07","1,564.84"
"2006-09-06","1,572.20"
"2006-09-05","1,603.69"
"2006-09-01","1,589.47"
"2006-08-31","1,579.73"
"2006-08-30","1,581.95"
"2006-08-29","1,573.65"
"2006-08-28","1,570.29"
"2006-08-25","1,557.70"
"2006-08-24","1,555.19"
"2006-08-23","1,550.41"
"2006-08-22","1,563.43"
"2006-08-21","1,561.12"
"2006-08-18","1,576.46"
"2006-08-17","1,573.59"
"2006-08-16","1,570.06"
"2006-08-15","1,534.43"
"2006-08-14","1,494.33"
"2006-08-11","1,486.74"
"2006-08-10","1,496.28"
"2006-08-09","1,485.64"
"2006-08-08","1,484.80"
"2006-08-07","1,494.13"
"2006-08-04","1,503.84"
"2006-08-03","1,510.60"
"2006-08-02","1,500.48"
"2006-08-01","1,484.94"
"2006-07-31","1,509.43"
"2006-07-28","1,510.30"
"2006-07-27","1,478.53"
"2006-07-26","1,487.88"
"2006-07-25","1,489.52"
"2006-07-24","1,482.34"
"2006-07-21","1,451.88"
"2006-07-20","1,466.89"
"2006-07-19","1,490.60"
"2006-07-18","1,472.34"
"2006-07-17","1,468.50"
"2006-07-14","1,462.17"
"2006-07-13","1,478.16"
"2006-07-12","1,501.46"
"2006-07-11","1,533.06"
"2006-07-10","1,520.90"
"2006-07-07","1,533.71"
"2006-07-06","1,551.55"
"2006-07-05","1,553.95"
"2006-07-03","1,586.25"
"2006-06-30","1,575.23"
"2006-06-29","1,585.56"
"2006-06-28","1,538.25"
"2006-06-27","1,527.00"
"2006-06-26","1,556.17"
"2006-06-23","1,551.05"
"2006-06-22","1,554.49"
"2006-06-21","1,573.56"
"2006-06-20","1,548.32"
"2006-06-19","1,548.94"
"2006-06-16","1,562.84"
"2006-06-15","1,573.08"
"2006-06-14","1,530.26"
"2006-06-13","1,516.85"
"2006-06-12","1,520.31"
"2006-06-09","1,550.97"
"2006-06-08","1,561.55"
"2006-06-07","1,565.22"
"2006-06-06","1,575.39"
"2006-06-05","1,577.50"
"2006-06-02","1,612.90"
"2006-06-01","1,616.57"
"2006-05-31","1,579.58"
"2006-05-30","1,571.29"
"2006-05-26","1,606.37"
"2006-05-25","1,599.68"
"2006-05-24","1,580.18"
"2006-05-23","1,569.01"
"2006-05-22","1,584.57"
"2006-05-19","1,600.86"
"2006-05-18","1,587.11"
"2006-05-17","1,598.91"
"2006-05-16","1,623.69"
"2006-05-15","1,634.78"
"2006-05-12","1,635.81"
"2006-05-11","1,657.48"
"2006-05-10","1,694.82"
"2006-05-09","1,711.17"
"2006-05-08","1,715.23"
"2006-05-05","1,713.84"
"2006-05-04","1,701.03"
"2006-05-03","1,686.30"
"2006-05-02","1,689.93"
"2006-05-01","1,686.61"
"2006-04-28","1,700.71"
"2006-04-27","1,717.14"
"2006-04-26","1,702.20"
"2006-04-25","1,701.47"
"2006-04-24","1,706.44"
"2006-04-21","1,709.02"
"2006-04-20","1,728.90"
"2006-04-19","1,734.04"
"2006-04-18","1,726.64"
"2006-04-17","1,694.32"
"2006-04-13","1,712.07"
"2006-04-12","1,704.75"
"2006-04-11","1,704.40"
"2006-04-10","1,718.86"
"2006-04-07","1,723.03"
"2006-04-06","1,739.20"
"2006-04-05","1,732.74"
"2006-04-04","1,716.55"
"2006-04-03","1,706.77"
"2006-03-31","1,703.66"
"2006-03-30","1,708.68"
"2006-03-29","1,703.84"
"2006-03-28","1,673.03"
"2006-03-27","1,680.63"
"2006-03-24","1,679.81"
"2006-03-23","1,670.73"
"2006-03-22","1,676.32"
"2006-03-21","1,672.47"
"2006-03-20","1,688.98"
"2006-03-17","1,685.66"
"2006-03-16","1,679.05"
"2006-03-15","1,694.46"
"2006-03-14","1,681.15"
"2006-03-13","1,653.79"
"2006-03-10","1,648.23"
"2006-03-09","1,645.09"
"2006-03-08","1,661.86"
"2006-03-07","1,661.02"
"2006-03-06","1,669.94"
"2006-03-03","1,684.32"
"2006-03-02","1,693.78"
"2006-03-01","1,694.58"
"2006-02-28","1,670.57"
"2006-02-27","1,695.66"
"2006-02-24","1,676.50"
"2006-02-23","1,672.29"
"2006-02-22","1,677.52"
"2006-02-21","1,655.68"
"2006-02-17","1,675.21"
"2006-02-16","1,688.61"
"2006-02-15","1,673.15"
"2006-02-14","1,661.95"
"2006-02-13","1,645.83"
"2006-02-10","1,663.75"
"2006-02-09","1,654.08"
"2006-02-08","1,670.47"
"2006-02-07","1,651.84"
"2006-02-06","1,657.54"
"2006-02-03","1,664.53"
"2006-02-02","1,685.77"
"2006-02-01","1,713.02"
"2006-01-31","1,710.75"
"2006-01-30","1,713.45"
"2006-01-27","1,711.11"
"2006-01-26","1,690.49"
"2006-01-25","1,677.00"
"2006-01-24","1,686.22"
"2006-01-23","1,676.30"
"2006-01-20","1,676.38"
"2006-01-19","1,729.92"
"2006-01-18","1,716.62"
"2006-01-17","1,736.39"
"2006-01-13","1,746.78"
"2006-01-12","1,747.35"
"2006-01-11","1,758.24"
"2006-01-10","1,744.02"
"2006-01-09","1,741.90"
"2006-01-06","1,734.99"
"2006-01-05","1,705.29"
"2006-01-04","1,695.83"
"2006-01-03","1,679.93"
"2005-12-30","1,645.20"
"2005-12-29","1,655.36"
"2005-12-28","1,667.10"
"2005-12-27","1,668.37"
"2005-12-23","1,682.92"
"2005-12-22","1,683.35"
"2005-12-21","1,670.61"
"2005-12-20","1,665.07"
"2005-12-19","1,664.36"
"2005-12-16","1,688.68"
"2005-12-15","1,701.70"
"2005-12-14","1,698.98"
"2005-12-13","1,705.77"
"2005-12-12","1,698.35"
"2005-12-09","1,692.62"
"2005-12-08","1,685.59"
"2005-12-07","1,697.04"
"2005-12-06","1,701.35"
"2005-12-05","1,694.77"
"2005-12-02","1,709.10"
"2005-12-01","1,704.28"
"2005-11-30","1,672.56"
"2005-11-29","1,676.84"
"2005-11-28","1,684.39"
"2005-11-25","1,701.05"
"2005-11-23","1,696.77"
"2005-11-22","1,694.14"
"2005-11-21","1,686.23"
"2005-11-18","1,679.85"
"2005-11-17","1,676.39"
"2005-11-16","1,651.45"
"2005-11-15","1,644.31"
"2005-11-14","1,651.90"
"2005-11-11","1,653.36"
"2005-11-10","1,650.93"
"2005-11-09","1,630.21"
"2005-11-08","1,628.40"
"2005-11-07","1,629.27"
"2005-11-04","1,628.03"
"2005-11-03","1,619.67"
"2005-11-02","1,597.29"
"2005-11-01","1,576.52"
"2005-10-31","1,579.18"
"2005-10-28","1,557.11"
"2005-10-27","1,543.38"
"2005-10-26","1,575.14"
"2005-10-25","1,585.82"
"2005-10-24","1,590.65"
"2005-10-21","1,565.12"
"2005-10-20","1,555.59"
"2005-10-19","1,569.61"
"2005-10-18","1,538.43"
"2005-10-17","1,549.88"
"2005-10-14","1,544.29"
"2005-10-13","1,533.80"
"2005-10-12","1,521.19"
"2005-10-11","1,539.31"
"2005-10-10","1,546.99"
"2005-10-07","1,555.92"
"2005-10-06","1,552.94"
"2005-10-05","1,571.52"
"2005-10-04","1,595.54"
"2005-10-03","1,605.59"
"2005-09-30","1,601.66"
"2005-09-29","1,589.93"
"2005-09-28","1,568.81"
"2005-09-27","1,568.84"
"2005-09-26","1,572.86"
"2005-09-23","1,571.75"
"2005-09-22","1,567.36"
"2005-09-21","1,561.84"
"2005-09-20","1,578.20"
"2005-09-19","1,586.05"
"2005-09-16","1,599.44"
"2005-09-15","1,588.55"
"2005-09-14","1,589.63"
"2005-09-13","1,607.38"
"2005-09-12","1,612.20"
"2005-09-09","1,607.83"
"2005-09-08","1,597.68"
"2005-09-07","1,599.86"
"2005-09-06","1,597.27"
"2005-09-02","1,573.12"
"2005-09-01","1,577.25"
"2005-08-31","1,581.71"
"2005-08-30","1,565.73"
"2005-08-29","1,571.52"
"2005-08-26","1,558.84"
"2005-08-25","1,565.88"
"2005-08-24","1,561.71"
"2005-08-23","1,571.30"
"2005-08-22","1,575.59"
"2005-08-19","1,573.72"
"2005-08-18","1,575.76"
"2005-08-17","1,582.29"
"2005-08-16","1,574.01"
"2005-08-15","1,600.71"
"2005-08-12","1,591.75"
"2005-08-11","1,600.65"
"2005-08-10","1,585.71"
"2005-08-09","1,601.14"
"2005-08-08","1,589.97"
"2005-08-05","1,601.59"
"2005-08-04","1,608.74"
"2005-08-03","1,627.19"
"2005-08-02","1,627.01"
"2005-08-01","1,610.11"
"2005-07-29","1,605.14"
"2005-07-28","1,618.64"
"2005-07-27","1,611.95"
"2005-07-26","1,598.93"
"2005-07-25","1,593.57"
"2005-07-22","1,600.76"
"2005-07-21","1,601.89"
"2005-07-20","1,602.75"
"2005-07-19","1,590.49"
"2005-07-18","1,570.09"
"2005-07-15","1,577.82"
"2005-07-14","1,573.44"
"2005-07-13","1,557.62"
"2005-07-12","1,555.59"
"2005-07-11","1,547.66"
"2005-07-08","1,533.27"
"2005-07-07","1,503.78"
"2005-07-06","1,498.05"
"2005-07-05","1,506.35"
"2005-07-01","1,490.53"
"2005-06-30","1,493.52"
"2005-06-29","1,504.11"
"2005-06-28","1,508.61"
"2005-06-27","1,493.75"
"2005-06-24","1,500.18"
"2005-06-23","1,515.95"
"2005-06-22","1,534.36"
"2005-06-21","1,536.48"
"2005-06-20","1,537.31"
"2005-06-17","1,538.13"
"2005-06-16","1,537.42"
"2005-06-15","1,529.49"
"2005-06-14","1,524.42"
"2005-06-13","1,529.13"
"2005-06-10","1,521.02"
"2005-06-09","1,539.46"
"2005-06-08","1,527.68"
"2005-06-07","1,531.12"
"2005-06-06","1,545.27"
"2005-06-03","1,544.48"
"2005-06-02","1,568.96"
"2005-06-01","1,559.50"
"2005-05-31","1,542.63"
"2005-05-27","1,549.80"
"2005-05-26","1,548.80"
"2005-05-25","1,532.71"
"2005-05-24","1,540.47"
"2005-05-23","1,535.22"
"2005-05-20","1,528.06"
"2005-05-19","1,521.43"
"2005-05-18","1,509.26"
"2005-05-17","1,490.14"
"2005-05-16","1,480.68"
"2005-05-13","1,470.63"
"2005-05-12","1,454.79"
"2005-05-11","1,459.55"
"2005-05-10","1,450.36"
"2005-05-09","1,463.38"
"2005-05-06","1,456.00"
"2005-05-05","1,450.16"
"2005-05-04","1,452.20"
"2005-05-03","1,427.61"
"2005-05-02","1,423.71"
"2005-04-29","1,420.79"
"2005-04-28","1,409.29"
"2005-04-27","1,423.76"
"2005-04-26","1,420.43"
"2005-04-25","1,437.31"
"2005-04-22","1,421.21"
"2005-04-21","1,447.37"
"2005-04-20","1,406.85"
"2005-04-19","1,420.80"
"2005-04-18","1,409.98"
"2005-04-15","1,408.59"
"2005-04-14","1,441.13"
"2005-04-13","1,461.68"
"2005-04-12","1,489.16"
"2005-04-11","1,478.55"
"2005-04-08","1,485.60"
"2005-04-07","1,499.71"
"2005-04-06","1,480.67"
"2005-04-05","1,483.75"
"2005-04-04","1,476.72"
"2005-04-01","1,469.35"
"2005-03-31","1,482.53"
"2005-03-30","1,491.74"
"2005-03-29","1,464.34"
"2005-03-28","1,472.71"
"2005-03-24","1,469.94"
"2005-03-23","1,471.77"
"2005-03-22","1,465.09"
"2005-03-21","1,484.45"
"2005-03-18","1,484.40"
"2005-03-17","1,487.63"
"2005-03-16","1,486.23"
"2005-03-15","1,502.06"
"2005-03-14","1,515.09"
"2005-03-11","1,505.64"
"2005-03-10","1,524.38"
"2005-03-09","1,521.98"
"2005-03-08","1,528.65"
"2005-03-07","1,545.20"
"2005-03-04","1,520.58"
"2005-03-03","1,511.89"
"2005-03-02","1,525.28"
"2005-03-01","1,527.25"
"2005-02-28","1,511.02"
"2005-02-25","1,526.90"
"2005-02-24","1,517.71"
"2005-02-23","1,497.09"
"2005-02-22","1,494.07"
"2005-02-18","1,515.40"
"2005-02-17","1,519.29"
"2005-02-16","1,542.41"
"2005-02-15","1,547.30"
"2005-02-14","1,538.21"
"2005-02-11","1,530.51"
"2005-02-10","1,506.83"
"2005-02-09","1,506.81"
"2005-02-08","1,532.69"
"2005-02-07","1,529.05"
"2005-02-04","1,534.49"
"2005-02-03","1,508.24"
"2005-02-02","1,525.10"
"2005-02-01","1,523.66"
"2005-01-31","1,519.63"
"2005-01-28","1,499.46"
"2005-01-27","1,507.55"
"2005-01-26","1,509.01"
"2005-01-25","1,490.57"
"2005-01-24","1,480.66"
"2005-01-21","1,503.64"
"2005-01-20","1,514.56"
"2005-01-19","1,545.65"
"2005-01-18","1,573.49"
"2005-01-14","1,561.11"
"2005-01-13","1,545.18"
"2005-01-12","1,565.78"
"2005-01-11","1,553.40"
"2005-01-10","1,564.92"
"2005-01-07","1,564.81"
"2005-01-06","1,557.52"
"2005-01-05","1,563.76"
"2005-01-04","1,571.83"
"2005-01-03","1,603.51"
"2004-12-31","1,621.12"
"2004-12-30","1,623.76"
"2004-12-29","1,624.95"
"2004-12-28","1,624.19"
"2004-12-27","1,607.59"
"2004-12-23","1,613.77"
"2004-12-22","1,613.57"
"2004-12-21","1,609.26"
"2004-12-20","1,591.97"
"2004-12-17","1,596.61"
"2004-12-16","1,607.62"
"2004-12-15","1,623.63"
"2004-12-14","1,627.46"
"2004-12-13","1,621.16"
"2004-12-10","1,605.16"
"2004-12-09","1,609.79"
"2004-12-08","1,601.91"
"2004-12-07","1,589.33"
"2004-12-06","1,619.59"
"2004-12-03","1,614.40"
"2004-12-02","1,613.15"
"2004-12-01","1,607.15"
"2004-11-30","1,571.50"
"2004-11-29","1,580.44"
"2004-11-26","1,578.26"
"2004-11-24","1,582.55"
"2004-11-23","1,562.60"
"2004-11-22","1,568.28"
"2004-11-19","1,552.11"
"2004-11-18","1,580.81"
"2004-11-17","1,571.12"
"2004-11-16","1,548.53"
"2004-11-15","1,560.96"
"2004-11-12","1,558.41"
"2004-11-11","1,541.70"
"2004-11-10","1,517.06"
"2004-11-09","1,527.00"
"2004-11-08","1,527.13"
"2004-11-05","1,525.24"
"2004-11-04","1,516.20"
"2004-11-03","1,503.89"
"2004-11-02","1,494.83"
"2004-11-01","1,488.79"
"2004-10-29","1,486.72"
"2004-10-28","1,487.12"
"2004-10-27","1,480.03"
"2004-10-26","1,442.14"
"2004-10-25","1,432.57"
"2004-10-22","1,438.25"
"2004-10-21","1,474.79"
"2004-10-20","1,452.26"
"2004-10-19","1,443.80"
"2004-10-18","1,457.31"
"2004-10-15","1,430.98"
"2004-10-14","1,425.21"
"2004-10-13","1,434.46"
"2004-10-12","1,435.00"
"2004-10-11","1,437.73"
"2004-10-08","1,430.96"
"2004-10-07","1,455.77"
"2004-10-06","1,474.36"
"2004-10-05","1,461.76"
"2004-10-04","1,459.01"
"2004-10-01","1,452.94"
"2004-09-30","1,412.74"
"2004-09-29","1,410.86"
"2004-09-28","1,389.70"
"2004-09-27","1,385.55"
"2004-09-24","1,399.05"
"2004-09-23","1,405.77"
"2004-09-22","1,404.22"
"2004-09-21","1,435.91"
"2004-09-20","1,424.72"
"2004-09-17","1,426.30"
"2004-09-16","1,417.97"
"2004-09-15","1,415.30"
"2004-09-14","1,434.37"
"2004-09-13","1,427.34"
"2004-09-10","1,413.00"
"2004-09-09","1,391.53"
"2004-09-08","1,376.77"
"2004-09-07","1,381.84"
"2004-09-03","1,371.82"
"2004-09-02","1,398.34"
"2004-09-01","1,377.96"
"2004-08-31","1,368.68"
"2004-08-30","1,367.94"
"2004-08-27","1,388.56"
"2004-08-26","1,383.98"
"2004-08-25","1,389.17"
"2004-08-24","1,369.78"
"2004-08-23","1,370.90"
"2004-08-20","1,366.73"
"2004-08-19","1,353.24"
"2004-08-18","1,363.73"
"2004-08-17","1,335.72"
"2004-08-16","1,326.84"
"2004-08-13","1,307.82"
"2004-08-12","1,304.43"
"2004-08-11","1,324.65"
"2004-08-10","1,346.71"
"2004-08-09","1,318.83"
"2004-08-06","1,315.30"
"2004-08-05","1,353.44"
"2004-08-04","1,379.21"
"2004-08-03","1,379.14"
"2004-08-02","1,406.33"
"2004-07-30","1,400.39"
"2004-07-29","1,398.55"
"2004-07-28","1,383.75"
"2004-07-27","1,391.50"
"2004-07-26","1,368.40"
"2004-07-23","1,375.48"
"2004-07-22","1,408.51"
"2004-07-21","1,386.57"
"2004-07-20","1,421.07"
"2004-07-19","1,396.77"
"2004-07-16","1,392.17"
"2004-07-15","1,415.92"
"2004-07-14","1,416.05"
"2004-07-13","1,428.68"
"2004-07-12","1,432.11"
"2004-07-09","1,440.00"
"2004-07-08","1,431.13"
"2004-07-07","1,452.49"
"2004-07-06","1,445.71"
"2004-07-02","1,481.19"
"2004-07-01","1,489.57"
"2004-06-30","1,516.64"
"2004-06-29","1,505.65"
"2004-06-28","1,493.07"
"2004-06-25","1,498.38"
"2004-06-24","1,488.31"
"2004-06-23","1,493.52"
"2004-06-22","1,474.87"
"2004-06-21","1,453.23"
"2004-06-18","1,464.65"
"2004-06-17","1,464.03"
"2004-06-16","1,479.99"
"2004-06-15","1,479.20"
"2004-06-14","1,458.64"
"2004-06-10","1,481.27"
"2004-06-09","1,469.50"
"2004-06-08","1,495.97"
"2004-06-07","1,491.45"
"2004-06-04","1,455.04"
"2004-06-03","1,445.21"
"2004-06-02","1,464.22"
"2004-06-01","1,468.54"
"2004-05-28","1,466.22"
"2004-05-27","1,463.11"
"2004-05-26","1,453.87"
"2004-05-25","1,447.72"
"2004-05-24","1,413.97"
"2004-05-21","1,408.17"
"2004-05-20","1,396.87"
"2004-05-19","1,396.34"
"2004-05-18","1,397.47"
"2004-05-17","1,379.90"
"2004-05-14","1,399.85"
"2004-05-13","1,417.09"
"2004-05-12","1,414.83"
"2004-05-11","1,421.89"
"2004-05-10","1,397.10"
"2004-05-07","1,406.19"
"2004-05-06","1,415.60"
"2004-05-05","1,428.42"
"2004-05-04","1,422.11"
"2004-05-03","1,415.29"
"2004-04-30","1,401.36"
"2004-04-29","1,431.36"
"2004-04-28","1,453.03"
"2004-04-27","1,479.47"
"2004-04-26","1,480.53"
"2004-04-23","1,497.01"
"2004-04-22","1,485.50"
"2004-04-21","1,451.01"
"2004-04-20","1,436.90"
"2004-04-19","1,473.48"
"2004-04-16","1,449.06"
"2004-04-15","1,459.45"
"2004-04-14","1,475.66"
"2004-04-13","1,472.88"
"2004-04-12","1,495.93"
"2004-04-08","1,485.51"
"2004-04-07","1,481.96"
"2004-04-06","1,493.58"
"2004-04-05","1,508.37"
"2004-04-02","1,490.30"
"2004-04-01","1,453.22"
"2004-03-31","1,438.41"
"2004-03-30","1,445.25"
"2004-03-29","1,442.31"
"2004-03-26","1,415.39"
"2004-03-25","1,425.86"
"2004-03-24","1,381.86"
"2004-03-23","1,370.04"
"2004-03-22","1,381.39"
"2004-03-19","1,398.58"
"2004-03-18","1,417.77"
"2004-03-17","1,428.89"
"2004-03-16","1,407.07"
"2004-03-15","1,399.87"
"2004-03-12","1,431.40"
"2004-03-11","1,402.20"
"2004-03-10","1,417.50"
"2004-03-09","1,437.47"
"2004-03-08","1,441.12"
"2004-03-05","1,472.99"
"2004-03-04","1,481.36"
"2004-03-03","1,466.09"
"2004-03-02","1,473.22"
"2004-03-01","1,489.49"
"2004-02-27","1,470.38"
"2004-02-26","1,477.13"
"2004-02-25","1,470.22"
"2004-02-24","1,462.05"
"2004-02-23","1,463.75"
"2004-02-20","1,482.10"
"2004-02-19","1,484.80"
"2004-02-18","1,507.49"
"2004-02-17","1,506.57"
"2004-02-13","1,484.47"
"2004-02-12","1,501.34"
"2004-02-11","1,514.18"
"2004-02-10","1,500.29"
"2004-02-09","1,490.91"
"2004-02-06","1,498.95"
"2004-02-05","1,465.03"
"2004-02-04","1,462.61"
"2004-02-03","1,491.85"
"2004-02-02","1,487.84"
"2004-01-30","1,493.08"
"2004-01-29","1,496.40"
"2004-01-28","1,491.57"
"2004-01-27","1,519.23"
"2004-01-26","1,553.66"
"2004-01-23","1,531.21"
"2004-01-22","1,530.42"
"2004-01-21","1,546.60"
"2004-01-20","1,552.87"
"2004-01-16","1,553.62"
"2004-01-15","1,532.01"
"2004-01-14","1,534.08"
"2004-01-13","1,524.78"
"2004-01-12","1,539.77"
"2004-01-09","1,520.46"
"2004-01-08","1,530.65"
"2004-01-07","1,514.26"
"2004-01-06","1,501.26"
"2004-01-05","1,496.58"
"2004-01-02","1,463.57"
"2003-12-31","1,467.92"
"2003-12-30","1,470.01"
"2003-12-29","1,470.37"
"2003-12-26","1,443.86"
"2003-12-24","1,443.19"
"2003-12-23","1,448.17"
"2003-12-22","1,431.71"
"2003-12-19","1,426.17"
"2003-12-18","1,431.31"
"2003-12-17","1,400.00"
"2003-12-16","1,403.28"
"2003-12-15","1,396.82"
"2003-12-12","1,417.27"
"2003-12-11","1,416.96"
"2003-12-10","1,388.96"
"2003-12-09","1,383.66"
"2003-12-08","1,418.05"
"2003-12-05","1,406.91"
"2003-12-04","1,432.38"
"2003-12-03","1,419.77"
"2003-12-02","1,431.89"
"2003-12-01","1,447.08"
"2003-11-28","1,424.25"
"2003-11-26","1,420.11"
"2003-11-25","1,411.36"
"2003-11-24","1,419.31"
"2003-11-21","1,373.32"
"2003-11-20","1,363.49"
"2003-11-19","1,378.90"
"2003-11-18","1,364.70"
"2003-11-17","1,393.75"
"2003-11-14","1,407.51"
"2003-11-13","1,439.87"
"2003-11-12","1,443.52"
"2003-11-11","1,409.64"
"2003-11-10","1,414.62"
"2003-11-07","1,436.73"
"2003-11-06","1,440.08"
"2003-11-05","1,429.56"
"2003-11-04","1,429.38"
"2003-11-03","1,443.13"
"2003-10-31","1,416.39"
"2003-10-30","1,417.38"
"2003-10-29","1,419.92"
"2003-10-28","1,420.02"
"2003-10-27","1,377.41"
"2003-10-24","1,370.61"
"2003-10-23","1,378.11"
"2003-10-22","1,387.40"
"2003-10-21","1,422.13"
"2003-10-20","1,409.31"
"2003-10-17","1,394.02"
"2003-10-16","1,426.71"
"2003-10-15","1,417.59"
"2003-10-14","1,420.66"
"2003-10-13","1,414.72"
"2003-10-10","1,404.87"
"2003-10-09","1,396.95"
"2003-10-08","1,382.40"
"2003-10-07","1,392.56"
"2003-10-06","1,381.70"
"2003-10-03","1,375.32"
"2003-10-02","1,337.10"
"2003-10-01","1,335.34"
"2003-09-30","1,303.70"
"2003-09-29","1,335.51"
"2003-09-26","1,309.31"
"2003-09-25","1,325.75"
"2003-09-24","1,339.64"
"2003-09-23","1,388.15"
"2003-09-22","1,366.32"
"2003-09-19","1,392.26"
"2003-09-18","1,400.13"
"2003-09-17","1,376.80"
"2003-09-16","1,382.82"
"2003-09-15","1,347.77"
"2003-09-12","1,357.63"
"2003-09-11","1,350.80"
"2003-09-10","1,332.28"
"2003-09-09","1,370.56"
"2003-09-08","1,386.73"
"2003-09-05","1,361.90"
"2003-09-04","1,373.26"
"2003-09-03","1,360.19"
"2003-09-02","1,361.09"
"2003-08-29","1,341.20"
"2003-08-28","1,332.33"
"2003-08-27","1,318.93"
"2003-08-26","1,309.05"
"2003-08-25","1,306.64"
"2003-08-22","1,304.54"
"2003-08-21","1,314.65"
"2003-08-20","1,299.73"
"2003-08-19","1,299.69"
"2003-08-18","1,284.81"
"2003-08-15","1,253.63"
"2003-08-14","1,251.90"
"2003-08-13","1,240.37"
"2003-08-12","1,240.70"
"2003-08-11","1,223.14"
"2003-08-08","1,207.28"
"2003-08-07","1,217.17"
"2003-08-06","1,215.13"
"2003-08-05","1,229.72"
"2003-08-04","1,267.38"
"2003-08-01","1,264.34"
"2003-07-31","1,276.94"
"2003-07-30","1,263.78"
"2003-07-29","1,275.17"
"2003-07-28","1,280.53"
"2003-07-25","1,278.31"
"2003-07-24","1,253.76"
"2003-07-23","1,268.52"
"2003-07-22","1,257.63"
"2003-07-21","1,240.78"
"2003-07-18","1,259.91"
"2003-07-17","1,255.94"
"2003-07-16","1,291.99"
"2003-07-15","1,294.47"
"2003-07-14","1,295.74"
"2003-07-11","1,280.57"
"2003-07-10","1,268.65"
"2003-07-09","1,295.16"
"2003-07-08","1,298.37"
"2003-07-07","1,281.89"
"2003-07-03","1,231.34"
"2003-07-02","1,245.75"
"2003-07-01","1,217.37"
"2003-06-30","1,201.69"
"2003-06-27","1,205.24"
"2003-06-26","1,214.58"
"2003-06-25","1,188.33"
"2003-06-24","1,191.70"
"2003-06-23","1,200.17"
"2003-06-20","1,223.40"
"2003-06-19","1,225.89"
"2003-06-18","1,247.90"
"2003-06-17","1,239.63"
"2003-06-16","1,241.58"
"2003-06-13","1,203.91"
"2003-06-12","1,229.32"
"2003-06-11","1,228.24"
"2003-06-10","1,212.99"
"2003-06-09","1,195.55"
"2003-06-06","1,213.11"
"2003-06-05","1,231.72"
"2003-06-04","1,224.76"
"2003-06-03","1,198.57"
"2003-06-02","1,185.13"
"2003-05-30","1,197.89"
"2003-05-29","1,181.82"
"2003-05-28","1,173.31"
"2003-05-27","1,172.58"
"2003-05-23","1,130.05"
"2003-05-22","1,131.45"
"2003-05-21","1,113.68"
"2003-05-20","1,112.85"
"2003-05-19","1,112.49"
"2003-05-16","1,154.48"
"2003-05-15","1,162.93"
"2003-05-14","1,148.14"
"2003-05-13","1,155.97"
"2003-05-12","1,160.42"
"2003-05-09","1,143.55"
"2003-05-08","1,118.76"
"2003-05-07","1,135.85"
"2003-05-06","1,152.78"
"2003-05-05","1,136.26"
"2003-05-02","1,136.35"
"2003-05-01","1,113.21"
"2003-04-30","1,106.06"
"2003-04-29","1,116.79"
"2003-04-28","1,107.13"
"2003-04-25","1,083.19"
"2003-04-24","1,108.12"
"2003-04-23","1,112.93"
"2003-04-22","1,102.44"
"2003-04-21","1,081.04"
"2003-04-17","1,083.56"
"2003-04-16","1,054.89"
"2003-04-15","1,053.08"
"2003-04-14","1,048.31"
"2003-04-11","1,026.15"
"2003-04-10","1,033.14"
"2003-04-09","1,023.52"
"2003-04-08","1,046.30"
"2003-04-07","1,053.28"
"2003-04-04","1,050.70"
"2003-04-03","1,064.06"
"2003-04-02","1,063.46"
"2003-04-01","1,022.63"
"2003-03-31","1,018.66"
"2003-03-28","1,046.72"
"2003-03-27","1,061.93"
"2003-03-26","1,066.30"
"2003-03-25","1,066.57"
"2003-03-24","1,047.10"
"2003-03-21","1,093.12"
"2003-03-20","1,080.24"
"2003-03-19","1,074.97"
"2003-03-18","1,082.19"
"2003-03-17","1,077.01"
"2003-03-14","1,030.45"
"2003-03-13","1,029.79"
"2003-03-12","970.54"
"2003-03-11","958.82"
"2003-03-10","964.29"
"2003-03-07","986.82"
"2003-03-06","983.96"
"2003-03-05","990.23"
"2003-03-04","982.98"
"2003-03-03","991.07"
"2003-02-28","1,009.74"
"2003-02-27","994.80"
"2003-02-26","974.49"
"2003-02-25","999.28"
"2003-02-24","994.69"
"2003-02-21","1,015.92"
"2003-02-20","1,001.47"
"2003-02-19","1,005.88"
"2003-02-18","1,014.91"
"2003-02-14","982.09"
"2003-02-13","951.90"
"2003-02-12","956.77"
"2003-02-11","971.61"
"2003-02-10","969.96"
"2003-02-07","957.05"
"2003-02-06","970.55"
"2003-02-05","968.97"
"2003-02-04","971.73"
"2003-02-03","987.07"
"2003-01-31","983.05"
"2003-01-30","985.52"
"2003-01-29","1,016.56"
"2003-01-28","1,001.41"
"2003-01-27","986.41"
"2003-01-24","996.18"
"2003-01-23","1,032.67"
"2003-01-22","1,006.51"
"2003-01-21","1,008.93"
"2003-01-17","1,017.58"
"2003-01-16","1,061.46"
"2003-01-15","1,073.60"
"2003-01-14","1,094.87"
"2003-01-13","1,083.00"
"2003-01-10","1,087.36"
"2003-01-09","1,076.05"
"2003-01-08","1,042.52"
"2003-01-07","1,071.85"
"2003-01-06","1,061.48"
"2003-01-03","1,031.63"
"2003-01-02","1,027.86"
"2002-12-31","984.37"
"2002-12-30","989.89"
"2002-12-27","997.85"
"2002-12-26","1,016.46"
"2002-12-24","1,023.29"
"2002-12-23","1,032.30"
"2002-12-20","1,013.90"
"2002-12-19","1,006.05"
"2002-12-18","1,013.67"
"2002-12-17","1,040.01"
"2002-12-16","1,042.44"
"2002-12-13","1,005.85"
"2002-12-12","1,039.95"
"2002-12-11","1,036.34"
"2002-12-10","1,033.07"
"2002-12-09","1,014.84"
"2002-12-06","1,065.97"
"2002-12-05","1,053.06"
"2002-12-04","1,069.44"
"2002-12-03","1,088.80"
"2002-12-02","1,120.49"
"2002-11-29","1,116.10"
"2002-11-27","1,125.67"
"2002-11-26","1,087.49"
"2002-11-25","1,127.06"
"2002-11-22","1,116.01"
"2002-11-21","1,118.14"
"2002-11-20","1,070.53"
"2002-11-19","1,025.96"
"2002-11-18","1,045.19"
"2002-11-15","1,061.28"
"2002-11-14","1,057.83"
"2002-11-13","1,011.94"
"2002-11-12","1,001.94"
"2002-11-11","972.48"
"2002-11-08","1,008.35"
"2002-11-07","1,025.79"
"2002-11-06","1,065.86"
"2002-11-05","1,050.39"
"2002-11-04","1,046.99"
"2002-11-01","1,019.06"
"2002-10-31","989.54"
"2002-10-30","986.09"
"2002-10-29","960.82"
"2002-10-28","979.55"
"2002-10-25","995.55"
"2002-10-24","964.91"
"2002-10-23","989.32"
"2002-10-22","963.87"
"2002-10-21","979.35"
"2002-10-18","956.13"
"2002-10-17","945.06"
"2002-10-16","910.13"
"2002-10-15","950.42"
"2002-10-14","900.75"
"2002-10-11","890.61"
"2002-10-10","849.57"
"2002-10-09","807.42"
"2002-10-08","811.50"
"2002-10-07","804.64"
"2002-10-04","815.40"
"2002-10-03","833.21"
"2002-10-02","849.55"
"2002-10-01","870.63"
"2002-09-30","832.52"
"2002-09-27","860.35"
"2002-09-26","873.74"
"2002-09-25","880.44"
"2002-09-24","843.61"
"2002-09-23","843.08"
"2002-09-20","871.60"
"2002-09-19","865.93"
"2002-09-18","895.20"
"2002-09-17","897.53"
"2002-09-16","908.48"
"2002-09-13","923.83"
"2002-09-12","915.01"
"2002-09-11","946.40"
"2002-09-10","947.72"
"2002-09-09","932.23"
"2002-09-06","922.22"
"2002-09-05","882.92"
"2002-09-04","920.98"
"2002-09-03","899.64"
"2002-08-30","942.38"
"2002-08-29","961.75"
"2002-08-28","944.83"
"2002-08-27","974.47"
"2002-08-26","1,016.79"
"2002-08-23","1,010.49"
"2002-08-22","1,049.03"
"2002-08-21","1,035.47"
"2002-08-20","1,008.02"
"2002-08-19","1,026.06"
"2002-08-16","996.06"
"2002-08-15","980.98"
"2002-08-14","968.84"
"2002-08-13","907.62"
"2002-08-12","938.98"
"2002-08-09","937.33"
"2002-08-08","947.24"
"2002-08-07","919.08"
"2002-08-06","901.91"
"2002-08-05","857.08"
"2002-08-02","892.51"
"2002-08-01","913.59"
"2002-07-31","962.10"
"2002-07-30","980.36"
"2002-07-29","970.13"
"2002-07-26","910.91"
"2002-07-25","894.45"
"2002-07-24","951.58"
"2002-07-23","896.82"
"2002-07-22","939.10"
"2002-07-19","965.37"
"2002-07-18","994.61"
"2002-07-17","1,028.74"
"2002-07-16","1,011.30"
"2002-07-15","1,021.02"
"2002-07-12","1,000.82"
"2002-07-11","998.03"
"2002-07-10","959.05"
"2002-07-09","990.23"
"2002-07-08","1,014.33"
"2002-07-05","1,060.89"
"2002-07-03","995.68"
"2002-07-02","963.66"
"2002-07-01","998.17"
"2002-06-28","1,051.41"
"2002-06-27","1,050.64"
"2002-06-26","1,027.22"
"2002-06-25","1,022.74"
"2002-06-24","1,057.68"
"2002-06-21","1,035.63"
"2002-06-20","1,062.45"
"2002-06-19","1,097.54"
"2002-06-18","1,138.47"
"2002-06-17","1,149.91"
"2002-06-14","1,109.60"
"2002-06-13","1,106.54"
"2002-06-12","1,123.34"
"2002-06-11","1,100.97"
"2002-06-10","1,135.62"
"2002-06-07","1,140.24"
"2002-06-06","1,157.62"
"2002-06-05","1,195.60"
"2002-06-04","1,178.80"
"2002-06-03","1,159.15"
"2002-05-31","1,208.34"
"2002-05-30","1,227.90"
"2002-05-29","1,218.68"
"2002-05-28","1,244.82"
"2002-05-24","1,253.03"
"2002-05-23","1,286.77"
"2002-05-22","1,264.51"
"2002-05-21","1,255.91"
"2002-05-20","1,292.21"
"2002-05-17","1,325.80"
"2002-05-16","1,315.85"
"2002-05-15","1,311.05"
"2002-05-14","1,305.55"
"2002-05-13","1,241.54"
"2002-05-10","1,188.78"
"2002-05-09","1,240.41"
"2002-05-08","1,282.41"
"2002-05-07","1,159.25"
"2002-05-06","1,161.16"
"2002-05-03","1,190.74"
"2002-05-02","1,225.37"
"2002-05-01","1,267.44"
"2002-04-30","1,277.07"
"2002-04-29","1,246.75"
"2002-04-26","1,250.89"
"2002-04-25","1,302.32"
"2002-04-24","1,302.32"
"2002-04-23","1,322.81"
"2002-04-22","1,349.83"
"2002-04-19","1,385.01"
"2002-04-18","1,395.90"
"2002-04-17","1,403.71"
"2002-04-16","1,413.93"
"2002-04-15","1,355.09"
"2002-04-12","1,351.85"
"2002-04-11","1,324.65"
"2002-04-10","1,363.29"
"2002-04-09","1,345.32"
"2002-04-08","1,392.96"
"2002-04-05","1,376.72"
"2002-04-04","1,396.97"
"2002-04-03","1,394.21"
"2002-04-02","1,410.41"
"2002-04-01","1,478.52"
"2002-03-28","1,452.81"
"2002-03-27","1,436.51"
"2002-03-26","1,439.55"
"2002-03-25","1,427.60"
"2002-03-22","1,470.10"
"2002-03-21","1,488.97"
"2002-03-20","1,451.02"
"2002-03-19","1,504.67"
"2002-03-18","1,505.89"
"2002-03-15","1,495.41"
"2002-03-14","1,477.19"
"2002-03-13","1,486.27"
"2002-03-12","1,520.54"
"2002-03-11","1,553.80"
"2002-03-08","1,555.11"
"2002-03-07","1,506.81"
"2002-03-06","1,519.95"
"2002-03-05","1,498.95"
"2002-03-04","1,494.70"
"2002-03-01","1,435.41"
"2002-02-28","1,359.22"
"2002-02-27","1,378.48"
"2002-02-26","1,401.19"
"2002-02-25","1,407.99"
"2002-02-22","1,356.16"
"2002-02-21","1,348.25"
"2002-02-20","1,408.26"
"2002-02-19","1,387.27"
"2002-02-15","1,436.70"
"2002-02-14","1,474.71"
"2002-02-13","1,486.75"
"2002-02-12","1,464.76"
"2002-02-11","1,477.64"
"2002-02-08","1,452.17"
"2002-02-07","1,413.86"
"2002-02-06","1,445.96"
"2002-02-05","1,462.86"
"2002-02-04","1,479.17"
"2002-02-01","1,528.15"
"2002-01-31","1,550.17"
"2002-01-30","1,538.94"
"2002-01-29","1,519.33"
"2002-01-28","1,564.86"
"2002-01-25","1,558.26"
"2002-01-24","1,565.13"
"2002-01-23","1,549.21"
"2002-01-22","1,501.78"
"2002-01-18","1,548.22"
"2002-01-17","1,602.32"
"2002-01-16","1,558.98"
"2002-01-15","1,612.46"
"2002-01-14","1,603.76"
"2002-01-11","1,634.17"
"2002-01-10","1,656.68"
"2002-01-09","1,653.76"
"2002-01-08","1,666.58"
"2002-01-07","1,649.83"
"2002-01-04","1,675.03"
"2002-01-03","1,666.66"
"2002-01-02","1,610.39"
"2001-12-31","1,577.05"
"2001-12-28","1,621.13"
"2001-12-27","1,606.48"
"2001-12-26","1,590.84"
"2001-12-24","1,577.31"
"2001-12-21","1,578.27"
"2001-12-20","1,557.36"
"2001-12-19","1,628.69"
"2001-12-18","1,657.68"
"2001-12-17","1,640.34"
"2001-12-14","1,605.67"
"2001-12-13","1,601.91"
"2001-12-12","1,669.95"
"2001-12-11","1,661.27"
"2001-12-10","1,645.36"
"2001-12-07","1,673.90"
"2001-12-06","1,717.97"
"2001-12-05","1,720.91"
"2001-12-04","1,634.27"
"2001-12-03","1,567.54"
"2001-11-30","1,596.05"
"2001-11-29","1,599.30"
"2001-11-28","1,557.03"
"2001-11-27","1,609.87"
"2001-11-26","1,619.65"
"2001-11-23","1,577.47"
"2001-11-21","1,552.01"
"2001-11-20","1,549.70"
"2001-11-19","1,617.58"
"2001-11-16","1,582.14"
"2001-11-15","1,582.58"
"2001-11-14","1,585.89"
"2001-11-13","1,580.76"
"2001-11-12","1,528.75"
"2001-11-09","1,514.96"
"2001-11-08","1,510.60"
"2001-11-07","1,524.67"
"2001-11-06","1,523.09"
"2001-11-05","1,480.21"
"2001-11-02","1,425.78"
"2001-11-01","1,424.15"
"2001-10-31","1,364.78"
"2001-10-30","1,342.26"
"2001-10-29","1,374.58"
"2001-10-26","1,454.90"
"2001-10-25","1,479.05"
"2001-10-24","1,424.69"
"2001-10-23","1,384.06"
"2001-10-22","1,383.07"
"2001-10-19","1,347.59"
"2001-10-18","1,330.33"
"2001-10-17","1,314.80"
"2001-10-16","1,404.81"
"2001-10-15","1,378.92"
"2001-10-12","1,393.84"
"2001-10-11","1,389.87"
"2001-10-10","1,304.68"
"2001-10-09","1,244.56"
"2001-10-08","1,279.63"
"2001-10-05","1,271.73"
"2001-10-04","1,260.66"
"2001-10-03","1,249.41"
"2001-10-02","1,159.37"
"2001-10-01","1,151.24"
"2001-09-28","1,168.37"
"2001-09-27","1,144.27"
"2001-09-26","1,143.48"
"2001-09-25","1,187.77"
"2001-09-24","1,191.02"
"2001-09-21","1,126.95"
"2001-09-20","1,166.27"
"2001-09-19","1,208.23"
"2001-09-18","1,224.64"
"2001-09-17","1,252.70"
"2001-09-10","1,365.39"
"2001-09-07","1,354.27"
"2001-09-06","1,361.69"
"2001-09-05","1,415.30"
"2001-09-04","1,424.12"
"2001-08-31","1,469.70"
"2001-08-30","1,453.90"
"2001-08-29","1,499.76"
"2001-08-28","1,526.30"
"2001-08-27","1,578.33"
"2001-08-24","1,579.62"
"2001-08-23","1,496.98"
"2001-08-22","1,515.41"
"2001-08-21","1,480.74"
"2001-08-20","1,535.99"
"2001-08-17","1,516.58"
"2001-08-16","1,581.98"
"2001-08-15","1,572.03"
"2001-08-14","1,629.95"
"2001-08-13","1,653.27"
"2001-08-10","1,617.45"
"2001-08-09","1,628.92"
"2001-08-08","1,626.20"
"2001-08-07","1,696.37"
"2001-08-06","1,702.84"
"2001-08-03","1,725.90"
"2001-08-02","1,751.45"
"2001-08-01","1,729.53"
"2001-07-31","1,683.61"
"2001-07-30","1,670.03"
"2001-07-27","1,683.18"
"2001-07-26","1,673.39"
"2001-07-25","1,627.86"
"2001-07-24","1,604.86"
"2001-07-23","1,629.93"
"2001-07-20","1,676.46"
"2001-07-19","1,695.89"
"2001-07-18","1,666.87"
"2001-07-17","1,729.55"
"2001-07-16","1,685.74"
"2001-07-13","1,751.11"
"2001-07-12","1,750.13"
"2001-07-11","1,641.56"
"2001-07-10","1,624.95"
"2001-07-09","1,697.05"
"2001-07-06","1,668.59"
"2001-07-05","1,751.00"
"2001-07-03","1,822.16"
"2001-07-02","1,830.19"
"2001-06-29","1,830.19"
"2001-06-28","1,808.94"
"2001-06-27","1,756.02"
"2001-06-26","1,751.62"
"2001-06-25","1,743.90"
"2001-06-22","1,727.47"
"2001-06-21","1,751.22"
"2001-06-20","1,721.56"
"2001-06-19","1,675.90"
"2001-06-18","1,666.49"
"2001-06-15","1,701.53"
"2001-06-14","1,711.39"
"2001-06-13","1,790.21"
"2001-06-12","1,852.03"
"2001-06-11","1,846.50"
"2001-06-08","1,896.22"
"2001-06-07","1,963.31"
"2001-06-06","1,903.84"
"2001-06-05","1,923.90"
"2001-06-04","1,838.84"
"2001-06-01","1,840.83"
"2001-05-31","1,799.89"
"2001-05-30","1,779.00"
"2001-05-29","1,873.53"
"2001-05-25","1,960.74"
"2001-05-24","2,003.37"
"2001-05-23","1,957.56"
"2001-05-22","2,042.93"
"2001-05-21","2,052.57"
"2001-05-18","1,927.69"
"2001-05-17","1,925.14"
"2001-05-16","1,899.47"
"2001-05-15","1,797.08"
"2001-05-14","1,795.06"
"2001-05-11","1,821.20"
"2001-05-10","1,838.32"
"2001-05-09","1,876.60"
"2001-05-08","1,929.24"
"2001-05-07","1,895.41"
"2001-05-04","1,924.12"
"2001-05-03","1,877.80"
"2001-05-02","1,962.42"
"2001-05-01","1,919.01"
"2001-04-30","1,855.15"
"2001-04-27","1,810.47"
"2001-04-26","1,763.33"
"2001-04-25","1,814.33"
"2001-04-24","1,762.21"
"2001-04-23","1,811.89"
"2001-04-20","1,933.57"
"2001-04-19","1,953.28"
"2001-04-18","1,830.79"
"2001-04-17","1,671.51"
"2001-04-16","1,650.21"
"2001-04-12","1,714.29"
"2001-04-11","1,647.36"
"2001-04-10","1,597.87"
"2001-04-09","1,481.22"
"2001-04-06","1,448.16"
"2001-04-05","1,519.05"
"2001-04-04","1,370.75"
"2001-04-03","1,399.05"
"2001-04-02","1,516.58"
"2001-03-30","1,573.25"
"2001-03-29","1,563.14"
"2001-03-28","1,602.22"
"2001-03-27","1,735.63"
"2001-03-26","1,676.90"
"2001-03-23","1,705.02"
"2001-03-22","1,701.90"
"2001-03-21","1,605.04"
"2001-03-20","1,614.47"
"2001-03-19","1,730.46"
"2001-03-16","1,647.51"
"2001-03-15","1,697.92"
"2001-03-14","1,745.13"
"2001-03-13","1,789.70"
"2001-03-12","1,680.64"
"2001-03-09","1,813.02"
"2001-03-08","1,938.15"
"2001-03-07","1,996.23"
"2001-03-06","1,976.31"
"2001-03-05","1,916.68"
"2001-03-02","1,881.34"
"2001-03-01","1,968.02"
"2001-02-28","1,908.32"
"2001-02-27","1,964.52"
"2001-02-26","2,097.64"
"2001-02-23","2,056.06"
"2001-02-22","2,032.42"
"2001-02-21","2,058.54"
"2001-02-20","2,095.11"
"2001-02-16","2,212.51"
"2001-02-15","2,371.04"
"2001-02-14","2,305.82"
"2001-02-13","2,208.40"
"2001-02-12","2,286.76"
"2001-02-09","2,261.77"
"2001-02-08","2,355.67"
"2001-02-07","2,409.66"
"2001-02-06","2,473.24"
"2001-02-05","2,467.30"
"2001-02-02","2,472.18"
"2001-02-01","2,607.16"
"2001-01-31","2,593.00"
"2001-01-30","2,686.14"
"2001-01-29","2,694.53"
"2001-01-26","2,631.78"
"2001-01-25","2,595.85"
"2001-01-24","2,726.45"
"2001-01-23","2,730.05"
"2001-01-22","2,643.13"
"2001-01-19","2,655.77"
"2001-01-18","2,670.47"
"2001-01-17","2,558.67"
"2001-01-16","2,470.72"
"2001-01-12","2,506.05"
"2001-01-11","2,524.29"
"2001-01-10","2,413.71"
"2001-01-09","2,311.40"
"2001-01-08","2,281.54"
"2001-01-05","2,267.85"
"2001-01-04","2,460.04"
"2001-01-03","2,528.38"
"2001-01-02","2,128.78"
"2000-12-29","2,341.70"
"2000-12-28","2,464.62"
"2000-12-27","2,460.21"
"2000-12-26","2,404.60"
"2000-12-22","2,436.26"
"2000-12-21","2,224.84"
"2000-12-20","2,210.32"
"2000-12-19","2,399.63"
"2000-12-18","2,543.09"
"2000-12-15","2,543.09"
"2000-12-14","2,639.26"
"2000-12-13","2,748.88"
"2000-12-12","2,863.21"
"2000-12-11","2,972.91"
"2000-12-08","2,895.39"
"2000-12-07","2,719.91"
"2000-12-06","2,743.70"
"2000-12-05","2,852.87"
"2000-12-04","2,554.40"
"2000-12-01","2,549.74"
"2000-11-30","2,506.54"
"2000-11-29","2,602.85"
"2000-11-28","2,621.11"
"2000-11-27","2,769.32"
"2000-11-24","2,830.09"
"2000-11-22","2,668.25"
"2000-11-21","2,786.53"
"2000-11-20","2,792.41"
"2000-11-17","2,934.81"
"2000-11-16","2,925.16"
"2000-11-15","3,076.70"
"2000-11-14","3,039.50"
"2000-11-13","2,836.62"
"2000-11-10","2,890.26"
"2000-11-09","3,057.06"
"2000-11-08","3,059.09"
"2000-11-07","3,279.57"
"2000-11-06","3,290.47"
"2000-11-03","3,321.91"
"2000-11-02","3,308.48"
"2000-11-01","3,225.27"
"2000-10-31","3,282.30"
"2000-10-30","3,081.07"
"2000-10-27","3,175.25"
"2000-10-26","3,167.14"
"2000-10-25","3,107.61"
"2000-10-24","3,353.26"
"2000-10-23","3,422.00"
"2000-10-20","3,456.61"
"2000-10-19","3,402.95"
"2000-10-18","3,139.31"
"2000-10-17","3,172.19"
"2000-10-16","3,249.46"
"2000-10-13","3,277.77"
"2000-10-12","3,004.45"
"2000-10-11","3,100.53"
"2000-10-10","3,188.29"
"2000-10-09","3,318.90"
"2000-10-06","3,311.94"
"2000-10-05","3,424.32"
"2000-10-04","3,453.36"
"2000-10-03","3,353.34"
"2000-10-02","3,457.97"
"2000-09-29","3,570.61"
"2000-09-28","3,725.15"
"2000-09-27","3,571.90"
"2000-09-26","3,582.59"
"2000-09-25","3,622.10"
"2000-09-22","3,701.18"
"2000-09-21","3,718.15"
"2000-09-20","3,790.45"
"2000-09-19","3,756.40"
"2000-09-18","3,585.52"
"2000-09-15","3,676.33"
"2000-09-14","3,737.42"
"2000-09-13","3,741.75"
"2000-09-12","3,666.87"
"2000-09-11","3,706.74"
"2000-09-08","3,813.44"
"2000-09-07","3,953.36"
"2000-09-06","3,837.62"
"2000-09-05","3,987.03"
"2000-09-01","4,099.30"
"2000-08-31","4,077.59"
"2000-08-30","3,968.73"
"2000-08-29","3,951.94"
"2000-08-28","3,954.24"
"2000-08-25","3,931.25"
"2000-08-24","3,949.57"
"2000-08-23","3,896.92"
"2000-08-22","3,827.89"
"2000-08-21","3,827.62"
"2000-08-18","3,807.51"
"2000-08-17","3,830.59"
"2000-08-16","3,721.25"
"2000-08-15","3,722.62"
"2000-08-14","3,719.61"
"2000-08-11","3,644.61"
"2000-08-10","3,595.19"
"2000-08-09","3,693.04"
"2000-08-08","3,686.37"
"2000-08-07","3,710.39"
"2000-08-04","3,618.63"
"2000-08-03","3,623.50"
"2000-08-02","3,490.34"
"2000-08-01","3,521.15"
"2000-07-31","3,609.35"
"2000-07-28","3,477.31"
"2000-07-27","3,681.63"
"2000-07-26","3,818.31"
"2000-07-25","3,865.39"
"2000-07-24","3,790.62"
"2000-07-21","3,908.75"
"2000-07-20","3,995.46"
"2000-07-19","3,843.98"
"2000-07-18","3,960.96"
"2000-07-17","4,061.88"
"2000-07-14","4,041.15"
"2000-07-13","3,956.67"
"2000-07-12","3,901.12"
"2000-07-11","3,744.53"
"2000-07-10","3,772.20"
"2000-07-07","3,841.27"
"2000-07-06","3,793.48"
"2000-07-05","3,649.80"
"2000-07-03","3,804.78"
"2000-06-30","3,763.79"
"2000-06-29","3,665.83"
"2000-06-28","3,771.06"
"2000-06-27","3,699.00"
"2000-06-26","3,771.45"
"2000-06-23","3,685.30"
"2000-06-22","3,804.11"
"2000-06-21","3,970.00"
"2000-06-20","3,933.83"
"2000-06-19","3,933.70"
"2000-06-16","3,787.36"
"2000-06-15","3,752.01"
"2000-06-14","3,677.49"
"2000-06-13","3,765.81"
"2000-06-12","3,638.42"
"2000-06-09","3,760.26"
"2000-06-08","3,707.31"
"2000-06-07","3,736.01"
"2000-06-06","3,646.32"
"2000-06-05","3,730.31"
"2000-06-02","3,755.67"
"2000-06-01","3,518.98"
"2000-05-31","3,324.08"
"2000-05-30","3,414.03"
"2000-05-26","3,101.44"
"2000-05-25","3,099.28"
"2000-05-24","3,180.31"
"2000-05-23","3,023.42"
"2000-05-22","3,264.71"
"2000-05-19","3,260.64"
"2000-05-18","3,426.35"
"2000-05-17","3,550.50"
"2000-05-16","3,646.89"
"2000-05-15","3,512.11"
"2000-05-12","3,406.25"
"2000-05-11","3,381.57"
"2000-05-10","3,244.73"
"2000-05-09","3,445.26"
"2000-05-08","3,521.60"
"2000-05-05","3,688.36"
"2000-05-04","3,570.73"
"2000-05-03","3,562.16"
"2000-05-02","3,627.31"
"2000-05-01","3,829.84"
"2000-04-28","3,773.18"
"2000-04-27","3,692.57"
"2000-04-26","3,505.71"
"2000-04-25","3,621.56"
"2000-04-24","3,353.53"
"2000-04-20","3,505.29"
"2000-04-19","3,583.07"
"2000-04-18","3,715.81"
"2000-04-17","3,529.45"
"2000-04-14","3,207.96"
"2000-04-13","3,553.81"
"2000-04-12","3,633.63"
"2000-04-11","3,909.21"
"2000-04-10","3,998.26"
"2000-04-07","4,291.53"
"2000-04-06","4,086.73"
"2000-04-05","4,030.26"
"2000-04-04","4,034.17"
"2000-04-03","4,077.02"
"2000-03-31","4,397.84"
"2000-03-30","4,250.19"
"2000-03-29","4,413.92"
"2000-03-28","4,583.39"
"2000-03-27","4,704.73"
"2000-03-24","4,691.61"
"2000-03-23","4,660.62"
"2000-03-22","4,596.81"
"2000-03-21","4,449.33"
"2000-03-20","4,261.15"
"2000-03-17","4,440.45"
"2000-03-16","4,353.33"
"2000-03-15","4,130.01"
"2000-03-14","4,226.99"
"2000-03-13","4,426.80"
"2000-03-10","4,587.16"
"2000-03-09","4,586.26"
"2000-03-08","4,445.68"
"2000-03-07","4,390.83"
"2000-03-06","4,457.18"
"2000-03-03","4,442.87"
"2000-03-02","4,234.26"
"2000-03-01","4,309.01"
"2000-02-29","4,266.94"
"2000-02-28","4,162.13"
"2000-02-25","4,178.58"
"2000-02-24","4,253.05"
"2000-02-23","4,170.09"
"2000-02-22","3,969.13"
"2000-02-18","3,965.75"
"2000-02-17","4,125.38"
"2000-02-16","3,997.97"
"2000-02-15","3,997.03"
"2000-02-14","3,986.13"
"2000-02-11","3,968.89"
"2000-02-10","4,090.00"
"2000-02-09","3,968.46"
"2000-02-08","4,062.77"
"2000-02-07","3,933.34"
"2000-02-04","3,874.37"
"2000-02-03","3,851.16"
"2000-02-02","3,724.46"
"2000-02-01","3,701.78"
"2000-01-31","3,570.05"
"2000-01-28","3,446.13"
"2000-01-27","3,593.15"
"2000-01-26","3,621.21"
"2000-01-25","3,759.11"
"2000-01-24","3,660.96"
"2000-01-21","3,849.96"
"2000-01-20","3,841.74"
"2000-01-19","3,790.89"
"2000-01-18","3,757.78"
"2000-01-14","3,704.74"
"2000-01-13","3,612.08"
"2000-01-12","3,478.14"
"2000-01-11","3,544.35"
"2000-01-10","3,717.41"
"2000-01-07","3,529.60"
"2000-01-06","3,340.81"
"2000-01-05","3,507.31"
"2000-01-04","3,546.20"
"2000-01-03","3,790.55"
"1999-12-31","3,707.83"
"1999-12-30","3,683.67"
"1999-12-29","3,689.68"
"1999-12-28","3,579.95"
"1999-12-27","3,598.51"
"1999-12-23","3,590.28"
"1999-12-22","3,562.29"
"1999-12-21","3,528.53"
"1999-12-20","3,390.01"
"1999-12-17","3,359.86"
"1999-12-16","3,332.31"
"1999-12-15","3,239.18"
"1999-12-14","3,167.29"
"1999-12-13","3,242.37"
"1999-12-10","3,203.28"
"1999-12-09","3,167.52"
"1999-12-08","3,164.08"
"1999-12-07","3,205.08"
"1999-12-06","3,191.09"
"1999-12-03","3,172.37"
"1999-12-02","3,108.47"
"1999-12-01","2,997.28"
"1999-11-30","2,966.71"
"1999-11-29","3,063.23"
"1999-11-26","3,116.62"
"1999-11-24","3,108.52"
"1999-11-23","2,999.78"
"1999-11-22","3,049.61"
"1999-11-19","3,028.84"
"1999-11-18","3,003.49"
"1999-11-17","2,911.69"
"1999-11-16","2,940.25"
"1999-11-15","2,875.87"
"1999-11-12","2,888.91"
"1999-11-11","2,849.81"
"1999-11-10","2,797.61"
"1999-11-09","2,763.58"
"1999-11-08","2,786.27"
"1999-11-05","2,755.70"
"1999-11-04","2,703.11"
"1999-11-03","2,672.72"
"1999-11-02","2,626.99"
"1999-11-01","2,616.36"
"1999-10-29","2,637.44"
"1999-10-28","2,539.93"
"1999-10-27","2,457.46"
"1999-10-26","2,466.40"
"1999-10-25","2,484.19"
"1999-10-22","2,485.90"
"1999-10-21","2,477.14"
"1999-10-20","2,466.29"
"1999-10-19","2,362.25"
"1999-10-18","2,362.11"
"1999-10-15","2,403.81"
"1999-10-14","2,470.99"
"1999-10-13","2,454.49"
"1999-10-12","2,526.82"
"1999-10-11","2,578.88"
"1999-10-08","2,555.36"
"1999-10-07","2,532.00"
"1999-10-06","2,532.40"
"1999-10-05","2,471.50"
"1999-10-04","2,467.92"
"1999-10-01","2,404.45"
"1999-09-30","2,407.90"
"1999-09-29","2,398.78"
"1999-09-28","2,428.11"
"1999-09-27","2,426.51"
"1999-09-24","2,399.58"
"1999-09-23","2,403.07"
"1999-09-22","2,513.94"
"1999-09-21","2,473.74"
"1999-09-20","2,545.41"
"1999-09-17","2,536.91"
"1999-09-16","2,466.88"
"1999-09-15","2,463.09"
"1999-09-14","2,522.46"
"1999-09-13","2,483.10"
"1999-09-10","2,534.61"
"1999-09-09","2,505.50"
"1999-09-08","2,454.67"
"1999-09-07","2,491.82"
"1999-09-03","2,506.69"
"1999-09-02","2,392.60"
"1999-09-01","2,404.94"
"1999-08-31","2,396.87"
"1999-08-30","2,366.88"
"1999-08-27","2,402.57"
"1999-08-26","2,417.30"
"1999-08-25","2,460.92"
"1999-08-24","2,404.82"
"1999-08-23","2,385.87"
"1999-08-20","2,315.07"
"1999-08-19","2,278.79"
"1999-08-18","2,317.39"
"1999-08-17","2,337.37"
"1999-08-16","2,313.08"
"1999-08-13","2,307.06"
"1999-08-12","2,214.33"
"1999-08-11","2,241.80"
"1999-08-10","2,163.77"
"1999-08-09","2,187.61"
"1999-08-06","2,212.15"
"1999-08-05","2,232.23"
"1999-08-04","2,204.33"
"1999-08-03","2,239.18"
"1999-08-02","2,264.81"
"1999-07-30","2,270.93"
"1999-07-29","2,263.06"
"1999-07-28","2,333.78"
"1999-07-27","2,308.78"
"1999-07-26","2,233.51"
"1999-07-23","2,302.02"
"1999-07-22","2,281.92"
"1999-07-21","2,363.63"
"1999-07-20","2,329.32"
"1999-07-19","2,424.62"
"1999-07-16","2,459.48"
"1999-07-15","2,429.27"
"1999-07-14","2,417.05"
"1999-07-13","2,373.66"
"1999-07-12","2,384.24"
"1999-07-09","2,393.02"
"1999-07-08","2,374.58"
"1999-07-07","2,340.67"
"1999-07-06","2,330.73"
"1999-07-02","2,347.88"
"1999-07-01","2,322.32"
"1999-06-30","2,296.77"
"1999-06-29","2,280.06"
"1999-06-28","2,243.94"
"1999-06-25","2,185.76"
"1999-06-24","2,184.87"
"1999-06-23","2,239.33"
"1999-06-22","2,209.89"
"1999-06-21","2,268.66"
"1999-06-18","2,205.46"
"1999-06-17","2,190.83"
"1999-06-16","2,167.49"
"1999-06-15","2,058.17"
"1999-06-14","2,028.92"
"1999-06-11","2,062.29"
"1999-06-10","2,097.79"
"1999-06-09","2,135.48"
"1999-06-08","2,086.75"
"1999-06-07","2,152.69"
"1999-06-04","2,109.41"
"1999-06-03","2,030.40"
"1999-06-02","2,074.54"
"1999-06-01","2,025.79"
"1999-05-28","2,089.70"
"1999-05-27","2,050.09"
"1999-05-26","2,053.04"
"1999-05-25","1,999.04"
"1999-05-24","2,060.59"
"1999-05-21","2,114.40"
"1999-05-20","2,139.95"
"1999-05-19","2,186.20"
"1999-05-18","2,159.26"
"1999-05-17","2,175.74"
"1999-05-14","2,125.15"
"1999-05-13","2,179.08"
"1999-05-12","2,217.68"
"1999-05-11","2,175.85"
"1999-05-10","2,134.75"
"1999-05-07","2,117.73"
"1999-05-06","2,078.63"
"1999-05-05","2,155.77"
"1999-05-04","2,097.55"
"1999-05-03","2,137.95"
"1999-04-30","2,136.39"
"1999-04-29","2,119.29"
"1999-04-28","2,150.44"
"1999-04-27","2,207.03"
"1999-04-26","2,260.66"
"1999-04-23","2,210.44"
"1999-04-22","2,183.49"
"1999-04-21","2,105.82"
"1999-04-20","2,030.28"
"1999-04-19","1,967.58"
"1999-04-16","2,086.46"
"1999-04-15","2,135.81"
"1999-04-14","2,103.63"
"1999-04-13","2,175.18"
"1999-04-12","2,219.21"
"1999-04-09","2,232.47"
"1999-04-08","2,224.75"
"1999-04-07","2,192.29"
"1999-04-06","2,218.83"
"1999-04-05","2,219.64"
"1999-04-01","2,146.13"
"1999-03-31","2,106.39"
"1999-03-30","2,125.69"
"1999-03-29","2,144.66"
"1999-03-26","2,067.30"
"1999-03-25","2,083.35"
"1999-03-24","2,013.55"
"1999-03-23","1,961.31"
"1999-03-22","2,027.14"
"1999-03-19","2,053.69"
"1999-03-18","2,102.77"
"1999-03-17","2,064.50"
"1999-03-16","2,073.31"
"1999-03-15","2,060.34"
"1999-03-12","2,008.96"
"1999-03-11","2,043.76"
"1999-03-10","2,038.51"
"1999-03-09","2,028.57"
"1999-03-08","2,034.05"
"1999-03-05","1,969.87"
"1999-03-04","1,933.03"
"1999-03-03","1,899.81"
"1999-03-02","1,888.66"
"1999-03-01","1,937.70"
"1999-02-26","1,925.28"
"1999-02-25","1,974.39"
"1999-02-24","1,989.14"
"1999-02-23","2,028.23"
"1999-02-22","1,996.02"
"1999-02-19","1,931.59"
"1999-02-18","1,906.09"
"1999-02-17","1,891.37"
"1999-02-16","1,954.49"
"1999-02-12","1,958.60"
"1999-02-11","2,044.68"
"1999-02-10","1,944.18"
"1999-02-09","1,935.33"
"1999-02-08","2,034.21"
"1999-02-05","1,988.55"
"1999-02-04","2,027.66"
"1999-02-03","2,119.94"
"1999-02-02","2,078.69"
"1999-02-01","2,130.93"
"1999-01-29","2,127.19"
"1999-01-28","2,104.59"
"1999-01-27","2,030.36"
"1999-01-26","2,062.20"
"1999-01-25","1,997.16"
"1999-01-22","1,964.21"
"1999-01-21","1,961.76"
"1999-01-20","2,033.71"
"1999-01-19","2,033.71"
"1999-01-15","1,981.62"
"1999-01-14","1,906.12"
"1999-01-13","1,948.71"
"1999-01-12","1,939.08"
"1999-01-11","2,000.18"
"1999-01-08","1,973.66"
"1999-01-07","1,966.35"
"1999-01-06","1,963.95"
"1999-01-05","1,903.00"
"1999-01-04","1,854.39"
"1998-12-31","1,836.01"
"1998-12-30","1,810.97"
"1998-12-29","1,823.31"
"1998-12-28","1,823.99"
"1998-12-24","1,806.04"
"1998-12-23","1,818.96"
"1998-12-22","1,767.82"
"1998-12-21","1,787.30"
"1998-12-18","1,735.00"
"1998-12-17","1,689.63"
"1998-12-16","1,656.28"
"1998-12-15","1,663.78"
"1998-12-14","1,614.09"
"1998-12-11","1,675.01"
"1998-12-10","1,652.76"
"1998-12-09","1,685.38"
"1998-12-08","1,668.16"
"1998-12-07","1,676.89"
"1998-12-04","1,630.01"
"1998-12-03","1,573.78"
"1998-12-02","1,619.09"
"1998-12-01","1,632.53"
"1998-11-30","1,557.96"
"1998-11-27","1,628.35"
"1998-11-25","1,598.48"
"1998-11-24","1,580.83"
"1998-11-23","1,589.06"
"1998-11-20","1,544.22"
"1998-11-19","1,537.45"
"1998-11-18","1,514.89"
"1998-11-17","1,498.55"
"1998-11-16","1,475.60"
"1998-11-13","1,465.22"
"1998-11-12","1,466.54"
"1998-11-11","1,480.71"
"1998-11-10","1,477.48"
"1998-11-09","1,467.63"
"1998-11-06","1,458.34"
"1998-11-05","1,442.04"
"1998-11-04","1,434.00"
"1998-11-03","1,401.73"
"1998-11-02","1,418.79"
"1998-10-30","1,400.52"
"1998-10-29","1,396.30"
"1998-10-28","1,379.96"
"1998-10-27","1,353.34"
"1998-10-26","1,368.93"
"1998-10-23","1,340.60"
"1998-10-22","1,355.19"
"1998-10-21","1,332.05"
"1998-10-20","1,283.23"
"1998-10-19","1,310.17"
"1998-10-16","1,293.91"
"1998-10-15","1,299.66"
"1998-10-14","1,235.67"
"1998-10-13","1,206.90"
"1998-10-12","1,243.40"
"1998-10-09","1,197.87"
"1998-10-08","1,128.88"
"1998-10-07","1,151.09"
"1998-10-06","1,184.84"
"1998-10-05","1,207.68"
"1998-10-02","1,276.44"
"1998-10-01","1,273.74"
"1998-09-30","1,345.48"
"1998-09-29","1,384.89"
"1998-09-28","1,383.25"
"1998-09-25","1,390.09"
"1998-09-24","1,356.46"
"1998-09-23","1,394.65"
"1998-09-22","1,336.19"
"1998-09-21","1,327.70"
"1998-09-18","1,300.70"
"1998-09-17","1,291.79"
"1998-09-16","1,331.45"
"1998-09-15","1,324.19"
"1998-09-14","1,308.23"
"1998-09-11","1,290.20"
"1998-09-10","1,235.37"
"1998-09-09","1,261.77"
"1998-09-08","1,286.47"
"1998-09-04","1,205.41"
"1998-09-03","1,208.96"
"1998-09-02","1,221.44"
"1998-09-01","1,215.06"
"1998-08-31","1,140.34"
"1998-08-28","1,265.04"
"1998-08-27","1,311.53"
"1998-08-26","1,374.05"
"1998-08-25","1,388.35"
"1998-08-24","1,370.92"
"1998-08-21","1,374.77"
"1998-08-20","1,398.20"
"1998-08-19","1,398.26"
"1998-08-18","1,401.24"
"1998-08-17","1,367.79"
"1998-08-14","1,330.04"
"1998-08-13","1,338.39"
"1998-08-12","1,354.66"
"1998-08-11","1,330.13"
"1998-08-10","1,362.88"
"1998-08-07","1,364.07"
"1998-08-06","1,365.87"
"1998-08-05","1,329.90"
"1998-08-04","1,317.24"
"1998-08-03","1,368.44"
"1998-07-31","1,377.26"
"1998-07-30","1,422.05"
"1998-07-29","1,380.08"
"1998-07-28","1,393.28"
"1998-07-27","1,426.37"
"1998-07-24","1,408.60"
"1998-07-23","1,405.80"
"1998-07-22","1,430.58"
"1998-07-21","1,431.89"
"1998-07-20","1,465.89"
"1998-07-17","1,463.97"
"1998-07-16","1,452.62"
"1998-07-15","1,449.58"
"1998-07-14","1,418.13"
"1998-07-13","1,420.58"
"1998-07-10","1,391.11"
"1998-07-09","1,383.22"
"1998-07-08","1,377.84"
"1998-07-07","1,346.32"
"1998-07-06","1,342.58"
"1998-07-02","1,332.53"
"1998-07-01","1,356.14"
"1998-06-30","1,337.34"
"1998-06-29","1,339.71"
"1998-06-26","1,320.94"
"1998-06-25","1,311.40"
"1998-06-24","1,331.16"
"1998-06-23","1,302.39"
"1998-06-22","1,263.93"
"1998-06-19","1,239.71"
"1998-06-18","1,227.33"
"1998-06-17","1,224.08"
"1998-06-16","1,210.90"
"1998-06-15","1,173.57"
"1998-06-12","1,186.99"
"1998-06-11","1,185.11"
"1998-06-10","1,199.31"
"1998-06-09","1,223.48"
"1998-06-08","1,207.02"
"1998-06-05","1,206.70"
"1998-06-04","1,195.19"
"1998-06-03","1,163.98"
"1998-06-02","1,187.15"
"1998-06-01","1,165.55"
"1998-05-29","1,192.07"
"1998-05-28","1,214.83"
"1998-05-27","1,209.46"
"1998-05-26","1,200.12"
"1998-05-22","1,214.13"
"1998-05-21","1,223.70"
"1998-05-20","1,237.75"
"1998-05-19","1,255.59"
"1998-05-18","1,242.50"
"1998-05-15","1,249.49"
"1998-05-14","1,266.15"
"1998-05-13","1,263.08"
"1998-05-12","1,256.41"
"1998-05-11","1,237.66"
"1998-05-08","1,254.03"
"1998-05-07","1,222.68"
"1998-05-06","1,242.25"
"1998-05-05","1,247.27"
"1998-05-04","1,255.82"
"1998-05-01","1,251.53"
"1998-04-30","1,248.12"
"1998-04-29","1,239.56"
"1998-04-28","1,222.50"
"1998-04-27","1,220.05"
"1998-04-24","1,250.14"
"1998-04-23","1,258.58"
"1998-04-22","1,290.90"
"1998-04-21","1,269.70"
"1998-04-20","1,253.11"
"1998-04-17","1,231.25"
"1998-04-16","1,227.53"
"1998-04-15","1,231.36"
"1998-04-14","1,213.12"
"1998-04-13","1,202.97"
"1998-04-09","1,196.90"
"1998-04-08","1,191.06"
"1998-04-07","1,182.13"
"1998-04-06","1,205.37"
"1998-04-03","1,233.66"
"1998-04-02","1,230.18"
"1998-04-01","1,228.41"
"1998-03-31","1,220.66"
"1998-03-30","1,206.64"
"1998-03-27","1,211.64"
"1998-03-26","1,217.94"
"1998-03-25","1,214.82"
"1998-03-24","1,197.81"
"1998-03-23","1,179.18"
"1998-03-20","1,169.43"
"1998-03-19","1,186.16"
"1998-03-18","1,177.01"
"1998-03-17","1,167.89"
"1998-03-16","1,180.17"
"1998-03-13","1,169.29"
"1998-03-12","1,163.27"
"1998-03-11","1,153.87"
"1998-03-10","1,148.61"
"1998-03-09","1,128.37"
"1998-03-06","1,163.11"
"1998-03-05","1,126.83"
"1998-03-04","1,179.87"
"1998-03-03","1,175.72"
"1998-03-02","1,177.59"
"1998-02-27","1,194.13"
"1998-02-26","1,206.97"
"1998-02-25","1,200.39"
"1998-02-24","1,172.40"
"1998-02-23","1,185.53"
"1998-02-20","1,159.73"
"1998-02-19","1,156.75"
"1998-02-18","1,140.74"
"1998-02-17","1,128.63"
"1998-02-13","1,136.69"
"1998-02-12","1,144.80"
"1998-02-11","1,138.81"
"1998-02-10","1,139.79"
"1998-02-09","1,122.72"
"1998-02-06","1,134.32"
"1998-02-05","1,114.86"
"1998-02-04","1,124.44"
"1998-02-03","1,111.26"
"1998-02-02","1,100.99"
"1998-01-30","1,071.13"
"1998-01-29","1,069.00"
"1998-01-28","1,063.20"
"1998-01-27","1,035.76"
"1998-01-26","1,016.40"
"1998-01-23","1,024.47"
"1998-01-22","1,020.63"
"1998-01-21","1,026.52"
"1998-01-20","1,026.88"
"1998-01-16","1,005.87"
"1998-01-15","995.58"
"1998-01-14","996.37"
"1998-01-13","995.05"
"1998-01-12","971.17"
"1998-01-09","956.19"
"1998-01-08","994.55"
"1998-01-07","991.19"
"1998-01-06","1,006.29"
"1998-01-05","1,017.42"
"1998-01-02","1,008.23"
"1997-12-31","990.83"
"1997-12-30","998.46"
"1997-12-29","978.53"
"1997-12-26","954.07"
"1997-12-24","938.99"
"1997-12-23","949.57"
"1997-12-22","975.67"
"1997-12-19","969.90"
"1997-12-18","966.77"
"1997-12-17","983.63"
"1997-12-16","997.31"
"1997-12-15","984.38"
"1997-12-12","978.49"
"1997-12-11","1,001.88"
"1997-12-10","1,033.21"
"1997-12-09","1,050.67"
"1997-12-08","1,082.92"
"1997-12-05","1,070.27"
"1997-12-04","1,052.76"
"1997-12-03","1,061.62"
"1997-12-02","1,052.07"
"1997-12-01","1,079.23"
"1997-11-28","1,050.51"
"1997-11-26","1,044.24"
"1997-11-25","1,038.06"
"1997-11-24","1,030.22"
"1997-11-21","1,056.59"
"1997-11-20","1,062.49"
"1997-11-19","1,039.12"
"1997-11-18","1,036.31"
"1997-11-17","1,049.70"
"1997-11-14","1,027.85"
"1997-11-13","1,005.25"
"1997-11-12","980.12"
"1997-11-11","1,010.96"
"1997-11-10","1,011.54"
"1997-11-07","1,028.32"
"1997-11-06","1,034.17"
"1997-11-05","1,046.92"
"1997-11-04","1,047.62"
"1997-11-03","1,050.72"
"1997-10-31","1,019.62"
"1997-10-30","1,000.70"
"1997-10-29","1,029.76"
"1997-10-28","1,046.87"
"1997-10-27","978.13"
"1997-10-24","1,057.34"
"1997-10-23","1,074.65"
"1997-10-22","1,098.71"
"1997-10-21","1,110.55"
"1997-10-20","1,088.25"
"1997-10-17","1,075.12"
"1997-10-16","1,099.38"
"1997-10-15","1,119.07"
"1997-10-14","1,131.43"
"1997-10-13","1,140.48"
"1997-10-10","1,137.77"
"1997-10-09","1,148.21"
"1997-10-08","1,145.34"
"1997-10-07","1,140.74"
"1997-10-06","1,125.93"
"1997-10-03","1,124.44"
"1997-10-02","1,112.84"
"1997-10-01","1,102.06"
"1997-09-30","1,097.16"
"1997-09-29","1,118.77"
"1997-09-26","1,106.82"
"1997-09-25","1,106.48"
"1997-09-24","1,115.88"
"1997-09-23","1,135.04"
"1997-09-22","1,123.65"
"1997-09-19","1,118.68"
"1997-09-18","1,109.29"
"1997-09-17","1,108.63"
"1997-09-16","1,116.52"
"1997-09-15","1,080.29"
"1997-09-12","1,106.07"
"1997-09-11","1,105.06"
"1997-09-10","1,102.95"
"1997-09-09","1,126.73"
"1997-09-08","1,117.82"
"1997-09-05","1,111.15"
"1997-09-04","1,105.82"
"1997-09-03","1,100.44"
"1997-09-02","1,102.75"
"1997-08-29","1,074.05"
"1997-08-28","1,070.57"
"1997-08-27","1,091.89"
"1997-08-26","1,093.21"
"1997-08-25","1,107.75"
"1997-08-22","1,110.91"
"1997-08-21","1,118.72"
"1997-08-20","1,145.07"
"1997-08-19","1,121.18"
"1997-08-18","1,089.55"
"1997-08-15","1,076.67"
"1997-08-14","1,103.51"
"1997-08-13","1,099.10"
"1997-08-12","1,090.78"
"1997-08-11","1,101.18"
"1997-08-08","1,115.02"
"1997-08-07","1,135.61"
"1997-08-06","1,141.82"
"1997-08-05","1,136.41"
"1997-08-04","1,124.08"
"1997-08-01","1,108.94"
"1997-07-31","1,107.03"
"1997-07-30","1,100.98"
"1997-07-29","1,087.92"
"1997-07-28","1,075.18"
"1997-07-25","1,085.39"
"1997-07-24","1,088.18"
"1997-07-23","1,092.06"
"1997-07-22","1,090.94"
"1997-07-21","1,058.45"
"1997-07-18","1,070.99"
"1997-07-17","1,094.85"
"1997-07-16","1,103.43"
"1997-07-15","1,059.02"
"1997-07-14","1,041.88"
"1997-07-11","1,015.62"
"1997-07-10","1,010.04"
"1997-07-09","1,010.10"
"1997-07-08","1,005.81"
"1997-07-07","991.04"
"1997-07-03","986.52"
"1997-07-02","975.93"
"1997-07-01","953.44"
"1997-06-30","957.30"
"1997-06-27","963.01"
"1997-06-26","967.34"
"1997-06-25","979.22"
"1997-06-24","986.42"
"1997-06-23","969.06"
"1997-06-20","981.41"
"1997-06-19","981.95"
"1997-06-18","971.55"
"1997-06-17","989.37"
"1997-06-16","975.99"
"1997-06-13","964.40"
"1997-06-12","950.00"
"1997-06-11","949.00"
"1997-06-10","941.18"
"1997-06-09","954.76"
"1997-06-06","944.99"
"1997-06-05","930.61"
"1997-06-04","921.96"
"1997-06-03","929.81"
"1997-06-02","958.69"
"1997-05-30","958.85"
"1997-05-29","970.54"
"1997-05-28","982.60"
"1997-05-27","984.61"
"1997-05-23","959.08"
"1997-05-22","946.10"
"1997-05-21","950.53"
"1997-05-20","942.11"
"1997-05-19","913.57"
"1997-05-16","915.29"
"1997-05-15","931.83"
"1997-05-14","909.92"
"1997-05-13","910.57"
"1997-05-12","924.64"
"1997-05-09","919.08"
"1997-05-08","919.31"
"1997-05-07","909.29"
"1997-05-06","914.90"
"1997-05-05","932.89"
"1997-05-02","909.49"
"1997-05-01","882.12"
"1997-04-30","874.74"
"1997-04-29","856.26"
"1997-04-28","829.39"
"1997-04-25","818.57"
"1997-04-24","837.75"
"1997-04-23","837.97"
"1997-04-22","818.08"
"1997-04-21","802.50"
"1997-04-18","816.43"
"1997-04-17","808.22"
"1997-04-16","798.68"
"1997-04-15","798.00"
"1997-04-14","806.79"
"1997-04-11","789.97"
"1997-04-10","813.43"
"1997-04-09","828.73"
"1997-04-08","840.36"
"1997-04-07","832.31"
"1997-04-04","822.40"
"1997-04-03","804.67"
"1997-04-02","783.92"
"1997-04-01","796.79"
"1997-03-31","797.06"
"1997-03-27","818.74"
"1997-03-26","834.38"
"1997-03-25","807.19"
"1997-03-24","802.37"
"1997-03-21","812.73"
"1997-03-20","821.73"
"1997-03-19","811.80"
"1997-03-18","827.57"
"1997-03-17","832.24"
"1997-03-14","838.98"
"1997-03-13","840.50"
"1997-03-12","839.32"
"1997-03-11","848.50"
"1997-03-10","854.84"
"1997-03-07","841.03"
"1997-03-06","851.51"
"1997-03-05","872.07"
"1997-03-04","862.04"
"1997-03-03","856.08"
"1997-02-28","850.46"
"1997-02-27","848.58"
"1997-02-26","880.74"
"1997-02-25","882.04"
"1997-02-24","880.26"
"1997-02-21","864.28"
"1997-02-20","880.28"
"1997-02-19","897.65"
"1997-02-18","897.53"
"1997-02-14","899.91"
"1997-02-13","907.54"
"1997-02-12","900.50"
"1997-02-11","871.71"
"1997-02-10","872.06"
"1997-02-07","899.84"
"1997-02-06","885.52"
"1997-02-05","887.39"
"1997-02-04","916.30"
"1997-02-03","918.01"
"1997-01-31","921.55"
"1997-01-30","911.71"
"1997-01-29","892.46"
"1997-01-28","890.79"
"1997-01-27","889.82"
"1997-01-24","898.37"
"1997-01-23","912.74"
"1997-01-22","925.52"
"1997-01-21","913.73"
"1997-01-20","899.78"
"1997-01-17","883.44"
"1997-01-16","873.63"
"1997-01-15","864.29"
"1997-01-14","881.38"
"1997-01-13","864.38"
"1997-01-10","865.58"
"1997-01-09","856.95"
"1997-01-08","853.09"
"1997-01-07","864.55"
"1997-01-06","853.25"
"1997-01-03","848.17"
"1997-01-02","815.60"
"1996-12-31","821.36"
"1996-12-30","826.49"
"1996-12-27","835.46"
"1996-12-26","842.98"
"1996-12-24","835.40"
"1996-12-23","824.79"
"1996-12-20","834.05"
"1996-12-19","843.73"
"1996-12-18","836.54"
"1996-12-17","815.79"
"1996-12-16","804.78"
"1996-12-13","828.45"
"1996-12-12","843.37"
"1996-12-11","856.38"
"1996-12-10","848.96"
"1996-12-09","856.64"
"1996-12-06","827.21"
"1996-12-05","835.80"
"1996-12-04","834.65"
"1996-12-03","837.91"
"1996-12-02","844.63"
"1996-11-29","834.01"
"1996-11-27","832.37"
"1996-11-26","825.51"
"1996-11-25","821.24"
"1996-11-22","818.37"
"1996-11-21","800.47"
"1996-11-20","808.39"
"1996-11-19","805.78"
"1996-11-18","793.29"
"1996-11-15","799.44"
"1996-11-14","809.75"
"1996-11-13","798.70"
"1996-11-12","794.09"
"1996-11-11","804.72"
"1996-11-08","798.66"
"1996-11-07","795.42"
"1996-11-06","786.90"
"1996-11-05","769.91"
"1996-11-04","756.23"
"1996-11-01","755.51"
"1996-10-31","751.99"
"1996-10-30","736.36"
"1996-10-29","731.21"
"1996-10-28","741.64"
"1996-10-25","743.55"
"1996-10-24","748.41"
"1996-10-23","749.70"
"1996-10-22","736.64"
"1996-10-21","746.28"
"1996-10-18","756.83"
"1996-10-17","755.80"
"1996-10-16","767.64"
"1996-10-15","775.08"
"1996-10-14","771.99"
"1996-10-11","765.64"
"1996-10-10","751.44"
"1996-10-09","753.97"
"1996-10-08","753.24"
"1996-10-07","764.82"
"1996-10-04","759.12"
"1996-10-03","743.28"
"1996-10-02","747.55"
"1996-10-01","734.50"
"1996-09-30","737.57"
"1996-09-27","744.73"
"1996-09-26","744.61"
"1996-09-25","745.69"
"1996-09-24","736.61"
"1996-09-23","733.41"
"1996-09-20","743.42"
"1996-09-19","736.76"
"1996-09-18","727.63"
"1996-09-17","722.50"
"1996-09-16","709.22"
"1996-09-13","707.86"
"1996-09-12","685.65"
"1996-09-11","675.12"
"1996-09-10","671.65"
"1996-09-09","671.98"
"1996-09-06","664.22"
"1996-09-05","652.32"
"1996-09-04","669.20"
"1996-09-03","669.29"
"1996-08-30","663.57"
"1996-08-29","671.10"
"1996-08-28","679.67"
"1996-08-27","679.05"
"1996-08-26","672.92"
"1996-08-23","677.57"
"1996-08-22","681.63"
"1996-08-21","667.42"
"1996-08-20","662.87"
"1996-08-19","670.25"
"1996-08-16","672.28"
"1996-08-15","677.09"
"1996-08-14","677.17"
"1996-08-13","669.10"
"1996-08-12","679.39"
"1996-08-09","678.31"
"1996-08-08","677.52"
"1996-08-07","682.37"
"1996-08-06","671.69"
"1996-08-05","661.02"
"1996-08-02","667.84"
"1996-08-01","651.07"
"1996-07-31","636.01"
"1996-07-30","630.32"
"1996-07-29","620.51"
"1996-07-26","633.39"
"1996-07-25","620.39"
"1996-07-24","605.05"
"1996-07-23","598.34"
"1996-07-22","624.03"
"1996-07-19","633.05"
"1996-07-18","643.74"
"1996-07-17","631.30"
"1996-07-16","614.25"
"1996-07-15","606.89"
"1996-07-12","635.06"
"1996-07-11","635.78"
"1996-07-10","657.45"
"1996-07-09","660.76"
"1996-07-08","656.00"
"1996-07-05","657.68"
"1996-07-03","673.84"
"1996-07-02","680.17"
"1996-07-01","687.07"
"1996-06-28","677.30"
"1996-06-27","671.15"
"1996-06-26","659.69"
"1996-06-25","668.04"
"1996-06-24","677.17"
"1996-06-21","672.53"
"1996-06-20","664.45"
"1996-06-19","667.72"
"1996-06-18","666.07"
"1996-06-17","678.44"
"1996-06-14","681.13"
"1996-06-13","691.84"
"1996-06-12","697.16"
"1996-06-11","690.94"
"1996-06-10","688.84"
"1996-06-07","691.46"
"1996-06-06","687.01"
"1996-06-05","699.35"
"1996-06-04","692.59"
"1996-06-03","689.25"
"1996-05-31","692.39"
"1996-05-30","684.04"
"1996-05-29","677.09"
"1996-05-28","685.07"
"1996-05-24","688.91"
"1996-05-23","692.09"
"1996-05-22","688.43"
"1996-05-21","687.86"
"1996-05-20","693.27"
"1996-05-17","690.81"
"1996-05-16","695.25"
"1996-05-15","690.16"
"1996-05-14","695.43"
"1996-05-13","688.52"
"1996-05-10","672.54"
"1996-05-09","662.54"
"1996-05-08","663.53"
"1996-05-07","660.82"
"1996-05-06","662.93"
"1996-05-03","661.07"
"1996-05-02","656.73"
"1996-05-01","673.36"
"1996-04-30","666.73"
"1996-04-29","667.00"
"1996-04-26","666.65"
"1996-04-25","666.68"
"1996-04-24","664.01"
"1996-04-23","654.49"
"1996-04-22","644.29"
"1996-04-19","633.01"
"1996-04-18","633.44"
"1996-04-17","620.71"
"1996-04-16","625.94"
"1996-04-15","611.08"
"1996-04-12","605.05"
"1996-04-11","604.07"
"1996-04-10","609.11"
"1996-04-09","611.06"
"1996-04-08","610.61"
"1996-04-04","618.00"
"1996-04-03","618.57"
"1996-04-02","615.81"
"1996-04-01","612.99"
"1996-03-29","609.69"
"1996-03-28","608.08"
"1996-03-27","608.06"
"1996-03-26","602.08"
"1996-03-25","597.82"
"1996-03-22","612.88"
"1996-03-21","611.51"
"1996-03-20","615.26"
"1996-03-19","629.39"
"1996-03-18","633.26"
"1996-03-15","621.71"
"1996-03-14","610.56"
"1996-03-13","614.75"
"1996-03-12","599.02"
"1996-03-11","605.48"
"1996-03-08","591.71"
"1996-03-07","609.55"
"1996-03-06","607.84"
"1996-03-05","615.88"
"1996-03-04","601.50"
"1996-03-01","604.76"
"1996-02-29","622.83"
"1996-02-28","631.44"
"1996-02-27","631.10"
"1996-02-26","637.92"
"1996-02-23","642.59"
"1996-02-22","643.41"
"1996-02-21","627.28"
"1996-02-20","616.83"
"1996-02-16","619.04"
"1996-02-15","620.23"
"1996-02-14","617.59"
"1996-02-13","618.54"
"1996-02-12","625.29"
"1996-02-09","623.01"
"1996-02-08","623.80"
"1996-02-07","615.07"
"1996-02-06","619.20"
"1996-02-05","615.47"
"1996-02-02","601.42"
"1996-02-01","601.88"
"1996-01-31","591.82"
"1996-01-30","583.99"
"1996-01-29","576.23"
"1996-01-26","577.05"
"1996-01-25","572.26"
"1996-01-24","582.14"
"1996-01-23","567.35"
"1996-01-22","571.25"
"1996-01-19","564.64"
"1996-01-18","554.32"
"1996-01-17","545.51"
"1996-01-16","546.05"
"1996-01-15","534.44"
"1996-01-12","552.71"
"1996-01-11","555.20"
"1996-01-10","535.29"
"1996-01-09","534.42"
"1996-01-08","563.15"
"1996-01-05","565.14"
"1996-01-04","563.48"
"1996-01-03","572.29"
"1996-01-02","585.94"
"1995-12-29","576.23"
"1995-12-28","571.96"
"1995-12-27","580.37"
"1995-12-26","585.09"
"1995-12-22","585.18"
"1995-12-21","580.76"
"1995-12-20","565.15"
"1995-12-19","575.01"
"1995-12-18","548.04"
"1995-12-15","563.28"
"1995-12-14","566.29"
"1995-12-13","587.54"
"1995-12-12","585.04"
"1995-12-11","596.11"
"1995-12-08","599.38"
"1995-12-07","587.13"
"1995-12-06","589.98"
"1995-12-05","591.23"
"1995-12-04","598.00"
"1995-12-01","587.02"
"1995-11-30","593.72"
"1995-11-29","599.58"
"1995-11-28","598.00"
"1995-11-27","573.91"
"1995-11-24","578.32"
"1995-11-22","569.04"
"1995-11-21","574.22"
"1995-11-20","571.67"
"1995-11-17","588.81"
"1995-11-16","591.70"
"1995-11-15","593.48"
"1995-11-14","591.68"
"1995-11-13","608.32"
"1995-11-10","613.61"
"1995-11-09","616.95"
"1995-11-08","598.72"
"1995-11-07","596.23"
"1995-11-06","615.72"
"1995-11-03","621.71"
"1995-11-02","614.69"
"1995-11-01","600.91"
"1995-10-31","598.78"
"1995-10-30","607.10"
"1995-10-27","593.53"
"1995-10-26","582.47"
"1995-10-25","584.33"
"1995-10-24","594.23"
"1995-10-23","593.27"
"1995-10-20","591.88"
"1995-10-19","601.26"
"1995-10-18","597.97"
"1995-10-17","589.43"
"1995-10-16","568.46"
"1995-10-13","570.00"
"1995-10-12","573.10"
"1995-10-11","564.33"
"1995-10-10","550.76"
"1995-10-09","546.93"
"1995-10-06","567.42"
"1995-10-05","572.75"
"1995-10-04","558.99"
"1995-10-03","573.16"
"1995-10-02","573.87"
"1995-09-29","585.08"
"1995-09-28","595.44"
"1995-09-27","576.22"
"1995-09-26","580.77"
"1995-09-25","587.93"
"1995-09-22","592.64"
"1995-09-21","594.85"
"1995-09-20","603.19"
"1995-09-19","601.02"
"1995-09-18","591.13"
"1995-09-15","589.01"
"1995-09-14","604.12"
"1995-09-13","607.70"
"1995-09-12","605.99"
"1995-09-11","609.75"
"1995-09-08","604.27"
"1995-09-07","599.14"
"1995-09-06","594.12"
"1995-09-05","595.36"
"1995-09-01","573.21"
"1995-08-31","576.77"
"1995-08-30","572.83"
"1995-08-29","566.82"
"1995-08-28","566.05"
"1995-08-25","580.10"
"1995-08-24","583.16"
"1995-08-23","591.32"
"1995-08-22","589.25"
"1995-08-21","578.89"
"1995-08-18","595.52"
"1995-08-17","596.28"
"1995-08-16","596.43"
"1995-08-15","584.05"
"1995-08-14","584.73"
"1995-08-11","575.64"
"1995-08-10","569.75"
"1995-08-09","575.49"
"1995-08-08","565.71"
"1995-08-07","563.65"
"1995-08-04","560.58"
"1995-08-03","553.06"
"1995-08-02","551.56"
"1995-08-01","559.21"
"1995-07-31","568.88"
"1995-07-28","574.18"
"1995-07-27","584.25"
"1995-07-26","576.84"
"1995-07-25","572.71"
"1995-07-24","562.64"
"1995-07-21","547.78"
"1995-07-20","550.33"
"1995-07-19","547.12"
"1995-07-18","578.46"
"1995-07-17","596.91"
"1995-07-14","589.85"
"1995-07-13","583.25"
"1995-07-12","579.71"
"1995-07-11","563.98"
"1995-07-10","573.56"
"1995-07-07","567.56"
"1995-07-06","553.87"
"1995-07-05","543.39"
"1995-07-03","538.97"
"1995-06-30","538.03"
"1995-06-29","536.21"
"1995-06-28","530.65"
"1995-06-27","527.84"
"1995-06-26","536.49"
"1995-06-23","544.66"
"1995-06-22","546.06"
"1995-06-21","535.52"
"1995-06-20","539.55"
"1995-06-19","530.53"
"1995-06-16","517.57"
"1995-06-15","511.99"
"1995-06-14","506.09"
"1995-06-13","505.32"
"1995-06-12","501.69"
"1995-06-09","500.41"
"1995-06-08","500.86"
"1995-06-07","497.15"
"1995-06-06","495.12"
"1995-06-05","500.81"
"1995-06-02","492.65"
"1995-06-01","490.96"
"1995-05-31","488.10"
"1995-05-30","482.08"
"1995-05-26","496.06"
"1995-05-25","501.66"
"1995-05-24","500.50"
"1995-05-23","503.12"
"1995-05-22","495.09"
"1995-05-19","489.87"
"1995-05-18","488.02"
"1995-05-17","494.69"
"1995-05-16","491.04"
"1995-05-15","486.34"
"1995-05-12","483.19"
"1995-05-11","479.57"
"1995-05-10","472.88"
"1995-05-09","476.00"
"1995-05-08","476.78"
"1995-05-05","470.30"
"1995-05-04","474.10"
"1995-05-03","474.93"
"1995-05-02","465.38"
"1995-05-01","466.05"
"1995-04-28","469.56"
"1995-04-27","465.34"
"1995-04-26","463.03"
"1995-04-25","459.10"
"1995-04-24","456.41"
"1995-04-21","451.34"
"1995-04-20","449.01"
"1995-04-19","447.06"
"1995-04-18","453.43"
"1995-04-17","457.06"
"1995-04-13","458.93"
"1995-04-12","456.98"
"1995-04-11","453.33"
"1995-04-10","449.36"
"1995-04-07","444.01"
"1995-04-06","439.92"
"1995-04-05","444.66"
"1995-04-04","441.86"
"1995-04-03","448.49"
"1995-03-31","447.15"
"1995-03-30","448.42"
"1995-03-29","451.87"
"1995-03-28","460.54"
"1995-03-27","457.12"
"1995-03-24","455.43"
"1995-03-23","448.82"
"1995-03-22","447.13"
"1995-03-21","447.13"
"1995-03-20","446.61"
"1995-03-17","443.94"
"1995-03-16","444.68"
"1995-03-15","443.57"
"1995-03-14","446.27"
"1995-03-13","440.82"
"1995-03-10","441.76"
"1995-03-09","437.02"
"1995-03-08","437.01"
"1995-03-07","432.12"
"1995-03-06","437.24"
"1995-03-03","436.68"
"1995-03-02","431.68"
"1995-03-01","429.80"
"1995-02-28","432.50"
"1995-02-27","424.75"
"1995-02-24","428.42"
"1995-02-23","431.03"
"1995-02-22","429.21"
"1995-02-21","424.82"
"1995-02-17","425.66"
"1995-02-16","430.86"
"1995-02-15","432.49"
"1995-02-14","429.81"
"1995-02-13","428.77"
"1995-02-10","430.77"
"1995-02-09","426.43"
"1995-02-08","425.66"
"1995-02-07","420.57"
"1995-02-06","420.93"
"1995-02-03","416.14"
"1995-02-02","411.15"
"1995-02-01","407.06"
"1995-01-31","405.33"
"1995-01-30","401.71"
"1995-01-27","407.22"
"1995-01-26","406.50"
"1995-01-25","410.87"
"1995-01-24","413.60"
"1995-01-23","411.89"
"1995-01-20","410.13"
"1995-01-19","417.83"
"1995-01-18","419.26"
"1995-01-17","416.89"
"1995-01-16","413.65"
"1995-01-13","410.48"
"1995-01-12","407.32"
"1995-01-11","407.10"
"1995-01-10","407.57"
"1995-01-09","403.53"
"1995-01-06","401.59"
"1995-01-05","398.02"
"1995-01-04","399.65"
"1995-01-03","398.00"
"1994-12-30","404.27"
"1994-12-29","406.31"
"1994-12-28","400.26"
"1994-12-27","404.03"
"1994-12-23","401.15"
"1994-12-22","399.80"
"1994-12-21","397.80"
"1994-12-20","390.61"
"1994-12-19","390.42"
"1994-12-16","392.01"
"1994-12-15","393.70"
"1994-12-14","391.65"
"1994-12-13","387.53"
"1994-12-12","388.88"
"1994-12-09","388.63"
"1994-12-08","386.30"
"1994-12-07","395.75"
"1994-12-06","399.98"
"1994-12-05","402.71"
"1994-12-02","402.04"
"1994-12-01","397.66"
"1994-11-30","404.82"
"1994-11-29","409.10"
"1994-11-28","403.82"
"1994-11-25","401.17"
"1994-11-23","397.17"
"1994-11-22","397.93"
"1994-11-21","409.28"
"1994-11-18","412.43"
"1994-11-17","410.98"
"1994-11-16","412.72"
"1994-11-15","411.78"
"1994-11-14","412.17"
"1994-11-11","404.78"
"1994-11-10","406.12"
"1994-11-09","408.32"
"1994-11-08","407.44"
"1994-11-07","400.19"
"1994-11-04","401.46"
"1994-11-03","408.17"
"1994-11-02","408.91"
"1994-11-01","410.06"
"1994-10-31","413.05"
"1994-10-28","411.84"
"1994-10-27","405.62"
"1994-10-26","403.83"
"1994-10-25","398.48"
"1994-10-24","398.79"
"1994-10-21","400.52"
"1994-10-20","402.99"
"1994-10-19","403.73"
"1994-10-18","398.00"
"1994-10-17","396.85"
"1994-10-14","398.80"
"1994-10-13","399.86"
"1994-10-12","399.85"
"1994-10-11","400.29"
"1994-10-10","392.85"
"1994-10-07","387.36"
"1994-10-06","382.85"
"1994-10-05","386.99"
"1994-10-04","382.71"
"1994-10-03","392.72"
"1994-09-30","393.85"
"1994-09-29","391.22"
"1994-09-28","391.97"
"1994-09-27","389.33"
"1994-09-26","388.90"
"1994-09-23","390.20"
"1994-09-22","393.55"
"1994-09-21","393.71"
"1994-09-20","396.85"
"1994-09-19","403.88"
"1994-09-16","404.47"
"1994-09-15","407.10"
"1994-09-14","397.79"
"1994-09-13","396.69"
"1994-09-12","391.67"
"1994-09-09","394.84"
"1994-09-08","400.75"
"1994-09-07","397.05"
"1994-09-06","393.69"
"1994-09-02","391.41"
"1994-09-01","391.61"
"1994-08-31","397.90"
"1994-08-30","401.74"
"1994-08-29","398.44"
"1994-08-26","399.26"
"1994-08-25","391.49"
"1994-08-24","388.44"
"1994-08-23","386.74"
"1994-08-22","382.81"
"1994-08-19","384.12"
"1994-08-18","385.63"
"1994-08-17","386.90"
"1994-08-16","380.53"
"1994-08-15","377.08"
"1994-08-12","376.96"
"1994-08-11","374.49"
"1994-08-10","373.93"
"1994-08-09","370.66"
"1994-08-08","368.89"
"1994-08-05","367.15"
"1994-08-04","367.55"
"1994-08-03","370.48"
"1994-08-02","372.78"
"1994-08-01","373.58"
"1994-07-29","370.16"
"1994-07-28","362.14"
"1994-07-27","361.81"
"1994-07-26","364.01"
"1994-07-25","366.11"
"1994-07-22","365.06"
"1994-07-21","362.21"
"1994-07-20","359.53"
"1994-07-19","364.72"
"1994-07-18","368.18"
"1994-07-15","367.24"
"1994-07-14","367.52"
"1994-07-13","369.14"
"1994-07-12","361.31"
"1994-07-11","358.79"
"1994-07-08","359.31"
"1994-07-07","359.23"
"1994-07-06","353.62"
"1994-07-05","356.91"
"1994-07-01","360.03"
"1994-06-30","360.30"
"1994-06-29","362.73"
"1994-06-28","362.05"
"1994-06-27","361.16"
"1994-06-24","351.76"
"1994-06-23","353.49"
"1994-06-22","363.23"
"1994-06-21","360.98"
"1994-06-20","367.83"
"1994-06-17","371.94"
"1994-06-16","377.80"
"1994-06-15","377.78"
"1994-06-14","377.38"
"1994-06-13","371.88"
"1994-06-10","374.64"
"1994-06-09","370.30"
"1994-06-08","371.00"
"1994-06-07","379.99"
"1994-06-06","382.80"
"1994-06-03","382.78"
"1994-06-02","380.66"
"1994-06-01","379.23"
"1994-05-31","378.85"
"1994-05-27","376.81"
"1994-05-26","375.80"
"1994-05-25","378.24"
"1994-05-24","377.00"
"1994-05-23","369.89"
"1994-05-20","370.37"
"1994-05-19","371.71"
"1994-05-18","368.59"
"1994-05-17","360.50"
"1994-05-16","360.49"
"1994-05-13","364.82"
"1994-05-12","366.64"
"1994-05-11","365.18"
"1994-05-10","370.02"
"1994-05-09","368.00"
"1994-05-06","374.57"
"1994-05-05","378.23"
"1994-05-04","377.53"
"1994-05-03","377.07"
"1994-05-02","379.82"
"1994-04-29","373.25"
"1994-04-28","372.45"
"1994-04-26","375.46"
"1994-04-25","374.79"
"1994-04-22","369.08"
"1994-04-21","367.02"
"1994-04-20","355.38"
"1994-04-19","357.36"
"1994-04-18","360.46"
"1994-04-15","366.29"
"1994-04-14","365.65"
"1994-04-13","367.25"
"1994-04-12","375.46"
"1994-04-11","383.85"
"1994-04-08","384.90"
"1994-04-07","390.97"
"1994-04-06","388.76"
"1994-04-05","389.31"
"1994-04-04","375.42"
"1994-03-31","382.96"
"1994-03-30","380.25"
"1994-03-29","383.00"
"1994-03-28","393.92"
"1994-03-25","399.86"
"1994-03-24","403.92"
"1994-03-23","410.50"
"1994-03-22","410.67"
"1994-03-21","412.99"
"1994-03-18","417.52"
"1994-03-17","418.45"
"1994-03-16","415.31"
"1994-03-15","412.83"
"1994-03-14","412.93"
"1994-03-11","409.43"
"1994-03-10","409.77"
"1994-03-09","413.08"
"1994-03-08","411.97"
"1994-03-07","415.30"
"1994-03-04","411.99"
"1994-03-03","408.17"
"1994-03-02","408.18"
"1994-03-01","409.69"
"1994-02-28","412.17"
"1994-02-25","406.45"
"1994-02-24","402.79"
"1994-02-23","408.91"
"1994-02-22","410.48"
"1994-02-18","407.94"
"1994-02-17","407.39"
"1994-02-16","408.74"
"1994-02-15","408.28"
"1994-02-14","405.11"
"1994-02-11","401.83"
"1994-02-10","401.31"
"1994-02-09","403.91"
"1994-02-08","401.46"
"1994-02-07","399.62"
"1994-02-04","397.48"
"1994-02-03","410.05"
"1994-02-02","411.78"
"1994-02-01","410.22"
"1994-01-31","413.99"
"1994-01-28","412.52"
"1994-01-27","409.93"
"1994-01-26","407.19"
"1994-01-25","406.48"
"1994-01-24","409.23"
"1994-01-21","411.59"
"1994-01-20","411.53"
"1994-01-19","406.38"
"1994-01-18","410.95"
"1994-01-17","410.79"
"1994-01-14","411.75"
"1994-01-13","408.00"
"1994-01-12","408.47"
"1994-01-11","407.85"
"1994-01-10","408.91"
"1994-01-07","404.78"
"1994-01-06","404.21"
"1994-01-05","401.07"
"1994-01-04","398.19"
"1994-01-03","395.53"
"1993-12-31","398.28"
"1993-12-30","397.73"
"1993-12-29","395.38"
"1993-12-28","394.74"
"1993-12-27","391.84"
"1993-12-23","390.32"
"1993-12-22","388.40"
"1993-12-21","388.51"
"1993-12-20","389.72"
"1993-12-17","389.04"
"1993-12-16","386.18"
"1993-12-15","384.95"
"1993-12-14","382.83"
"1993-12-13","387.78"
"1993-12-10","386.96"
"1993-12-09","387.25"
"1993-12-08","394.81"
"1993-12-07","396.98"
"1993-12-06","399.01"
"1993-12-03","401.77"
"1993-12-02","396.17"
"1993-12-01","392.95"
"1993-11-30","386.76"
"1993-11-29","383.18"
"1993-11-26","386.32"
"1993-11-24","385.04"
"1993-11-23","381.22"
"1993-11-22","373.37"
"1993-11-19","380.57"
"1993-11-18","381.74"
"1993-11-17","385.80"
"1993-11-16","393.38"
"1993-11-15","391.12"
"1993-11-12","395.17"
"1993-11-11","394.66"
"1993-11-10","392.98"
"1993-11-09","385.92"
"1993-11-08","384.85"
"1993-11-05","383.64"
"1993-11-04","377.46"
"1993-11-03","387.93"
"1993-11-02","395.32"
"1993-11-01","395.03"
"1993-10-29","390.98"
"1993-10-28","389.24"
"1993-10-27","390.25"
"1993-10-26","384.60"
"1993-10-25","387.40"
"1993-10-22","388.19"
"1993-10-21","387.36"
"1993-10-20","383.93"
"1993-10-19","382.73"
"1993-10-18","389.85"
"1993-10-15","392.45"
"1993-10-14","391.98"
"1993-10-13","386.30"
"1993-10-12","382.57"
"1993-10-11","380.65"
"1993-10-08","381.32"
"1993-10-07","377.99"
"1993-10-06","380.42"
"1993-10-05","381.27"
"1993-10-04","384.30"
"1993-10-01","382.81"
"1993-09-30","382.71"
"1993-09-29","386.89"
"1993-09-28","386.02"
"1993-09-27","382.51"
"1993-09-24","378.04"
"1993-09-23","377.07"
"1993-09-22","374.00"
"1993-09-21","365.64"
"1993-09-20","367.45"
"1993-09-17","366.18"
"1993-09-16","365.74"
"1993-09-15","367.32"
"1993-09-14","364.20"
"1993-09-13","367.59"
"1993-09-10","370.64"
"1993-09-09","368.30"
"1993-09-08","364.85"
"1993-09-07","366.68"
"1993-09-03","373.70"
"1993-09-02","374.57"
"1993-09-01","374.16"
"1993-08-31","372.65"
"1993-08-30","369.30"
"1993-08-27","366.50"
"1993-08-26","364.67"
"1993-08-25","367.95"
"1993-08-24","371.00"
"1993-08-23","370.49"
"1993-08-20","370.87"
"1993-08-19","370.27"
"1993-08-18","375.82"
"1993-08-17","374.16"
"1993-08-16","370.60"
"1993-08-13","360.45"
"1993-08-12","359.40"
"1993-08-11","359.73"
"1993-08-10","358.64"
"1993-08-09","362.30"
"1993-08-06","363.14"
"1993-08-05","362.41"
"1993-08-04","360.11"
"1993-08-03","356.23"
"1993-08-02","355.25"
"1993-07-30","352.86"
"1993-07-29","357.33"
"1993-07-28","356.81"
"1993-07-27","352.02"
"1993-07-26","356.40"
"1993-07-23","353.20"
"1993-07-22","348.35"
"1993-07-21","352.64"
"1993-07-20","355.76"
"1993-07-19","349.06"
"1993-07-16","351.07"
"1993-07-15","360.46"
"1993-07-14","363.74"
"1993-07-13","361.98"
"1993-07-12","362.87"
"1993-07-09","362.46"
"1993-07-08","360.70"
"1993-07-07","357.86"
"1993-07-06","360.80"
"1993-07-02","364.21"
"1993-07-01","363.73"
"1993-06-30","366.12"
"1993-06-29","365.96"
"1993-06-28","368.45"
"1993-06-25","362.23"
"1993-06-24","357.83"
"1993-06-23","354.93"
"1993-06-22","356.20"
"1993-06-21","357.86"
"1993-06-18","357.96"
"1993-06-17","364.01"
"1993-06-16","365.02"
"1993-06-15","366.98"
"1993-06-14","367.14"
"1993-06-11","363.08"
"1993-06-10","359.55"
"1993-06-09","360.25"
"1993-06-08","360.74"
"1993-06-07","364.36"
"1993-06-04","368.62"
"1993-06-03","372.06"
"1993-06-02","372.68"
"1993-06-01","372.53"
"1993-05-28","368.11"
"1993-05-27","372.73"
"1993-05-26","374.35"
"1993-05-25","366.22"
"1993-05-24","367.09"
"1993-05-21","366.67"
"1993-05-20","370.45"
"1993-05-19","364.67"
"1993-05-18","356.00"
"1993-05-17","352.67"
"1993-05-14","349.80"
"1993-05-13","347.71"
"1993-05-12","350.96"
"1993-05-11","353.01"
"1993-05-10","354.85"
"1993-05-07","353.23"
"1993-05-06","351.71"
"1993-05-05","355.35"
"1993-05-04","353.28"
"1993-05-03","344.97"
"1993-04-30","339.95"
"1993-04-29","338.98"
"1993-04-28","339.66"
"1993-04-27","334.60"
"1993-04-26","327.28"
"1993-04-23","333.66"
"1993-04-22","338.48"
"1993-04-21","340.20"
"1993-04-20","339.06"
"1993-04-19","337.45"
"1993-04-16","340.65"
"1993-04-15","343.89"
"1993-04-14","346.49"
"1993-04-13","345.87"
"1993-04-12","349.01"
"1993-04-08","341.56"
"1993-04-07","345.18"
"1993-04-06","340.55"
"1993-04-05","344.70"
"1993-04-02","341.18"
"1993-04-01","354.33"
"1993-03-31","359.42"
"1993-03-30","357.72"
"1993-03-29","351.40"
"1993-03-26","352.64"
"1993-03-25","354.38"
"1993-03-24","348.51"
"1993-03-23","348.14"
"1993-03-22","349.42"
"1993-03-19","351.55"
"1993-03-18","355.50"
"1993-03-17","355.65"
"1993-03-16","363.61"
"1993-03-15","364.32"
"1993-03-12","362.65"
"1993-03-11","361.73"
"1993-03-10","361.26"
"1993-03-09","359.40"
"1993-03-08","359.44"
"1993-03-05","355.57"
"1993-03-04","355.53"
"1993-03-03","359.96"
"1993-03-02","356.21"
"1993-03-01","349.10"
"1993-02-26","351.14"
"1993-02-25","351.67"
"1993-02-24","350.12"
"1993-02-23","341.24"
"1993-02-22","340.35"
"1993-02-19","347.92"
"1993-02-18","348.28"
"1993-02-17","345.91"
"1993-02-16","346.89"
"1993-02-12","361.19"
"1993-02-11","366.33"
"1993-02-10","367.30"
"1993-02-09","362.95"
"1993-02-08","365.73"
"1993-02-05","369.00"
"1993-02-04","374.24"
"1993-02-03","376.54"
"1993-02-02","377.44"
"1993-02-01","375.48"
"1993-01-29","370.56"
"1993-01-28","370.67"
"1993-01-27","372.61"
"1993-01-26","379.38"
"1993-01-25","381.05"
"1993-01-22","377.82"
"1993-01-21","379.34"
"1993-01-20","375.73"
"1993-01-19","376.02"
"1993-01-18","378.76"
"1993-01-15","379.23"
"1993-01-14","381.34"
"1993-01-13","375.85"
"1993-01-12","367.90"
"1993-01-11","370.80"
"1993-01-08","365.54"
"1993-01-07","364.02"
"1993-01-06","366.97"
"1993-01-05","360.23"
"1993-01-04","356.37"
"1992-12-31","360.18"
"1992-12-30","359.93"
"1992-12-29","359.81"
"1992-12-28","359.07"
"1992-12-24","357.56"
"1992-12-23","356.49"
"1992-12-22","355.64"
"1992-12-21","359.33"
"1992-12-18","357.89"
"1992-12-17","356.85"
"1992-12-16","348.95"
"1992-12-15","346.95"
"1992-12-14","349.40"
"1992-12-11","350.89"
"1992-12-10","354.55"
"1992-12-09","357.82"
"1992-12-08","360.58"
"1992-12-07","361.83"
"1992-12-04","358.40"
"1992-12-03","354.79"
"1992-12-02","351.57"
"1992-12-01","352.67"
"1992-11-30","350.96"
"1992-11-27","349.32"
"1992-11-25","349.66"
"1992-11-24","349.98"
"1992-11-23","343.44"
"1992-11-20","348.80"
"1992-11-19","346.76"
"1992-11-18","344.31"
"1992-11-17","338.23"
"1992-11-16","344.63"
"1992-11-13","348.49"
"1992-11-12","346.80"
"1992-11-11","347.86"
"1992-11-10","344.39"
"1992-11-09","340.58"
"1992-11-06","338.14"
"1992-11-05","336.49"
"1992-11-04","327.76"
"1992-11-03","325.96"
"1992-11-02","330.33"
"1992-10-30","329.15"
"1992-10-29","331.09"
"1992-10-28","326.67"
"1992-10-27","323.92"
"1992-10-26","327.17"
"1992-10-23","325.44"
"1992-10-22","326.10"
"1992-10-21","326.07"
"1992-10-20","323.38"
"1992-10-19","322.79"
"1992-10-16","316.39"
"1992-10-15","312.14"
"1992-10-14","309.58"
"1992-10-13","310.13"
"1992-10-12","308.11"
"1992-10-09","305.63"
"1992-10-08","308.35"
"1992-10-07","305.38"
"1992-10-06","307.96"
"1992-10-05","303.68"
"1992-10-02","304.39"
"1992-10-01","309.04"
"1992-09-30","313.18"
"1992-09-29","310.65"
"1992-09-28","307.87"
"1992-09-25","310.23"
"1992-09-24","317.54"
"1992-09-23","315.82"
"1992-09-22","314.27"
"1992-09-21","319.26"
"1992-09-18","319.91"
"1992-09-17","319.23"
"1992-09-16","318.45"
"1992-09-15","319.89"
"1992-09-14","324.63"
"1992-09-11","315.19"
"1992-09-10","314.82"
"1992-09-09","309.99"
"1992-09-08","305.77"
"1992-09-04","306.39"
"1992-09-03","308.17"
"1992-09-02","306.57"
"1992-09-01","301.97"
"1992-08-31","299.26"
"1992-08-28","299.14"
"1992-08-27","299.46"
"1992-08-26","296.20"
"1992-08-25","292.08"
"1992-08-24","290.71"
"1992-08-21","295.69"
"1992-08-20","299.42"
"1992-08-19","298.32"
"1992-08-18","300.44"
"1992-08-17","300.39"
"1992-08-14","302.23"
"1992-08-13","301.27"
"1992-08-12","300.95"
"1992-08-11","302.51"
"1992-08-10","304.23"
"1992-08-07","303.32"
"1992-08-06","304.56"
"1992-08-05","306.58"
"1992-08-04","311.08"
"1992-08-03","312.75"
"1992-07-31","310.89"
"1992-07-30","310.93"
"1992-07-29","310.11"
"1992-07-28","306.76"
"1992-07-27","301.84"
"1992-07-24","303.42"
"1992-07-23","302.49"
"1992-07-22","301.17"
"1992-07-21","305.10"
"1992-07-20","300.45"
"1992-07-17","305.54"
"1992-07-16","311.28"
"1992-07-15","309.39"
"1992-07-14","309.24"
"1992-07-13","304.98"
"1992-07-10","302.83"
"1992-07-09","302.19"
"1992-07-08","297.56"
"1992-07-07","296.27"
"1992-07-06","302.40"
"1992-07-02","300.88"
"1992-07-01","306.03"
"1992-06-30","301.23"
"1992-06-29","300.80"
"1992-06-26","290.03"
"1992-06-25","291.26"
"1992-06-24","295.29"
"1992-06-23","297.45"
"1992-06-22","295.24"
"1992-06-19","296.86"
"1992-06-18","291.93"
"1992-06-17","293.40"
"1992-06-16","299.20"
"1992-06-15","303.86"
"1992-06-12","304.11"
"1992-06-11","302.58"
"1992-06-10","302.60"
"1992-06-09","304.86"
"1992-06-08","310.23"
"1992-06-05","313.24"
"1992-06-04","315.93"
"1992-06-03","317.34"
"1992-06-02","317.23"
"1992-06-01","318.98"
"1992-05-29","315.30"
"1992-05-28","311.98"
"1992-05-27","308.08"
"1992-05-26","305.89"
"1992-05-22","308.38"
"1992-05-21","307.94"
"1992-05-20","309.55"
"1992-05-19","306.41"
"1992-05-18","304.58"
"1992-05-15","303.02"
"1992-05-14","304.55"
"1992-05-13","308.75"
"1992-05-12","310.04"
"1992-05-11","311.90"
"1992-05-08","311.27"
"1992-05-07","312.73"
"1992-05-06","315.11"
"1992-05-05","314.77"
"1992-05-04","310.71"
"1992-05-01","307.48"
"1992-04-30","307.86"
"1992-04-29","302.98"
"1992-04-28","294.62"
"1992-04-27","299.65"
"1992-04-24","303.82"
"1992-04-23","307.52"
"1992-04-22","309.54"
"1992-04-21","305.62"
"1992-04-20","307.88"
"1992-04-16","319.23"
"1992-04-15","326.07"
"1992-04-14","320.55"
"1992-04-13","317.15"
"1992-04-10","312.98"
"1992-04-09","319.54"
"1992-04-08","310.85"
"1992-04-07","312.95"
"1992-04-06","324.55"
"1992-04-03","316.39"
"1992-04-02","317.67"
"1992-04-01","323.92"
"1992-03-31","323.05"
"1992-03-30","322.35"
"1992-03-27","324.22"
"1992-03-26","333.30"
"1992-03-25","337.65"
"1992-03-24","336.93"
"1992-03-23","339.04"
"1992-03-20","340.86"
"1992-03-19","342.55"
"1992-03-18","342.62"
"1992-03-17","342.92"
"1992-03-16","338.27"
"1992-03-13","336.47"
"1992-03-12","334.83"
"1992-03-11","335.05"
"1992-03-10","340.32"
"1992-03-09","333.32"
"1992-03-06","333.00"
"1992-03-05","337.52"
"1992-03-04","341.61"
"1992-03-03","345.70"
"1992-03-02","346.64"
"1992-02-28","345.88"
"1992-02-27","347.39"
"1992-02-26","347.81"
"1992-02-25","338.33"
"1992-02-24","338.96"
"1992-02-21","342.39"
"1992-02-20","345.33"
"1992-02-19","338.06"
"1992-02-18","338.55"
"1992-02-14","346.70"
"1992-02-13","349.81"
"1992-02-12","355.98"
"1992-02-11","344.40"
"1992-02-10","345.23"
"1992-02-07","346.80"
"1992-02-06","349.07"
"1992-02-05","350.86"
"1992-02-04","346.92"
"1992-02-03","341.38"
"1992-01-31","338.32"
"1992-01-30","338.39"
"1992-01-29","337.29"
"1992-01-28","340.85"
"1992-01-27","340.48"
"1992-01-24","345.45"
"1992-01-23","346.08"
"1992-01-22","346.32"
"1992-01-21","328.04"
"1992-01-20","341.81"
"1992-01-17","349.73"
"1992-01-16","351.92"
"1992-01-15","355.60"
"1992-01-14","352.59"
"1992-01-13","348.27"
"1992-01-10","347.11"
"1992-01-09","350.32"
"1992-01-08","344.29"
"1992-01-07","339.64"
"1992-01-06","336.89"
"1992-01-03","334.83"
"1992-01-02","333.36"
"1991-12-31","330.86"
"1991-12-30","326.73"
"1991-12-27","316.77"
"1991-12-26","313.68"
"1991-12-24","307.08"
"1991-12-23","303.30"
"1991-12-20","295.82"
"1991-12-19","294.53"
"1991-12-18","299.61"
"1991-12-17","298.89"
"1991-12-16","303.02"
"1991-12-13","301.33"
"1991-12-12","297.98"
"1991-12-11","294.84"
"1991-12-10","296.33"
"1991-12-09","295.77"
"1991-12-06","296.14"
"1991-12-05","294.33"
"1991-12-04","295.11"
"1991-12-03","293.95"
"1991-12-02","293.93"
"1991-11-29","284.79"
"1991-11-27","285.23"
"1991-11-26","284.13"
"1991-11-25","283.02"
"1991-11-22","286.32"
"1991-11-21","288.61"
"1991-11-20","285.20"
"1991-11-19","284.39"
"1991-11-18","288.59"
"1991-11-15","284.52"
"1991-11-14","301.05"
"1991-11-13","302.83"
"1991-11-12","301.96"
"1991-11-11","297.85"
"1991-11-08","295.55"
"1991-11-07","292.88"
"1991-11-06","289.43"
"1991-11-05","289.05"
"1991-11-04","286.93"
"1991-11-01","290.01"
"1991-10-31","292.51"
"1991-10-30","294.72"
"1991-10-29","290.08"
"1991-10-28","286.38"
"1991-10-25","282.94"
"1991-10-24","285.65"
"1991-10-23","289.35"
"1991-10-22","290.79"
"1991-10-21","290.86"
"1991-10-18","293.11"
"1991-10-17","292.46"
"1991-10-16","297.65"
"1991-10-15","293.31"
"1991-10-14","287.17"
"1991-10-11","281.50"
"1991-10-10","279.11"
"1991-10-09","276.51"
"1991-10-08","280.02"
"1991-10-07","278.89"
"1991-10-04","280.52"
"1991-10-03","280.41"
"1991-10-02","285.06"
"1991-10-01","288.37"
"1991-09-30","287.54"
"1991-09-27","285.94"
"1991-09-26","287.92"
"1991-09-25","288.99"
"1991-09-24","287.35"
"1991-09-23","284.86"
"1991-09-20","286.64"
"1991-09-19","283.51"
"1991-09-18","281.04"
"1991-09-17","278.09"
"1991-09-16","278.58"
"1991-09-13","279.49"
"1991-09-12","285.55"
"1991-09-11","279.65"
"1991-09-10","276.39"
"1991-09-09","281.34"
"1991-09-06","279.96"
"1991-09-05","280.73"
"1991-09-04","281.82"
"1991-09-03","284.33"
"1991-08-30","287.40"
"1991-08-29","288.59"
"1991-08-28","289.88"
"1991-08-27","286.77"
"1991-08-26","286.70"
"1991-08-23","286.77"
"1991-08-22","284.55"
"1991-08-21","286.07"
"1991-08-20","274.20"
"1991-08-19","271.96"
"1991-08-16","279.51"
"1991-08-15","281.81"
"1991-08-14","284.73"
"1991-08-13","282.47"
"1991-08-12","280.25"
"1991-08-09","278.15"
"1991-08-08","278.76"
"1991-08-07","276.54"
"1991-08-06","274.74"
"1991-08-05","272.16"
"1991-08-02","275.47"
"1991-08-01","274.24"
"1991-07-31","272.15"
"1991-07-30","269.32"
"1991-07-29","264.62"
"1991-07-26","264.22"
"1991-07-25","261.20"
"1991-07-24","257.86"
"1991-07-23","259.32"
"1991-07-22","264.34"
"1991-07-19","266.92"
"1991-07-18","266.23"
"1991-07-17","263.38"
"1991-07-16","264.48"
"1991-07-15","268.90"
"1991-07-12","267.44"
"1991-07-11","263.84"
"1991-07-10","263.33"
"1991-07-09","260.68"
"1991-07-08","258.93"
"1991-07-05","251.98"
"1991-07-03","252.43"
"1991-07-02","256.09"
"1991-07-01","259.12"
"1991-06-28","254.20"
"1991-06-27","255.26"
"1991-06-26","252.45"
"1991-06-25","250.99"
"1991-06-24","250.88"
"1991-06-21","260.28"
"1991-06-20","260.56"
"1991-06-19","260.27"
"1991-06-18","265.48"
"1991-06-17","267.57"
"1991-06-14","267.80"
"1991-06-13","264.79"
"1991-06-12","265.29"
"1991-06-11","269.26"
"1991-06-10","268.38"
"1991-06-07","270.57"
"1991-06-06","274.21"
"1991-06-05","277.36"
"1991-06-04","281.13"
"1991-06-03","280.93"
"1991-05-31","279.00"
"1991-05-30","277.24"
"1991-05-29","274.36"
"1991-05-28","273.38"
"1991-05-24","269.51"
"1991-05-23","267.17"
"1991-05-22","265.69"
"1991-05-21","261.26"
"1991-05-20","258.62"
"1991-05-17","260.46"
"1991-05-16","260.70"
"1991-05-15","258.11"
"1991-05-14","266.09"
"1991-05-13","268.99"
"1991-05-10","268.71"
"1991-05-09","271.24"
"1991-05-08","267.17"
"1991-05-07","266.24"
"1991-05-06","267.33"
"1991-05-03","267.11"
"1991-05-02","266.52"
"1991-05-01","264.22"
"1991-04-30","263.65"
"1991-04-29","266.14"
"1991-04-26","271.30"
"1991-04-25","271.96"
"1991-04-24","274.54"
"1991-04-23","272.14"
"1991-04-22","271.33"
"1991-04-19","274.01"
"1991-04-18","277.78"
"1991-04-17","283.39"
"1991-04-16","282.03"
"1991-04-15","278.29"
"1991-04-12","279.20"
"1991-04-11","278.45"
"1991-04-10","271.07"
"1991-04-09","272.93"
"1991-04-08","275.65"
"1991-04-05","275.44"
"1991-04-04","277.29"
"1991-04-03","275.15"
"1991-04-02","273.85"
"1991-04-01","264.60"
"1991-03-28","264.90"
"1991-03-27","266.55"
"1991-03-26","264.67"
"1991-03-25","255.77"
"1991-03-22","252.27"
"1991-03-21","252.97"
"1991-03-20","256.09"
"1991-03-19","253.85"
"1991-03-18","255.62"
"1991-03-15","254.63"
"1991-03-14","255.79"
"1991-03-13","257.07"
"1991-03-12","250.67"
"1991-03-11","255.18"
"1991-03-08","262.86"
"1991-03-07","264.57"
"1991-03-06","263.15"
"1991-03-05","262.18"
"1991-03-04","253.38"
"1991-03-01","252.39"
"1991-02-28","250.12"
"1991-02-27","249.71"
"1991-02-26","247.80"
"1991-02-25","250.04"
"1991-02-22","248.63"
"1991-02-21","246.85"
"1991-02-20","247.76"
"1991-02-19","250.82"
"1991-02-15","248.34"
"1991-02-14","245.59"
"1991-02-13","250.34"
"1991-02-12","248.20"
"1991-02-11","249.30"
"1991-02-08","244.48"
"1991-02-07","243.43"
"1991-02-06","247.05"
"1991-02-05","241.57"
"1991-02-04","236.87"
"1991-02-01","234.45"
"1991-01-31","232.43"
"1991-01-30","229.27"
"1991-01-29","224.47"
"1991-01-28","222.24"
"1991-01-25","221.01"
"1991-01-24","219.79"
"1991-01-23","215.83"
"1991-01-22","211.98"
"1991-01-21","214.37"
"1991-01-18","211.49"
"1991-01-17","209.26"
"1991-01-16","202.96"
"1991-01-15","195.34"
"1991-01-14","193.77"
"1991-01-11","196.20"
"1991-01-10","196.08"
"1991-01-09","191.68"
"1991-01-08","192.09"
"1991-01-07","192.35"
"1991-01-04","196.82"
"1991-01-03","196.40"
"1991-01-02","199.76"
"1990-12-31","200.53"
"1990-12-28","199.42"
"1990-12-27","199.16"
"1990-12-26","200.57"
"1990-12-24","201.22"
"1990-12-21","202.76"
"1990-12-20","201.51"
"1990-12-19","200.41"
"1990-12-18","199.24"
"1990-12-17","195.05"
"1990-12-14","196.13"
"1990-12-13","198.03"
"1990-12-12","198.02"
"1990-12-11","196.55"
"1990-12-10","199.44"
"1990-12-07","199.35"
"1990-12-06","199.49"
"1990-12-05","199.02"
"1990-12-04","195.60"
"1990-12-03","194.52"
"1990-11-30","192.58"
"1990-11-29","191.11"
"1990-11-28","189.70"
"1990-11-27","189.18"
"1990-11-26","185.12"
"1990-11-23","184.28"
"1990-11-21","183.93"
"1990-11-20","183.32"
"1990-11-19","187.04"
"1990-11-16","184.96"
"1990-11-15","189.55"
"1990-11-14","192.45"
"1990-11-13","189.88"
"1990-11-12","188.67"
"1990-11-09","182.24"
"1990-11-08","177.71"
"1990-11-07","177.08"
"1990-11-06","180.26"
"1990-11-05","180.46"
"1990-11-02","176.87"
"1990-11-01","172.88"
"1990-10-31","172.55"
"1990-10-30","172.99"
"1990-10-29","171.76"
"1990-10-26","174.21"
"1990-10-25","177.34"
"1990-10-24","178.47"
"1990-10-23","178.40"
"1990-10-22","178.57"
"1990-10-19","174.62"
"1990-10-18","172.38"
"1990-10-17","167.27"
"1990-10-16","165.49"
"1990-10-15","169.35"
"1990-10-12","166.71"
"1990-10-11","165.20"
"1990-10-10","169.46"
"1990-10-09","173.62"
"1990-10-08","179.57"
"1990-10-05","178.37"
"1990-10-04","179.49"
"1990-10-03","180.51"
"1990-10-02","184.92"
"1990-10-01","184.74"
"1990-09-28","177.05"
"1990-09-27","174.19"
"1990-09-26","179.46"
"1990-09-25","180.71"
"1990-09-24","177.60"
"1990-09-21","183.20"
"1990-09-20","183.98"
"1990-09-19","188.77"
"1990-09-18","189.43"
"1990-09-17","189.60"
"1990-09-14","189.52"
"1990-09-13","189.72"
"1990-09-12","192.35"
"1990-09-11","190.96"
"1990-09-10","192.65"
"1990-09-07","191.80"
"1990-09-06","190.67"
"1990-09-05","193.82"
"1990-09-04","194.74"
"1990-08-31","193.62"
"1990-08-30","190.73"
"1990-08-29","192.90"
"1990-08-28","194.90"
"1990-08-27","193.98"
"1990-08-24","184.96"
"1990-08-23","178.29"
"1990-08-22","185.01"
"1990-08-21","188.26"
"1990-08-20","193.10"
"1990-08-17","196.85"
"1990-08-16","202.19"
"1990-08-15","208.46"
"1990-08-14","208.29"
"1990-08-13","207.42"
"1990-08-10","206.23"
"1990-08-09","209.12"
"1990-08-08","205.58"
"1990-08-07","202.65"
"1990-08-06","201.46"
"1990-08-03","212.60"
"1990-08-02","218.97"
"1990-08-01","223.12"
"1990-07-31","223.38"
"1990-07-30","223.92"
"1990-07-27","225.63"
"1990-07-26","227.20"
"1990-07-25","228.76"
"1990-07-24","226.49"
"1990-07-23","227.38"
"1990-07-20","232.44"
"1990-07-19","236.40"
"1990-07-18","238.22"
"1990-07-17","241.52"
"1990-07-16","246.18"
"1990-07-13","244.74"
"1990-07-12","243.43"
"1990-07-11","240.77"
"1990-07-10","238.66"
"1990-07-09","239.60"
"1990-07-06","238.46"
"1990-07-05","237.30"
"1990-07-03","238.18"
"1990-07-02","238.42"
"1990-06-29","238.46"
"1990-06-28","237.41"
"1990-06-27","234.95"
"1990-06-26","232.94"
"1990-06-25","232.91"
"1990-06-22","235.74"
"1990-06-21","238.15"
"1990-06-20","237.32"
"1990-06-19","236.77"
"1990-06-18","236.71"
"1990-06-15","240.79"
"1990-06-14","240.51"
"1990-06-13","242.05"
"1990-06-12","240.11"
"1990-06-11","236.95"
"1990-06-08","234.73"
"1990-06-07","237.38"
"1990-06-06","238.05"
"1990-06-05","237.85"
"1990-06-04","240.11"
"1990-06-01","237.88"
"1990-05-31","236.15"
"1990-05-30","236.35"
"1990-05-29","235.84"
"1990-05-25","232.20"
"1990-05-24","237.04"
"1990-05-23","236.06"
"1990-05-22","232.85"
"1990-05-21","232.21"
"1990-05-18","228.51"
"1990-05-17","226.64"
"1990-05-16","225.12"
"1990-05-15","224.49"
"1990-05-14","223.86"
"1990-05-11","220.89"
"1990-05-10","216.81"
"1990-05-09","215.43"
"1990-05-08","215.17"
"1990-05-07","215.03"
"1990-05-04","212.71"
"1990-05-03","210.09"
"1990-05-02","208.50"
"1990-05-01","207.04"
"1990-04-30","205.82"
"1990-04-27","203.67"
"1990-04-26","205.79"
"1990-04-25","205.58"
"1990-04-24","204.76"
"1990-04-23","205.63"
"1990-04-20","208.62"
"1990-04-19","210.87"
"1990-04-18","213.15"
"1990-04-17","216.50"
"1990-04-16","216.93"
"1990-04-12","216.04"
"1990-04-11","214.52"
"1990-04-10","213.23"
"1990-04-09","212.12"
"1990-04-06","212.48"
"1990-04-05","214.06"
"1990-04-04","215.48"
"1990-04-03","216.81"
"1990-04-02","212.67"
"1990-03-30","213.15"
"1990-03-29","213.11"
"1990-03-28","214.23"
"1990-03-27","217.47"
"1990-03-26","216.43"
"1990-03-23","214.49"
"1990-03-22","212.54"
"1990-03-21","215.85"
"1990-03-20","216.93"
"1990-03-19","219.87"
"1990-03-16","217.96"
"1990-03-15","213.48"
"1990-03-14","212.27"
"1990-03-13","211.51"
"1990-03-12","213.52"
"1990-03-09","213.82"
"1990-03-08","213.11"
"1990-03-07","210.15"
"1990-03-06","210.96"
"1990-03-05","210.39"
"1990-03-02","211.54"
"1990-03-01","209.10"
"1990-02-28","207.91"
"1990-02-27","205.79"
"1990-02-26","204.62"
"1990-02-23","201.79"
"1990-02-22","204.19"
"1990-02-21","204.75"
"1990-02-20","205.07"
"1990-02-16","208.35"
"1990-02-15","209.93"
"1990-02-14","208.06"
"1990-02-13","207.20"
"1990-02-12","206.88"
"1990-02-09","208.49"
"1990-02-08","207.24"
"1990-02-07","206.80"
"1990-02-06","205.07"
"1990-02-05","206.49"
"1990-02-02","205.62"
"1990-02-01","203.04"
"1990-01-31","201.94"
"1990-01-30","197.65"
"1990-01-29","202.05"
"1990-01-26","203.24"
"1990-01-25","205.77"
"1990-01-24","206.74"
"1990-01-23","207.48"
"1990-01-22","208.06"
"1990-01-19","213.91"
"1990-01-18","210.57"
"1990-01-17","210.60"
"1990-01-16","211.91"
"1990-01-15","207.62"
"1990-01-12","208.79"
"1990-01-11","213.51"
"1990-01-10","216.55"
"1990-01-09","221.18"
"1990-01-08","223.54"
"1990-01-05","223.14"
"1990-01-04","224.71"
"1990-01-03","226.10"
"1990-01-02","227.73"
"1989-12-29","223.84"
"1989-12-28","221.58"
"1989-12-27","221.57"
"1989-12-26","217.62"
"1989-12-22","217.62"
"1989-12-21","216.23"
"1989-12-20","213.24"
"1989-12-19","211.18"
"1989-12-18","210.85"
"1989-12-15","214.14"
"1989-12-14","216.35"
"1989-12-13","217.91"
"1989-12-12","217.80"
"1989-12-11","220.26"
"1989-12-08","224.02"
"1989-12-07","224.76"
"1989-12-06","224.15"
"1989-12-05","227.30"
"1989-12-04","226.72"
"1989-12-01","225.32"
"1989-11-30","224.45"
"1989-11-29","223.49"
"1989-11-28","223.59"
"1989-11-27","223.65"
"1989-11-24","224.84"
"1989-11-22","223.62"
"1989-11-21","222.76"
"1989-11-20","223.41"
"1989-11-17","222.63"
"1989-11-16","221.70"
"1989-11-15","222.35"
"1989-11-14","221.37"
"1989-11-13","222.76"
"1989-11-10","222.53"
"1989-11-09","220.65"
"1989-11-08","220.37"
"1989-11-07","217.65"
"1989-11-06","215.18"
"1989-11-03","219.05"
"1989-11-02","219.45"
"1989-11-01","223.31"
"1989-10-31","222.62"
"1989-10-30","219.07"
"1989-10-27","218.84"
"1989-10-26","222.05"
"1989-10-25","226.12"
"1989-10-24","226.18"
"1989-10-23","228.76"
"1989-10-20","231.05"
"1989-10-19","231.53"
"1989-10-18","226.52"
"1989-10-17","224.24"
"1989-10-16","224.95"
"1989-10-13","224.66"
"1989-10-12","234.54"
"1989-10-11","235.09"
"1989-10-10","236.09"
"1989-10-09","236.79"
"1989-10-06","234.40"
"1989-10-05","231.74"
"1989-10-04","230.90"
"1989-10-03","228.74"
"1989-10-02","228.11"
"1989-09-29","226.39"
"1989-09-28","226.25"
"1989-09-27","223.80"
"1989-09-26","223.87"
"1989-09-25","223.89"
"1989-09-22","223.89"
"1989-09-21","222.65"
"1989-09-20","222.30"
"1989-09-19","221.93"
"1989-09-18","221.75"
"1989-09-15","221.96"
"1989-09-14","222.41"
"1989-09-13","224.62"
"1989-09-12","224.32"
"1989-09-11","222.96"
"1989-09-08","222.65"
"1989-09-07","221.20"
"1989-09-06","221.67"
"1989-09-05","223.58"
"1989-09-01","223.51"
"1989-08-31","222.01"
"1989-08-30","221.40"
"1989-08-29","220.30"
"1989-08-28","221.46"
"1989-08-25","220.82"
"1989-08-24","220.40"
"1989-08-23","217.49"
"1989-08-22","215.38"
"1989-08-21","214.18"
"1989-08-18","216.72"
"1989-08-17","216.15"
"1989-08-16","214.87"
"1989-08-15","215.87"
"1989-08-14","214.81"
"1989-08-11","216.30"
"1989-08-10","217.42"
"1989-08-09","217.85"
"1989-08-08","219.73"
"1989-08-07","218.76"
"1989-08-04","215.14"
"1989-08-03","214.56"
"1989-08-02","212.84"
"1989-08-01","212.84"
"1989-07-31","214.27"
"1989-07-28","213.15"
"1989-07-27","212.76"
"1989-07-26","209.90"
"1989-07-25","208.01"
"1989-07-24","208.12"
"1989-07-21","210.87"
"1989-07-20","211.10"
"1989-07-19","213.61"
"1989-07-18","211.38"
"1989-07-17","213.74"
"1989-07-14","212.87"
"1989-07-13","211.48"
"1989-07-12","210.87"
"1989-07-11","209.94"
"1989-07-10","209.33"
"1989-07-07","209.58"
"1989-07-06","207.67"
"1989-07-05","206.37"
"1989-07-03","205.46"
"1989-06-30","204.59"
"1989-06-29","206.77"
"1989-06-28","211.07"
"1989-06-27","213.93"
"1989-06-26","213.62"
"1989-06-23","214.26"
"1989-06-22","212.22"
"1989-06-21","210.91"
"1989-06-20","211.04"
"1989-06-19","212.29"
"1989-06-16","212.82"
"1989-06-15","213.09"
"1989-06-14","216.66"
"1989-06-13","216.54"
"1989-06-12","218.60"
"1989-06-09","218.79"
"1989-06-08","219.39"
"1989-06-07","219.88"
"1989-06-06","214.40"
"1989-06-05","213.40"
"1989-06-02","217.79"
"1989-06-01","215.59"
"1989-05-31","214.54"
"1989-05-30","213.59"
"1989-05-26","214.43"
"1989-05-25","212.84"
"1989-05-24","211.99"
"1989-05-23","210.62"
"1989-05-22","212.37"
"1989-05-19","212.61"
"1989-05-18","211.06"
"1989-05-17","210.73"
"1989-05-16","208.26"
"1989-05-15","208.90"
"1989-05-12","207.15"
"1989-05-11","203.51"
"1989-05-10","203.01"
"1989-05-09","202.68"
"1989-05-08","203.04"
"1989-05-05","203.44"
"1989-05-04","202.10"
"1989-05-03","201.59"
"1989-05-02","200.74"
"1989-05-01","200.75"
"1989-04-28","200.47"
"1989-04-27","199.57"
"1989-04-26","197.25"
"1989-04-25","197.24"
"1989-04-24","198.32"
"1989-04-21","198.86"
"1989-04-20","197.65"
"1989-04-19","198.07"
"1989-04-18","196.83"
"1989-04-17","194.59"
"1989-04-14","194.63"
"1989-04-13","191.83"
"1989-04-12","192.53"
"1989-04-11","190.91"
"1989-04-10","189.27"
"1989-04-07","188.40"
"1989-04-06","186.20"
"1989-04-05","186.09"
"1989-04-04","185.54"
"1989-04-03","185.83"
"1989-03-31","185.87"
"1989-03-30","184.37"
"1989-03-29","183.34"
"1989-03-28","182.01"
"1989-03-27","181.15"
"1989-03-23","181.04"
"1989-03-22","180.59"
"1989-03-21","182.04"
"1989-03-20","179.88"
"1989-03-17","182.01"
"1989-03-16","187.13"
"1989-03-15","185.37"
"1989-03-14","185.35"
"1989-03-13","185.88"
"1989-03-10","184.99"
"1989-03-09","185.35"
"1989-03-08","186.26"
"1989-03-07","186.70"
"1989-03-06","187.51"
"1989-03-03","185.82"
"1989-03-02","185.46"
"1989-03-01","183.60"
"1989-02-28","183.79"
"1989-02-27","183.82"
"1989-02-24","184.59"
"1989-02-23","186.47"
"1989-02-22","185.76"
"1989-02-21","188.17"
"1989-02-17","188.51"
"1989-02-16","187.82"
"1989-02-15","187.41"
"1989-02-14","185.63"
"1989-02-13","185.40"
"1989-02-10","185.71"
"1989-02-09","188.69"
"1989-02-08","190.05"
"1989-02-07","192.05"
"1989-02-06","189.46"
"1989-02-03","189.98"
"1989-02-02","189.87"
"1989-02-01","188.37"
"1989-01-31","186.47"
"1989-01-30","184.79"
"1989-01-27","183.54"
"1989-01-26","183.99"
"1989-01-25","181.56"
"1989-01-24","180.18"
"1989-01-23","178.21"
"1989-01-20","180.32"
"1989-01-19","180.57"
"1989-01-18","178.65"
"1989-01-17","177.09"
"1989-01-16","179.20"
"1989-01-13","179.10"
"1989-01-12","179.00"
"1989-01-11","177.60"
"1989-01-10","177.07"
"1989-01-09","177.65"
"1989-01-06","177.52"
"1989-01-05","177.49"
"1989-01-04","177.56"
"1989-01-03","174.62"
"1988-12-30","177.41"
"1988-12-29","176.68"
"1988-12-28","175.13"
"1988-12-27","175.22"
"1988-12-23","175.61"
"1988-12-22","174.76"
"1988-12-21","174.66"
"1988-12-20","175.07"
"1988-12-19","175.39"
"1988-12-16","174.01"
"1988-12-15","171.62"
"1988-12-14","170.87"
"1988-12-13","170.26"
"1988-12-12","171.11"
"1988-12-09","171.79"
"1988-12-08","171.88"
"1988-12-07","172.84"
"1988-12-06","174.01"
"1988-12-05","172.85"
"1988-12-02","171.62"
"1988-12-01","171.33"
"1988-11-30","169.18"
"1988-11-29","167.17"
"1988-11-28","165.99"
"1988-11-25","165.72"
"1988-11-23","167.19"
"1988-11-22","164.35"
"1988-11-21","163.82"
"1988-11-18","166.52"
"1988-11-17","166.21"
"1988-11-16","165.52"
"1988-11-15","168.10"
"1988-11-14","168.96"
"1988-11-11","169.24"
"1988-11-10","173.27"
"1988-11-09","173.49"
"1988-11-08","173.75"
"1988-11-07","171.34"
"1988-11-04","173.56"
"1988-11-03","174.25"
"1988-11-02","174.01"
"1988-11-01","174.60"
"1988-10-31","174.78"
"1988-10-28","174.88"
"1988-10-27","174.28"
"1988-10-26","176.35"
"1988-10-25","177.40"
"1988-10-24","178.41"
"1988-10-21","179.74"
"1988-10-20","180.37"
"1988-10-19","176.99"
"1988-10-18","176.99"
"1988-10-17","175.79"
"1988-10-14","175.37"
"1988-10-13","174.84"
"1988-10-12","173.29"
"1988-10-11","175.62"
"1988-10-10","174.93"
"1988-10-07","176.00"
"1988-10-06","176.24"
"1988-10-05","175.86"
"1988-10-04","176.29"
"1988-10-03","176.79"
"1988-09-30","179.37"
"1988-09-29","178.82"
"1988-09-28","177.05"
"1988-09-27","175.80"
"1988-09-26","175.87"
"1988-09-23","177.48"
"1988-09-22","178.27"
"1988-09-21","177.80"
"1988-09-20","176.80"
"1988-09-19","176.11"
"1988-09-16","176.65"
"1988-09-15","175.41"
"1988-09-14","176.98"
"1988-09-13","175.87"
"1988-09-12","175.60"
"1988-09-09","175.48"
"1988-09-08","172.96"
"1988-09-07","172.10"
"1988-09-06","171.93"
"1988-09-02","171.46"
"1988-09-01","168.22"
"1988-08-31","170.99"
"1988-08-30","172.37"
"1988-08-29","172.76"
"1988-08-26","170.98"
"1988-08-25","170.53"
"1988-08-24","171.96"
"1988-08-23","169.60"
"1988-08-22","169.90"
"1988-08-19","172.82"
"1988-08-18","173.55"
"1988-08-17","172.90"
"1988-08-16","172.65"
"1988-08-15","170.09"
"1988-08-12","173.74"
"1988-08-11","174.63"
"1988-08-10","172.68"
"1988-08-09","177.27"
"1988-08-08","179.82"
"1988-08-05","179.90"
"1988-08-04","181.18"
"1988-08-03","181.07"
"1988-08-02","180.54"
"1988-08-01","181.44"
"1988-07-29","181.16"
"1988-07-28","178.22"
"1988-07-27","177.37"
"1988-07-26","179.71"
"1988-07-25","181.59"
"1988-07-22","181.86"
"1988-07-21","182.40"
"1988-07-20","185.26"
"1988-07-19","185.78"
"1988-07-18","188.79"
"1988-07-15","188.51"
"1988-07-14","188.68"
"1988-07-13","188.12"
"1988-07-12","187.24"
"1988-07-11","187.68"
"1988-07-08","188.15"
"1988-07-07","189.38"
"1988-07-06","190.43"
"1988-07-05","191.90"
"1988-07-01","189.96"
"1988-06-30","189.02"
"1988-06-29","187.79"
"1988-06-28","188.19"
"1988-06-27","185.12"
"1988-06-24","187.35"
"1988-06-23","187.07"
"1988-06-22","186.98"
"1988-06-21","184.79"
"1988-06-20","183.20"
"1988-06-17","183.94"
"1988-06-16","184.51"
"1988-06-15","186.10"
"1988-06-14","185.77"
"1988-06-13","184.74"
"1988-06-10","184.29"
"1988-06-09","182.77"
"1988-06-08","183.01"
"1988-06-07","179.76"
"1988-06-06","179.74"
"1988-06-03","178.01"
"1988-06-02","176.45"
"1988-06-01","176.68"
"1988-05-31","173.35"
"1988-05-27","169.59"
"1988-05-26","169.85"
"1988-05-25","169.01"
"1988-05-24","169.21"
"1988-05-23","167.65"
"1988-05-20","169.88"
"1988-05-19","170.35"
"1988-05-18","170.29"
"1988-05-17","174.07"
"1988-05-16","174.99"
"1988-05-13","173.85"
"1988-05-12","171.71"
"1988-05-11","170.80"
"1988-05-10","174.32"
"1988-05-09","174.93"
"1988-05-06","177.18"
"1988-05-05","177.68"
"1988-05-04","178.62"
"1988-05-03","178.99"
"1988-05-02","176.74"
"1988-04-29","175.92"
"1988-04-28","176.73"
"1988-04-27","177.21"
"1988-04-26","176.74"
"1988-04-25","174.40"
"1988-04-22","173.32"
"1988-04-21","172.07"
"1988-04-20","172.93"
"1988-04-19","174.35"
"1988-04-18","173.55"
"1988-04-15","173.13"
"1988-04-14","173.27"
"1988-04-13","180.38"
"1988-04-12","180.10"
"1988-04-11","179.94"
"1988-04-08","178.93"
"1988-04-07","177.33"
"1988-04-06","176.60"
"1988-04-05","172.90"
"1988-04-04","171.40"
"1988-03-31","173.26"
"1988-03-30","172.13"
"1988-03-29","173.66"
"1988-03-28","172.84"
"1988-03-25","172.88"
"1988-03-24","174.76"
"1988-03-23","179.24"
"1988-03-22","180.01"
"1988-03-21","178.90"
"1988-03-18","181.04"
"1988-03-17","181.24"
"1988-03-16","180.42"
"1988-03-15","178.32"
"1988-03-14","179.21"
"1988-03-11","177.89"
"1988-03-10","178.43"
"1988-03-09","181.24"
"1988-03-08","179.62"
"1988-03-07","178.46"
"1988-03-04","177.39"
"1988-03-03","176.50"
"1988-03-02","175.12"
"1988-03-01","172.63"
"1988-02-29","172.64"
"1988-02-26","170.65"
"1988-02-25","170.79"
"1988-02-24","172.48"
"1988-02-23","171.29"
"1988-02-22","170.20"
"1988-02-19","167.07"
"1988-02-18","165.75"
"1988-02-17","165.80"
"1988-02-16","165.54"
"1988-02-12","163.93"
"1988-02-11","162.96"
"1988-02-10","162.24"
"1988-02-09","158.93"
"1988-02-08","157.88"
"1988-02-05","158.01"
"1988-02-04","157.38"
"1988-02-03","156.58"
"1988-02-02","158.98"
"1988-02-01","158.62"
"1988-01-29","159.13"
"1988-01-28","157.65"
"1988-01-27","155.43"
"1988-01-26","155.23"
"1988-01-25","157.05"
"1988-01-22","154.35"
"1988-01-21","152.95"
"1988-01-20","152.46"
"1988-01-19","158.01"
"1988-01-18","159.02"
"1988-01-15","159.82"
"1988-01-14","156.04"
"1988-01-13","155.54"
"1988-01-12","155.73"
"1988-01-11","158.88"
"1988-01-08","158.20"
"1988-01-07","168.70"
"1988-01-06","166.18"
"1988-01-05","164.28"
"1988-01-04","161.81"
"1987-12-31","156.25"
"1987-12-30","157.29"
"1987-12-29","154.35"
"1987-12-28","152.78"
"1987-12-24","158.18"
"1987-12-23","158.06"
"1987-12-22","155.55"
"1987-12-21","156.02"
"1987-12-18","154.74"
"1987-12-17","149.91"
"1987-12-16","151.06"
"1987-12-15","146.89"
"1987-12-14","146.08"
"1987-12-11","139.82"
"1987-12-10","139.01"
"1987-12-09","139.76"
"1987-12-08","136.69"
"1987-12-07","133.15"
"1987-12-04","130.43"
"1987-12-03","132.95"
"1987-12-02","137.96"
"1987-12-01","137.16"
"1987-11-30","137.12"
"1987-11-27","143.35"
"1987-11-25","144.99"
"1987-11-24","144.66"
"1987-11-23","141.84"
"1987-11-20","140.84"
"1987-11-19","141.06"
"1987-11-18","144.84"
"1987-11-17","143.57"
"1987-11-16","147.46"
"1987-11-13","147.95"
"1987-11-12","149.85"
"1987-11-11","145.48"
"1987-11-10","143.45"
"1987-11-09","146.49"
"1987-11-06","150.68"
"1987-11-05","153.03"
"1987-11-04","147.95"
"1987-11-03","147.13"
"1987-11-02","152.20"
"1987-10-30","150.07"
"1987-10-29","143.64"
"1987-10-28","131.21"
"1987-10-27","129.87"
"1987-10-26","128.43"
"1987-10-23","145.42"
"1987-10-22","149.99"
"1987-10-21","158.78"
"1987-10-20","143.96"
"1987-10-19","155.65"
"1987-10-16","183.29"
"1987-10-15","193.07"
"1987-10-14","197.49"
"1987-10-13","201.23"
"1987-10-12","199.62"
"1987-10-09","202.46"
"1987-10-08","203.62"
"1987-10-07","206.89"
"1987-10-06","208.07"
"1987-10-05","213.81"
"1987-10-02","212.15"
"1987-10-01","209.71"
"1987-09-30","205.51"
"1987-09-29","204.15"
"1987-09-28","204.62"
"1987-09-25","205.12"
"1987-09-24","204.64"
"1987-09-23","204.07"
"1987-09-22","201.43"
"1987-09-21","197.26"
"1987-09-18","201.68"
"1987-09-17","202.05"
"1987-09-16","201.30"
"1987-09-15","202.26"
"1987-09-14","205.16"
"1987-09-11","206.37"
"1987-09-10","205.16"
"1987-09-09","201.60"
"1987-09-08","199.90"
"1987-09-04","204.06"
"1987-09-03","205.01"
"1987-09-02","205.73"
"1987-09-01","206.89"
"1987-08-31","209.57"
"1987-08-28","208.85"
"1987-08-27","210.63"
"1987-08-26","211.16"
"1987-08-25","210.71"
"1987-08-24","209.48"
"1987-08-21","210.57"
"1987-08-20","208.93"
"1987-08-19","205.39"
"1987-08-18","203.90"
"1987-08-17","206.83"
"1987-08-14","206.46"
"1987-08-13","206.47"
"1987-08-12","207.06"
"1987-08-11","208.39"
"1987-08-10","206.03"
"1987-08-07","203.73"
"1987-08-06","201.87"
"1987-08-05","198.24"
"1987-08-04","195.88"
"1987-08-03","195.24"
"1987-07-31","196.35"
"1987-07-30","196.57"
"1987-07-29","194.73"
"1987-07-28","193.76"
"1987-07-27","193.20"
"1987-07-24","193.02"
"1987-07-23","191.51"
"1987-07-22","193.63"
"1987-07-21","193.20"
"1987-07-20","193.86"
"1987-07-17","195.87"
"1987-07-16","196.04"
"1987-07-15","194.87"
"1987-07-14","194.99"
"1987-07-13","190.42"
"1987-07-10","188.74"
"1987-07-09","187.98"
"1987-07-08","187.38"
"1987-07-07","187.76"
"1987-07-06","189.02"
"1987-07-02","190.38"
"1987-07-01","189.48"
"1987-06-30","189.24"
"1987-06-29","190.70"
"1987-06-26","191.06"
"1987-06-25","191.35"
"1987-06-24","191.90"
"1987-06-23","191.84"
"1987-06-22","192.90"
"1987-06-19","192.05"
"1987-06-18","192.37"
"1987-06-17","191.32"
"1987-06-16","191.14"
"1987-06-15","189.60"
"1987-06-12","190.36"
"1987-06-11","189.66"
"1987-06-10","190.02"
"1987-06-09","189.48"
"1987-06-08","187.54"
"1987-06-05","185.68"
"1987-06-04","186.26"
"1987-06-03","185.76"
"1987-06-02","184.50"
"1987-06-01","185.86"
"1987-05-29","188.77"
"1987-05-28","188.11"
"1987-05-27","185.96"
"1987-05-26","185.17"
"1987-05-22","181.64"
"1987-05-21","182.66"
"1987-05-20","181.70"
"1987-05-19","181.46"
"1987-05-18","185.46"
"1987-05-15","187.91"
"1987-05-14","190.74"
"1987-05-13","190.29"
"1987-05-12","188.98"
"1987-05-11","189.24"
"1987-05-08","190.36"
"1987-05-07","190.01"
"1987-05-06","189.29"
"1987-05-05","189.74"
"1987-05-04","186.45"
"1987-05-01","185.83"
"1987-04-30","184.83"
"1987-04-29","182.22"
"1987-04-28","181.26"
"1987-04-27","179.55"
"1987-04-24","180.38"
"1987-04-23","183.77"
"1987-04-22","183.96"
"1987-04-21","184.63"
"1987-04-20","182.12"
"1987-04-16","183.74"
"1987-04-15","182.46"
"1987-04-14","179.73"
"1987-04-13","183.95"
"1987-04-10","188.29"
"1987-04-09","188.73"
"1987-04-08","189.28"
"1987-04-07","187.43"
"1987-04-06","190.91"
"1987-04-03","191.36"
"1987-04-02","187.66"
"1987-04-01","186.07"
"1987-03-31","186.04"
"1987-03-30","183.84"
"1987-03-27","189.05"
"1987-03-26","190.71"
"1987-03-25","190.20"
"1987-03-24","190.18"
"1987-03-23","189.40"
"1987-03-20","189.82"
"1987-03-19","187.96"
"1987-03-18","186.04"
"1987-03-17","185.90"
"1987-03-16","182.73"
"1987-03-13","183.16"
"1987-03-12","184.77"
"1987-03-11","185.31"
"1987-03-10","184.46"
"1987-03-09","182.48"
"1987-03-06","184.29"
"1987-03-05","184.67"
"1987-03-04","183.27"
"1987-03-03","180.57"
"1987-03-02","181.07"
"1987-02-27","182.75"
"1987-02-26","182.18"
"1987-02-25","180.97"
"1987-02-24","178.94"
"1987-02-23","177.71"
"1987-02-20","178.68"
"1987-02-19","179.87"
"1987-02-18","181.21"
"1987-02-17","183.65"
"1987-02-13","179.07"
"1987-02-12","176.26"
"1987-02-11","175.98"
"1987-02-10","172.32"
"1987-02-09","173.62"
"1987-02-06","174.63"
"1987-02-05","174.63"
"1987-02-04","173.50"
"1987-02-03","171.55"
"1987-02-02","170.30"
"1987-01-30","166.68"
"1987-01-29","165.74"
"1987-01-28","167.62"
"1987-01-27","166.65"
"1987-01-26","164.14"
"1987-01-23","166.76"
"1987-01-22","167.95"
"1987-01-21","164.26"
"1987-01-20","166.52"
"1987-01-19","166.46"
"1987-01-16","162.51"
"1987-01-15","164.15"
"1987-01-14","162.66"
"1987-01-13","159.62"
"1987-01-12","159.30"
"1987-01-09","156.99"
"1987-01-08","155.69"
"1987-01-07","152.98"
"1987-01-06","149.06"
"1987-01-05","147.40"
"1987-01-02","142.86"
"1986-12-31","141.40"
"1986-12-30","141.52"
"1986-12-29","141.51"
"1986-12-26","142.93"
"1986-12-24","142.79"
"1986-12-23","142.80"
"1986-12-22","144.09"
"1986-12-19","143.77"
"1986-12-18","142.85"
"1986-12-17","143.04"
"1986-12-16","144.49"
"1986-12-15","144.07"
"1986-12-12","144.98"
"1986-12-11","146.08"
"1986-12-10","146.96"
"1986-12-09","146.87"
"1986-12-08","147.85"
"1986-12-05","149.04"
"1986-12-04","149.98"
"1986-12-03","150.08"
"1986-12-02","148.87"
"1986-12-01","146.85"
"1986-11-28","147.94"
"1986-11-26","146.87"
"1986-11-25","145.77"
"1986-11-24","144.49"
"1986-11-21","142.90"
"1986-11-20","141.31"
"1986-11-19","139.54"
"1986-11-18","140.66"
"1986-11-17","143.20"
"1986-11-14","143.51"
"1986-11-13","143.41"
"1986-11-12","145.58"
"1986-11-11","145.35"
"1986-11-10","144.29"
"1986-11-07","144.91"
"1986-11-06","145.41"
"1986-11-05","146.18"
"1986-11-04","145.96"
"1986-11-03","144.81"
"1986-10-31","144.48"
"1986-10-30","144.78"
"1986-10-29","143.13"
"1986-10-28","142.49"
"1986-10-27","141.76"
"1986-10-24","141.96"
"1986-10-23","142.15"
"1986-10-22","140.30"
"1986-10-21","139.93"
"1986-10-20","140.10"
"1986-10-17","141.20"
"1986-10-16","141.90"
"1986-10-15","142.10"
"1986-10-14","140.96"
"1986-10-13","140.68"
"1986-10-10","139.87"
"1986-10-09","139.16"
"1986-10-08","139.26"
"1986-10-07","138.26"
"1986-10-06","139.12"
"1986-10-03","138.55"
"1986-10-02","138.22"
"1986-10-01","138.26"
"1986-09-30","137.49"
"1986-09-29","135.54"
"1986-09-26","137.59"
"1986-09-25","137.62"
"1986-09-24","139.24"
"1986-09-23","139.57"
"1986-09-22","140.12"
"1986-09-19","138.46"
"1986-09-18","138.13"
"1986-09-17","136.39"
"1986-09-16","135.21"
"1986-09-15","134.94"
"1986-09-12","135.04"
"1986-09-11","138.46"
"1986-09-10","144.74"
"1986-09-09","145.76"
"1986-09-08","146.55"
"1986-09-05","149.67"
"1986-09-04","151.40"
"1986-09-03","149.82"
"1986-09-02","149.34"
"1986-08-29","151.70"
"1986-08-28","152.04"
"1986-08-27","152.02"
"1986-08-26","151.15"
"1986-08-25","149.91"
"1986-08-22","150.95"
"1986-08-21","150.01"
"1986-08-20","149.76"
"1986-08-19","148.60"
"1986-08-18","149.07"
"1986-08-15","149.57"
"1986-08-14","149.99"
"1986-08-13","148.84"
"1986-08-12","147.06"
"1986-08-11","145.44"
"1986-08-08","142.29"
"1986-08-07","140.70"
"1986-08-06","140.54"
"1986-08-05","141.86"
"1986-08-04","142.52"
"1986-08-01","144.19"
"1986-07-31","144.71"
"1986-07-30","144.52"
"1986-07-29","144.21"
"1986-07-28","145.51"
"1986-07-25","148.26"
"1986-07-24","147.28"
"1986-07-23","147.18"
"1986-07-22","147.40"
"1986-07-21","147.07"
"1986-07-18","147.76"
"1986-07-17","148.46"
"1986-07-16","147.40"
"1986-07-15","146.26"
"1986-07-14","149.29"
"1986-07-11","152.85"
"1986-07-10","154.29"
"1986-07-09","155.41"
"1986-07-08","153.26"
"1986-07-07","157.62"
"1986-07-03","164.51"
"1986-07-02","163.96"
"1986-07-01","163.32"
"1986-06-30","162.62"
"1986-06-27","161.62"
"1986-06-26","161.72"
"1986-06-25","162.00"
"1986-06-24","160.80"
"1986-06-23","159.55"
"1986-06-20","159.59"
"1986-06-19","159.28"
"1986-06-18","158.48"
"1986-06-17","158.57"
"1986-06-16","160.80"
"1986-06-13","162.35"
"1986-06-12","160.37"
"1986-06-11","160.04"
"1986-06-10","158.10"
"1986-06-09","158.61"
"1986-06-06","161.88"
"1986-06-05","162.36"
"1986-06-04","161.82"
"1986-06-03","162.11"
"1986-06-02","162.03"
"1986-05-30","163.16"
"1986-05-29","161.62"
"1986-05-28","161.30"
"1986-05-27","161.18"
"1986-05-23","160.16"
"1986-05-22","159.63"
"1986-05-21","157.44"
"1986-05-20","157.01"
"1986-05-19","155.31"
"1986-05-16","154.99"
"1986-05-15","155.76"
"1986-05-14","157.01"
"1986-05-13","157.05"
"1986-05-12","157.75"
"1986-05-09","157.91"
"1986-05-08","157.16"
"1986-05-07","156.26"
"1986-05-06","157.12"
"1986-05-05","157.14"
"1986-05-02","155.01"
"1986-05-01","154.21"
"1986-04-30","154.91"
"1986-04-29","158.25"
"1986-04-28","159.90"
"1986-04-25","160.46"
"1986-04-24","159.85"
"1986-04-23","157.46"
"1986-04-22","157.86"
"1986-04-21","158.52"
"1986-04-18","157.66"
"1986-04-17","159.05"
"1986-04-16","158.90"
"1986-04-15","154.92"
"1986-04-14","153.93"
"1986-04-11","152.66"
"1986-04-10","151.76"
"1986-04-09","149.05"
"1986-04-08","148.93"
"1986-04-07","146.05"
"1986-04-04","147.04"
"1986-04-03","148.71"
"1986-04-02","148.92"
"1986-04-01","148.45"
"1986-03-31","148.86"
"1986-03-27","148.38"
"1986-03-26","147.26"
"1986-03-25","147.49"
"1986-03-24","147.09"
"1986-03-21","148.01"
"1986-03-20","147.80"
"1986-03-19","147.48"
"1986-03-18","147.62"
"1986-03-17","146.37"
"1986-03-14","147.00"
"1986-03-13","147.01"
"1986-03-12","146.62"
"1986-03-11","145.35"
"1986-03-10","142.43"
"1986-03-07","140.71"
"1986-03-06","140.80"
"1986-03-05","140.24"
"1986-03-04","140.54"
"1986-03-03","139.74"
"1986-02-28","140.43"
"1986-02-27","140.52"
"1986-02-26","138.88"
"1986-02-25","139.40"
"1986-02-24","140.20"
"1986-02-21","141.15"
"1986-02-20","139.95"
"1986-02-19","139.64"
"1986-02-18","140.74"
"1986-02-14","140.16"
"1986-02-13","139.16"
"1986-02-12","138.66"
"1986-02-11","138.26"
"1986-02-10","138.12"
"1986-02-07","137.42"
"1986-02-06","136.64"
"1986-02-05","135.71"
"1986-02-04","134.60"
"1986-02-03","134.24"
"1986-01-31","132.93"
"1986-01-30","132.19"
"1986-01-29","133.06"
"1986-01-28","131.99"
"1986-01-27","130.79"
"1986-01-24","130.20"
"1986-01-23","129.27"
"1986-01-22","129.62"
"1986-01-21","131.09"
"1986-01-20","131.60"
"1986-01-17","132.77"
"1986-01-16","133.06"
"1986-01-15","131.54"
"1986-01-14","129.18"
"1986-01-13","129.10"
"1986-01-10","129.57"
"1986-01-09","128.80"
"1986-01-08","131.16"
"1986-01-07","132.79"
"1986-01-06","130.35"
"1986-01-03","130.55"
"1986-01-02","131.26"
"1985-12-31","132.29"
"1985-12-30","131.95"
"1985-12-27","131.49"
"1985-12-26","130.35"
"1985-12-24","130.03"
"1985-12-23","130.73"
"1985-12-20","132.26"
"1985-12-19","131.93"
"1985-12-18","131.14"
"1985-12-17","131.54"
"1985-12-16","132.61"
"1985-12-13","132.12"
"1985-12-12","129.76"
"1985-12-11","129.18"
"1985-12-10","127.97"
"1985-12-09","127.49"
"1985-12-06","126.96"
"1985-12-05","128.46"
"1985-12-04","127.94"
"1985-12-03","125.23"
"1985-12-02","125.18"
"1985-11-29","126.06"
"1985-11-27","125.77"
"1985-11-26","123.95"
"1985-11-25","123.14"
"1985-11-22","123.97"
"1985-11-21","123.61"
"1985-11-20","122.20"
"1985-11-19","122.57"
"1985-11-18","121.96"
"1985-11-15","122.18"
"1985-11-14","121.83"
"1985-11-13","121.17"
"1985-11-12","121.82"
"1985-11-11","120.40"
"1985-11-08","119.26"
"1985-11-07","117.62"
"1985-11-06","117.38"
"1985-11-05","116.44"
"1985-11-04","116.04"
"1985-11-01","116.28"
"1985-10-31","115.48"
"1985-10-30","115.77"
"1985-10-29","115.40"
"1985-10-28","113.82"
"1985-10-25","113.91"
"1985-10-24","115.49"
"1985-10-23","115.07"
"1985-10-22","114.44"
"1985-10-21","113.68"
"1985-10-18","114.32"
"1985-10-17","114.74"
"1985-10-16","114.32"
"1985-10-15","113.38"
"1985-10-14","113.18"
"1985-10-11","111.05"
"1985-10-10","109.43"
"1985-10-09","108.63"
"1985-10-08","107.16"
"1985-10-07","108.20"
"1985-10-04","110.07"
"1985-10-03","110.87"
"1985-10-02","110.82"
"1985-10-01","112.14"
