"Date","Price"
"2026-09-25","7,743.41"
"2026-09-24","7,704.13"
"2026-09-23","7,706.03"
"2026-09-22","7,764.64"
"2026-09-21","7,764.70"
"2026-09-18","7,650.50"
"2026-09-17","7,637.76"
"2026-09-16","7,551.81"
"2026-09-15","7,585.73"
"2026-09-14","7,619.98"
"2026-09-11","7,656.98"
"2026-09-10","7,591.70"
"2026-09-09","7,636.36"
"2026-09-08","7,673.52"
"2026-09-04","7,718.60"
"2026-09-03","7,747.71"
"2026-09-02","7,666.60"
"2026-09-01","7,631.47"
"2026-08-31","7,686.14"
"2026-08-28","7,711.76"
"2026-08-27","7,730.99"
"2026-08-26","7,675.70"
"2026-08-25","7,677.28"
"2026-08-24","7,652.86"
"2026-08-21","7,674.37"
"2026-08-20","7,641.16"
"2026-08-19","7,707.98"
"2026-08-18","7,691.76"
"2026-08-17","7,745.06"
"2026-08-14","7,785.76"
"2026-08-13","7,798.99"
"2026-08-12","7,748.50"
"2026-08-11","7,728.20"
"2026-08-10","7,753.11"
"2026-08-07","7,757.64"
"2026-08-06","7,709.96"
"2026-08-05","7,723.55"
"2026-08-04","7,736.52"
"2026-08-03","7,600.50"
"2026-07-31","7,489.72"
"2026-07-30","7,437.63"
"2026-07-29","7,316.15"
"2026-07-28","7,428.78"
"2026-07-27","7,413.18"
"2026-07-24","7,411.98"
"2026-07-23","7,408.30"
"2026-07-22","7,498.96"
"2026-07-21","7,509.20"
"2026-07-20","7,443.28"
"2026-07-17","7,457.69"
"2026-07-16","7,533.77"
"2026-07-15","7,572.40"
"2026-07-14","7,543.59"
"2026-07-13","7,515.34"
"2026-07-10","7,575.39"
"2026-07-09","7,543.64"
"2026-07-08","7,482.71"
"2026-07-07","7,503.85"
"2026-07-06","7,537.43"
"2026-07-02","7,483.24"
"2026-07-01","7,483.23"
"2026-06-30","7,499.36"
"2026-06-29","7,440.43"
"2026-06-26","7,354.02"
"2026-06-25","7,357.49"
"2026-06-24","7,358.22"
"2026-06-23","7,365.46"
"2026-06-22","7,472.79"
"2026-06-18","7,500.58"
"2026-06-17","7,420.10"
"2026-06-16","7,511.35"
"2026-06-15","7,554.29"
"2026-06-12","7,431.46"
"2026-06-11","7,394.30"
"2026-06-10","7,266.99"
"2026-06-09","7,386.65"
"2026-06-08","7,405.73"
"2026-06-05","7,383.74"
"2026-06-04","7,584.31"
"2026-06-03","7,553.68"
"2026-06-02","7,609.78"
"2026-06-01","7,599.96"
"2026-05-29","7,580.06"
"2026-05-28","7,563.63"
"2026-05-27","7,520.36"
"2026-05-26","7,519.12"
"2026-05-22","7,473.47"
"2026-05-21","7,445.72"
"2026-05-20","7,432.97"
"2026-05-19","7,353.61"
"2026-05-18","7,403.05"
"2026-05-15","7,408.50"
"2026-05-14","7,501.24"
"2026-05-13","7,444.25"
"2026-05-12","7,400.96"
"2026-05-11","7,412.84"
"2026-05-08","7,398.93"
"2026-05-07","7,337.11"
"2026-05-06","7,365.12"
"2026-05-05","7,259.22"
"2026-05-04","7,200.75"
"2026-05-01","7,230.12"
"2026-04-30","7,209.01"
"2026-04-29","7,135.95"
"2026-04-28","7,138.80"
"2026-04-27","7,173.91"
"2026-04-24","7,165.08"
"2026-04-23","7,108.40"
"2026-04-22","7,137.90"
"2026-04-21","7,064.01"
"2026-04-20","7,109.14"
"2026-04-17","7,126.06"
"2026-04-16","7,041.28"
"2026-04-15","7,022.95"
"2026-04-14","6,967.38"
"2026-04-13","6,886.24"
"2026-04-10","6,816.89"
"2026-04-09","6,824.66"
"2026-04-08","6,782.81"
"2026-04-07","6,616.85"
"2026-04-06","6,611.83"
"2026-04-02","6,582.69"
"2026-04-01","6,575.32"
"2026-03-31","6,528.52"
"2026-03-30","6,343.72"
"2026-03-27","6,368.85"
"2026-03-26","6,477.16"
"2026-03-25","6,591.90"
"2026-03-24","6,556.37"
"2026-03-23","6,581.00"
"2026-03-20","6,506.48"
"2026-03-19","6,606.49"
"2026-03-18","6,624.70"
"2026-03-17","6,716.09"
"2026-03-16","6,699.38"
"2026-03-13","6,632.19"
"2026-03-12","6,672.62"
"2026-03-11","6,775.80"
"2026-03-10","6,781.48"
"2026-03-09","6,795.99"
"2026-03-06","6,740.02"
"2026-03-05","6,830.71"
"2026-03-04","6,869.50"
"2026-03-03","6,816.63"
"2026-03-02","6,881.62"
"2026-02-27","6,878.88"
"2026-02-26","6,908.86"
"2026-02-25","6,946.13"
"2026-02-24","6,890.07"
"2026-02-23","6,837.75"
"2026-02-20","6,909.51"
"2026-02-19","6,861.89"
"2026-02-18","6,881.31"
"2026-02-17","6,843.22"
"2026-02-13","6,836.17"
"2026-02-12","6,832.76"
"2026-02-11","6,941.47"
"2026-02-10","6,941.81"
"2026-02-09","6,964.82"
"2026-02-06","6,932.30"
"2026-02-05","6,798.40"
"2026-02-04","6,882.72"
"2026-02-03","6,917.81"
"2026-02-02","6,976.44"
"2026-01-30","6,939.03"
"2026-01-29","6,969.01"
"2026-01-28","6,978.03"
"2026-01-27","6,978.60"
"2026-01-26","6,950.23"
"2026-01-23","6,915.61"
"2026-01-22","6,913.35"
"2026-01-21","6,875.62"
"2026-01-20","6,796.86"
"2026-01-16","6,940.01"
"2026-01-15","6,944.47"
"2026-01-14","6,926.60"
"2026-01-13","6,963.74"
"2026-01-12","6,977.27"
"2026-01-09","6,966.28"
"2026-01-08","6,921.46"
"2026-01-07","6,920.93"
"2026-01-06","6,944.82"
"2026-01-05","6,902.05"
"2026-01-02","6,858.47"
"2025-12-31","6,845.50"
"2025-12-30","6,896.24"
"2025-12-29","6,905.74"
"2025-12-26","6,929.94"
"2025-12-24","6,932.05"
"2025-12-23","6,909.79"
"2025-12-22","6,878.49"
"2025-12-19","6,834.50"
"2025-12-18","6,774.76"
"2025-12-17","6,721.43"
"2025-12-16","6,800.26"
"2025-12-15","6,816.51"
"2025-12-12","6,827.41"
"2025-12-11","6,901.00"
"2025-12-10","6,886.68"
"2025-12-09","6,840.51"
"2025-12-08","6,846.51"
"2025-12-05","6,870.40"
"2025-12-04","6,857.12"
"2025-12-03","6,849.72"
"2025-12-02","6,829.37"
"2025-12-01","6,812.63"
"2025-11-28","6,849.09"
"2025-11-26","6,812.61"
"2025-11-25","6,765.88"
"2025-11-24","6,705.12"
"2025-11-21","6,602.99"
"2025-11-20","6,538.76"
"2025-11-19","6,642.16"
"2025-11-18","6,617.32"
"2025-11-17","6,672.41"
"2025-11-14","6,734.11"
"2025-11-13","6,737.49"
"2025-11-12","6,850.92"
"2025-11-11","6,846.61"
"2025-11-10","6,832.43"
"2025-11-07","6,728.80"
"2025-11-06","6,720.32"
"2025-11-05","6,796.29"
"2025-11-04","6,771.55"
"2025-11-03","6,851.97"
"2025-10-31","6,840.20"
"2025-10-30","6,822.34"
"2025-10-29","6,890.59"
"2025-10-28","6,890.89"
"2025-10-27","6,875.16"
"2025-10-24","6,791.69"
"2025-10-23","6,738.44"
"2025-10-22","6,699.40"
"2025-10-21","6,735.35"
"2025-10-20","6,735.13"
"2025-10-17","6,664.01"
"2025-10-16","6,629.07"
"2025-10-15","6,671.06"
"2025-10-14","6,644.31"
"2025-10-13","6,654.72"
"2025-10-10","6,552.51"
"2025-10-09","6,735.11"
"2025-10-08","6,753.72"
"2025-10-07","6,714.59"
"2025-10-06","6,740.28"
"2025-10-03","6,715.79"
"2025-10-02","6,715.35"
"2025-10-01","6,711.20"
"2025-09-30","6,688.46"
"2025-09-29","6,661.21"
"2025-09-26","6,643.70"
"2025-09-25","6,604.72"
"2025-09-24","6,637.97"
"2025-09-23","6,656.92"
"2025-09-22","6,693.75"
"2025-09-19","6,664.36"
"2025-09-18","6,631.96"
"2025-09-17","6,600.35"
"2025-09-16","6,606.76"
"2025-09-15","6,615.28"
"2025-09-12","6,584.29"
"2025-09-11","6,587.47"
"2025-09-10","6,532.04"
"2025-09-09","6,512.61"
"2025-09-08","6,495.15"
"2025-09-05","6,481.50"
"2025-09-04","6,502.08"
"2025-09-03","6,448.26"
"2025-09-02","6,415.54"
"2025-08-29","6,460.26"
"2025-08-28","6,501.86"
"2025-08-27","6,481.40"
"2025-08-26","6,465.94"
"2025-08-25","6,439.32"
"2025-08-22","6,466.91"
"2025-08-21","6,370.17"
"2025-08-20","6,395.78"
"2025-08-19","6,411.37"
"2025-08-18","6,449.15"
"2025-08-15","6,449.80"
"2025-08-14","6,468.54"
"2025-08-13","6,466.58"
"2025-08-12","6,445.76"
"2025-08-11","6,373.45"
"2025-08-08","6,389.45"
"2025-08-07","6,340.00"
"2025-08-06","6,345.06"
"2025-08-05","6,299.19"
"2025-08-04","6,329.94"
"2025-08-01","6,238.01"
"2025-07-31","6,339.39"
"2025-07-30","6,362.90"
"2025-07-29","6,370.86"
"2025-07-28","6,389.77"
"2025-07-25","6,388.64"
"2025-07-24","6,363.35"
"2025-07-23","6,358.91"
"2025-07-22","6,309.62"
"2025-07-21","6,305.60"
"2025-07-18","6,296.79"
"2025-07-17","6,297.36"
"2025-07-16","6,263.70"
"2025-07-15","6,243.76"
"2025-07-14","6,268.56"
"2025-07-11","6,259.75"
"2025-07-10","6,280.46"
"2025-07-09","6,263.26"
"2025-07-08","6,225.52"
"2025-07-07","6,229.98"
"2025-07-03","6,279.35"
"2025-07-02","6,227.42"
"2025-07-01","6,198.01"
"2025-06-30","6,204.95"
"2025-06-27","6,173.07"
"2025-06-26","6,141.02"
"2025-06-25","6,092.16"
"2025-06-24","6,092.18"
"2025-06-23","6,025.17"
"2025-06-20","5,967.84"
"2025-06-18","5,980.87"
"2025-06-17","5,982.72"
"2025-06-16","6,033.11"
"2025-06-13","5,976.97"
"2025-06-12","6,045.26"
"2025-06-11","6,022.24"
"2025-06-10","6,038.81"
"2025-06-09","6,005.88"
"2025-06-06","6,000.36"
"2025-06-05","5,939.30"
"2025-06-04","5,970.81"
"2025-06-03","5,970.37"
"2025-06-02","5,935.94"
"2025-05-30","5,911.69"
"2025-05-29","5,912.17"
"2025-05-28","5,888.55"
"2025-05-27","5,921.54"
"2025-05-23","5,802.82"
"2025-05-22","5,842.01"
"2025-05-21","5,844.61"
"2025-05-20","5,940.46"
"2025-05-19","5,963.60"
"2025-05-16","5,958.38"
"2025-05-15","5,916.93"
"2025-05-14","5,892.58"
"2025-05-13","5,886.55"
"2025-05-12","5,844.19"
"2025-05-09","5,659.91"
"2025-05-08","5,663.94"
"2025-05-07","5,631.28"
"2025-05-06","5,606.91"
"2025-05-05","5,650.38"
"2025-05-02","5,686.67"
"2025-05-01","5,604.14"
"2025-04-30","5,569.06"
"2025-04-29","5,560.83"
"2025-04-28","5,528.75"
"2025-04-25","5,525.21"
"2025-04-24","5,484.77"
"2025-04-23","5,375.86"
"2025-04-22","5,287.76"
"2025-04-21","5,158.20"
"2025-04-17","5,282.70"
"2025-04-16","5,275.70"
"2025-04-15","5,396.63"
"2025-04-14","5,405.97"
"2025-04-11","5,363.36"
"2025-04-10","5,268.05"
"2025-04-09","5,456.90"
"2025-04-08","4,982.77"
"2025-04-07","5,062.25"
"2025-04-04","5,074.08"
"2025-04-03","5,396.52"
"2025-04-02","5,670.97"
"2025-04-01","5,633.07"
"2025-03-31","5,611.85"
"2025-03-28","5,580.94"
"2025-03-27","5,693.31"
"2025-03-26","5,712.20"
"2025-03-25","5,776.65"
"2025-03-24","5,767.57"
"2025-03-21","5,667.56"
"2025-03-20","5,662.89"
"2025-03-19","5,675.29"
"2025-03-18","5,614.66"
"2025-03-17","5,675.12"
"2025-03-14","5,638.94"
"2025-03-13","5,521.52"
"2025-03-12","5,599.30"
"2025-03-11","5,572.07"
"2025-03-10","5,614.56"
"2025-03-07","5,770.20"
"2025-03-06","5,738.52"
"2025-03-05","5,842.63"
"2025-03-04","5,778.15"
"2025-03-03","5,849.72"
"2025-02-28","5,954.50"
"2025-02-27","5,861.57"
"2025-02-26","5,956.06"
"2025-02-25","5,955.25"
"2025-02-24","5,983.25"
"2025-02-21","6,013.13"
"2025-02-20","6,117.52"
"2025-02-19","6,144.15"
"2025-02-18","6,129.58"
"2025-02-14","6,114.63"
"2025-02-13","6,115.07"
"2025-02-12","6,051.97"
"2025-02-11","6,068.50"
"2025-02-10","6,066.44"
"2025-02-07","6,025.99"
"2025-02-06","6,083.57"
"2025-02-05","6,061.48"
"2025-02-04","6,037.88"
"2025-02-03","5,994.57"
"2025-01-31","6,040.53"
"2025-01-30","6,071.17"
"2025-01-29","6,039.31"
"2025-01-28","6,067.70"
"2025-01-27","6,012.28"
"2025-01-24","6,101.24"
"2025-01-23","6,118.71"
"2025-01-22","6,086.37"
"2025-01-21","6,049.24"
"2025-01-17","5,996.66"
"2025-01-16","5,937.34"
"2025-01-15","5,949.91"
"2025-01-14","5,842.91"
"2025-01-13","5,836.22"
"2025-01-10","5,827.04"
"2025-01-08","5,918.25"
"2025-01-07","5,909.03"
"2025-01-06","5,975.38"
"2025-01-03","5,942.47"
"2025-01-02","5,868.55"
"2024-12-31","5,881.63"
"2024-12-30","5,906.94"
"2024-12-27","5,970.84"
"2024-12-26","6,037.59"
"2024-12-24","6,040.04"
"2024-12-23","5,974.07"
"2024-12-20","5,930.85"
"2024-12-19","5,867.08"
"2024-12-18","5,872.16"
"2024-12-17","6,050.61"
"2024-12-16","6,074.08"
"2024-12-13","6,051.09"
"2024-12-12","6,051.25"
"2024-12-11","6,084.19"
"2024-12-10","6,034.91"
"2024-12-09","6,052.85"
"2024-12-06","6,090.27"
"2024-12-05","6,075.11"
"2024-12-04","6,086.49"
"2024-12-03","6,049.88"
"2024-12-02","6,047.15"
"2024-11-29","6,032.38"
"2024-11-27","5,998.74"
"2024-11-26","6,021.63"
"2024-11-25","5,987.37"
"2024-11-22","5,969.34"
"2024-11-21","5,948.71"
"2024-11-20","5,917.11"
"2024-11-19","5,916.98"
"2024-11-18","5,893.62"
"2024-11-15","5,870.62"
"2024-11-14","5,949.17"
"2024-11-13","5,985.38"
"2024-11-12","5,983.99"
"2024-11-11","6,001.35"
"2024-11-08","5,995.54"
"2024-11-07","5,973.10"
"2024-11-06","5,929.04"
"2024-11-05","5,782.76"
"2024-11-04","5,712.69"
"2024-11-01","5,728.80"
"2024-10-31","5,705.45"
"2024-10-30","5,813.67"
"2024-10-29","5,832.92"
"2024-10-28","5,823.52"
"2024-10-25","5,808.12"
"2024-10-24","5,809.86"
"2024-10-23","5,797.42"
"2024-10-22","5,851.20"
"2024-10-21","5,853.98"
"2024-10-18","5,864.67"
"2024-10-17","5,841.47"
"2024-10-16","5,842.47"
"2024-10-15","5,815.26"
"2024-10-14","5,859.85"
"2024-10-11","5,815.03"
"2024-10-10","5,780.05"
"2024-10-09","5,792.04"
"2024-10-08","5,751.13"
"2024-10-07","5,695.94"
"2024-10-04","5,751.07"
"2024-10-03","5,699.94"
"2024-10-02","5,709.54"
"2024-10-01","5,708.75"
"2024-09-30","5,762.48"
"2024-09-27","5,738.17"
"2024-09-26","5,745.37"
"2024-09-25","5,722.26"
"2024-09-24","5,732.93"
"2024-09-23","5,718.57"
"2024-09-20","5,702.55"
"2024-09-19","5,713.64"
"2024-09-18","5,618.26"
"2024-09-17","5,634.58"
"2024-09-16","5,633.09"
"2024-09-13","5,626.02"
"2024-09-12","5,595.76"
"2024-09-11","5,554.13"
"2024-09-10","5,495.52"
"2024-09-09","5,471.05"
"2024-09-06","5,408.42"
"2024-09-05","5,503.41"
"2024-09-04","5,520.07"
"2024-09-03","5,528.93"
"2024-08-30","5,648.40"
"2024-08-29","5,591.96"
"2024-08-28","5,592.18"
"2024-08-27","5,625.80"
"2024-08-26","5,616.84"
"2024-08-23","5,634.61"
"2024-08-22","5,570.64"
"2024-08-21","5,620.85"
"2024-08-20","5,597.12"
"2024-08-19","5,608.25"
"2024-08-16","5,554.25"
"2024-08-15","5,543.22"
"2024-08-14","5,455.21"
"2024-08-13","5,434.43"
"2024-08-12","5,344.39"
"2024-08-09","5,344.16"
"2024-08-08","5,319.31"
"2024-08-07","5,199.50"
"2024-08-06","5,240.03"
"2024-08-05","5,186.33"
"2024-08-02","5,346.56"
"2024-08-01","5,446.68"
"2024-07-31","5,522.30"
"2024-07-30","5,436.44"
"2024-07-29","5,463.54"
"2024-07-26","5,459.10"
"2024-07-25","5,399.22"
"2024-07-24","5,427.13"
"2024-07-23","5,555.74"
"2024-07-22","5,564.41"
"2024-07-19","5,505.00"
"2024-07-18","5,544.59"
"2024-07-17","5,588.27"
"2024-07-16","5,667.20"
"2024-07-15","5,631.22"
"2024-07-12","5,615.35"
"2024-07-11","5,584.54"
"2024-07-10","5,633.91"
"2024-07-09","5,576.98"
"2024-07-08","5,572.85"
"2024-07-05","5,567.19"
"2024-07-03","5,537.02"
"2024-07-02","5,509.01"
"2024-07-01","5,475.09"
"2024-06-28","5,460.48"
"2024-06-27","5,482.87"
"2024-06-26","5,477.90"
"2024-06-25","5,469.30"
"2024-06-24","5,447.87"
"2024-06-21","5,464.62"
"2024-06-20","5,473.17"
"2024-06-18","5,487.03"
"2024-06-17","5,473.23"
"2024-06-14","5,431.60"
"2024-06-13","5,433.74"
"2024-06-12","5,421.03"
"2024-06-11","5,375.32"
"2024-06-10","5,360.79"
"2024-06-07","5,346.99"
"2024-06-06","5,352.96"
"2024-06-05","5,354.03"
"2024-06-04","5,291.34"
"2024-06-03","5,283.40"
"2024-05-31","5,277.51"
"2024-05-30","5,235.48"
"2024-05-29","5,266.95"
"2024-05-28","5,306.04"
"2024-05-24","5,304.72"
"2024-05-23","5,267.84"
"2024-05-22","5,307.01"
"2024-05-21","5,321.41"
"2024-05-20","5,308.13"
"2024-05-17","5,303.27"
"2024-05-16","5,297.10"
"2024-05-15","5,308.15"
"2024-05-14","5,246.68"
"2024-05-13","5,221.42"
"2024-05-10","5,222.68"
"2024-05-09","5,214.08"
"2024-05-08","5,187.67"
"2024-05-07","5,187.70"
"2024-05-06","5,180.74"
"2024-05-03","5,127.79"
"2024-05-02","5,064.20"
"2024-05-01","5,018.39"
"2024-04-30","5,035.69"
"2024-04-29","5,116.17"
"2024-04-26","5,099.96"
"2024-04-25","5,048.42"
"2024-04-24","5,071.63"
"2024-04-23","5,070.55"
"2024-04-22","5,010.60"
"2024-04-19","4,967.23"
"2024-04-18","5,011.12"
"2024-04-17","5,022.21"
"2024-04-16","5,051.41"
"2024-04-15","5,061.82"
"2024-04-12","5,123.41"
"2024-04-11","5,199.06"
"2024-04-10","5,160.64"
"2024-04-09","5,209.91"
"2024-04-08","5,202.39"
"2024-04-05","5,204.34"
"2024-04-04","5,147.21"
"2024-04-03","5,211.49"
"2024-04-02","5,205.81"
"2024-04-01","5,243.77"
"2024-03-28","5,254.35"
"2024-03-27","5,248.49"
"2024-03-26","5,203.58"
"2024-03-25","5,218.19"
"2024-03-22","5,234.18"
"2024-03-21","5,241.53"
"2024-03-20","5,224.62"
"2024-03-19","5,178.51"
"2024-03-18","5,149.42"
"2024-03-15","5,117.09"
"2024-03-14","5,150.48"
"2024-03-13","5,165.31"
"2024-03-12","5,175.27"
"2024-03-11","5,117.94"
"2024-03-08","5,123.69"
"2024-03-07","5,157.36"
"2024-03-06","5,104.76"
"2024-03-05","5,078.65"
"2024-03-04","5,130.95"
"2024-03-01","5,137.08"
"2024-02-29","5,096.27"
"2024-02-28","5,069.76"
"2024-02-27","5,078.18"
"2024-02-26","5,069.53"
"2024-02-23","5,088.80"
"2024-02-22","5,087.03"
"2024-02-21","4,981.80"
"2024-02-20","4,975.51"
"2024-02-16","5,005.57"
"2024-02-15","5,029.73"
"2024-02-14","5,000.62"
"2024-02-13","4,953.17"
"2024-02-12","5,021.84"
"2024-02-09","5,026.61"
"2024-02-08","4,997.91"
"2024-02-07","4,995.06"
"2024-02-06","4,954.23"
"2024-02-05","4,942.81"
"2024-02-02","4,958.61"
"2024-02-01","4,906.19"
"2024-01-31","4,845.65"
"2024-01-30","4,924.97"
"2024-01-29","4,927.93"
"2024-01-26","4,890.97"
"2024-01-25","4,894.16"
"2024-01-24","4,868.55"
"2024-01-23","4,864.60"
"2024-01-22","4,850.43"
"2024-01-19","4,839.81"
"2024-01-18","4,780.94"
"2024-01-17","4,739.21"
"2024-01-16","4,765.98"
"2024-01-12","4,783.83"
"2024-01-11","4,780.24"
"2024-01-10","4,783.45"
"2024-01-09","4,756.50"
"2024-01-08","4,763.54"
"2024-01-05","4,697.24"
"2024-01-04","4,688.68"
"2024-01-03","4,704.81"
"2024-01-02","4,742.83"
"2023-12-29","4,769.83"
"2023-12-28","4,783.35"
"2023-12-27","4,781.58"
"2023-12-26","4,774.75"
"2023-12-22","4,754.63"
"2023-12-21","4,746.75"
"2023-12-20","4,698.35"
"2023-12-19","4,768.37"
"2023-12-18","4,740.56"
"2023-12-15","4,719.19"
"2023-12-14","4,719.55"
"2023-12-13","4,707.09"
"2023-12-12","4,643.70"
"2023-12-11","4,622.44"
"2023-12-08","4,604.37"
"2023-12-07","4,585.59"
"2023-12-06","4,549.34"
"2023-12-05","4,567.18"
"2023-12-04","4,569.78"
"2023-12-01","4,594.63"
"2023-11-30","4,567.80"
"2023-11-29","4,550.58"
"2023-11-28","4,554.89"
"2023-11-27","4,550.43"
"2023-11-24","4,559.34"
"2023-11-22","4,556.62"
"2023-11-21","4,538.19"
"2023-11-20","4,547.38"
"2023-11-17","4,514.02"
"2023-11-16","4,508.24"
"2023-11-15","4,502.88"
"2023-11-14","4,495.70"
"2023-11-13","4,411.55"
"2023-11-10","4,415.24"
"2023-11-09","4,347.35"
"2023-11-08","4,382.78"
"2023-11-07","4,378.38"
"2023-11-06","4,365.98"
"2023-11-03","4,358.34"
"2023-11-02","4,317.78"
"2023-11-01","4,237.86"
"2023-10-31","4,193.80"
"2023-10-30","4,166.82"
"2023-10-27","4,117.37"
"2023-10-26","4,137.23"
"2023-10-25","4,186.77"
"2023-10-24","4,247.68"
"2023-10-23","4,217.04"
"2023-10-20","4,224.16"
"2023-10-19","4,278.00"
"2023-10-18","4,314.60"
"2023-10-17","4,373.20"
"2023-10-16","4,373.63"
"2023-10-13","4,327.78"
"2023-10-12","4,349.61"
"2023-10-11","4,376.95"
"2023-10-10","4,358.24"
"2023-10-09","4,335.66"
"2023-10-06","4,308.50"
"2023-10-05","4,258.19"
"2023-10-04","4,263.75"
"2023-10-03","4,229.45"
"2023-10-02","4,288.39"
"2023-09-29","4,288.05"
"2023-09-28","4,299.70"
"2023-09-27","4,274.51"
"2023-09-26","4,273.53"
"2023-09-25","4,337.44"
"2023-09-22","4,320.06"
"2023-09-21","4,330.00"
"2023-09-20","4,402.20"
"2023-09-19","4,443.95"
"2023-09-18","4,453.53"
"2023-09-15","4,450.32"
"2023-09-14","4,505.10"
"2023-09-13","4,467.44"
"2023-09-12","4,461.90"
"2023-09-11","4,487.46"
"2023-09-08","4,457.49"
"2023-09-07","4,451.14"
"2023-09-06","4,465.48"
"2023-09-05","4,496.83"
"2023-09-01","4,515.77"
"2023-08-31","4,507.66"
"2023-08-30","4,514.87"
"2023-08-29","4,497.63"
"2023-08-28","4,433.31"
"2023-08-25","4,405.71"
"2023-08-24","4,376.31"
"2023-08-23","4,436.01"
"2023-08-22","4,387.55"
"2023-08-21","4,399.77"
"2023-08-18","4,369.71"
"2023-08-17","4,370.36"
"2023-08-16","4,404.33"
"2023-08-15","4,437.86"
"2023-08-14","4,489.72"
"2023-08-11","4,464.05"
"2023-08-10","4,468.83"
"2023-08-09","4,467.71"
"2023-08-08","4,499.38"
"2023-08-07","4,518.44"
"2023-08-04","4,478.03"
"2023-08-03","4,501.89"
"2023-08-02","4,513.39"
"2023-08-01","4,576.73"
"2023-07-31","4,588.96"
"2023-07-28","4,582.23"
"2023-07-27","4,537.41"
"2023-07-26","4,566.75"
"2023-07-25","4,567.46"
"2023-07-24","4,554.64"
"2023-07-21","4,536.34"
"2023-07-20","4,534.87"
"2023-07-19","4,565.72"
"2023-07-18","4,554.98"
"2023-07-17","4,522.79"
"2023-07-14","4,505.42"
"2023-07-13","4,510.04"
"2023-07-12","4,472.16"
"2023-07-11","4,439.26"
"2023-07-10","4,409.53"
"2023-07-07","4,398.95"
"2023-07-06","4,411.59"
"2023-07-05","4,446.82"
"2023-07-03","4,455.59"
"2023-06-30","4,450.38"
"2023-06-29","4,396.44"
"2023-06-28","4,376.86"
"2023-06-27","4,378.41"
"2023-06-26","4,328.82"
"2023-06-23","4,348.33"
"2023-06-22","4,381.89"
"2023-06-21","4,365.69"
"2023-06-20","4,388.71"
"2023-06-16","4,409.59"
"2023-06-15","4,425.84"
"2023-06-14","4,372.59"
"2023-06-13","4,369.01"
"2023-06-12","4,338.93"
"2023-06-09","4,298.86"
"2023-06-08","4,293.93"
"2023-06-07","4,267.52"
"2023-06-06","4,283.85"
"2023-06-05","4,273.79"
"2023-06-02","4,282.37"
"2023-06-01","4,221.02"
"2023-05-31","4,179.83"
"2023-05-30","4,205.52"
"2023-05-26","4,205.45"
"2023-05-25","4,151.28"
"2023-05-24","4,115.24"
"2023-05-23","4,145.58"
"2023-05-22","4,192.63"
"2023-05-19","4,191.98"
"2023-05-18","4,198.05"
"2023-05-17","4,158.77"
"2023-05-16","4,109.90"
"2023-05-15","4,136.28"
"2023-05-12","4,124.08"
"2023-05-11","4,130.62"
"2023-05-10","4,137.64"
"2023-05-09","4,119.17"
"2023-05-08","4,138.12"
"2023-05-05","4,136.25"
"2023-05-04","4,061.22"
"2023-05-03","4,090.75"
"2023-05-02","4,119.58"
"2023-05-01","4,167.87"
"2023-04-28","4,169.48"
"2023-04-27","4,135.35"
"2023-04-26","4,055.99"
"2023-04-25","4,071.63"
"2023-04-24","4,137.04"
"2023-04-21","4,133.52"
"2023-04-20","4,129.79"
"2023-04-19","4,154.52"
"2023-04-18","4,154.87"
"2023-04-17","4,151.32"
"2023-04-14","4,137.64"
"2023-04-13","4,146.22"
"2023-04-12","4,091.95"
"2023-04-11","4,108.94"
"2023-04-10","4,109.11"
"2023-04-06","4,105.02"
"2023-04-05","4,090.38"
"2023-04-04","4,100.60"
"2023-04-03","4,124.51"
"2023-03-31","4,109.31"
"2023-03-30","4,050.83"
"2023-03-29","4,027.81"
"2023-03-28","3,971.27"
"2023-03-27","3,977.53"
"2023-03-24","3,970.99"
"2023-03-23","3,948.72"
"2023-03-22","3,936.97"
"2023-03-21","4,002.87"
"2023-03-20","3,951.57"
"2023-03-17","3,916.64"
"2023-03-16","3,960.28"
"2023-03-15","3,891.93"
"2023-03-14","3,919.29"
"2023-03-13","3,855.76"
"2023-03-10","3,861.59"
"2023-03-09","3,918.32"
"2023-03-08","3,992.01"
"2023-03-07","3,986.37"
"2023-03-06","4,048.42"
"2023-03-03","4,045.64"
"2023-03-02","3,981.35"
"2023-03-01","3,951.39"
"2023-02-28","3,970.15"
"2023-02-27","3,982.24"
"2023-02-24","3,970.04"
"2023-02-23","4,012.32"
"2023-02-22","3,991.05"
"2023-02-21","3,997.34"
"2023-02-17","4,079.09"
"2023-02-16","4,090.41"
"2023-02-15","4,147.60"
"2023-02-14","4,136.13"
"2023-02-13","4,137.29"
"2023-02-10","4,090.46"
"2023-02-09","4,081.50"
"2023-02-08","4,117.86"
"2023-02-07","4,164.00"
"2023-02-06","4,111.08"
"2023-02-03","4,136.48"
"2023-02-02","4,179.76"
"2023-02-01","4,119.21"
"2023-01-31","4,076.60"
"2023-01-30","4,017.77"
"2023-01-27","4,070.56"
"2023-01-26","4,060.43"
"2023-01-25","4,016.22"
"2023-01-24","4,016.95"
"2023-01-23","4,019.81"
"2023-01-20","3,972.61"
"2023-01-19","3,898.85"
"2023-01-18","3,928.86"
"2023-01-17","3,990.97"
"2023-01-13","3,999.09"
"2023-01-12","3,983.17"
"2023-01-11","3,969.61"
"2023-01-10","3,919.25"
"2023-01-09","3,892.09"
"2023-01-06","3,895.08"
"2023-01-05","3,808.10"
"2023-01-04","3,852.97"
"2023-01-03","3,824.14"
"2022-12-30","3,839.50"
"2022-12-29","3,849.28"
"2022-12-28","3,783.22"
"2022-12-27","3,829.25"
"2022-12-23","3,844.82"
"2022-12-22","3,822.39"
"2022-12-21","3,878.44"
"2022-12-20","3,821.62"
"2022-12-19","3,817.66"
"2022-12-16","3,852.36"
"2022-12-15","3,895.75"
"2022-12-14","3,995.32"
"2022-12-13","4,019.65"
"2022-12-12","3,990.56"
"2022-12-09","3,934.38"
"2022-12-08","3,963.51"
"2022-12-07","3,933.92"
"2022-12-06","3,941.26"
"2022-12-05","3,998.84"
"2022-12-02","4,071.70"
"2022-12-01","4,076.57"
"2022-11-30","4,080.11"
"2022-11-29","3,957.63"
"2022-11-28","3,963.94"
"2022-11-25","4,026.12"
"2022-11-23","4,027.26"
"2022-11-22","4,003.58"
"2022-11-21","3,949.94"
"2022-11-18","3,965.34"
"2022-11-17","3,946.56"
"2022-11-16","3,958.79"
"2022-11-15","3,991.73"
"2022-11-14","3,957.25"
"2022-11-11","3,992.93"
"2022-11-10","3,956.37"
"2022-11-09","3,748.57"
"2022-11-08","3,828.11"
"2022-11-07","3,806.80"
"2022-11-04","3,770.55"
"2022-11-03","3,719.89"
"2022-11-02","3,759.69"
"2022-11-01","3,856.10"
"2022-10-31","3,871.98"
"2022-10-28","3,901.06"
"2022-10-27","3,807.30"
"2022-10-26","3,830.60"
"2022-10-25","3,859.11"
"2022-10-24","3,797.34"
"2022-10-21","3,752.75"
"2022-10-20","3,665.78"
"2022-10-19","3,695.16"
"2022-10-18","3,719.98"
"2022-10-17","3,677.95"
"2022-10-14","3,583.07"
"2022-10-13","3,669.91"
"2022-10-12","3,577.03"
"2022-10-11","3,588.84"
"2022-10-10","3,612.39"
"2022-10-07","3,639.66"
"2022-10-06","3,744.52"
"2022-10-05","3,783.28"
"2022-10-04","3,790.93"
"2022-10-03","3,678.43"
"2022-09-30","3,585.62"
"2022-09-29","3,640.47"
"2022-09-28","3,719.04"
"2022-09-27","3,647.29"
"2022-09-26","3,655.04"
"2022-09-23","3,693.23"
"2022-09-22","3,757.99"
"2022-09-21","3,789.93"
"2022-09-20","3,855.93"
"2022-09-19","3,899.89"
"2022-09-16","3,873.33"
"2022-09-15","3,901.35"
"2022-09-14","3,946.01"
"2022-09-13","3,932.69"
"2022-09-12","4,110.41"
"2022-09-09","4,067.36"
"2022-09-08","4,006.18"
"2022-09-07","3,979.87"
"2022-09-06","3,908.19"
"2022-09-02","3,924.26"
"2022-09-01","3,966.85"
"2022-08-31","3,955.00"
"2022-08-30","3,986.16"
"2022-08-29","4,030.61"
"2022-08-26","4,057.66"
"2022-08-25","4,199.12"
"2022-08-24","4,140.77"
"2022-08-23","4,128.73"
"2022-08-22","4,137.99"
"2022-08-19","4,228.48"
"2022-08-18","4,283.74"
"2022-08-17","4,274.04"
"2022-08-16","4,305.20"
"2022-08-15","4,297.14"
"2022-08-12","4,280.15"
"2022-08-11","4,207.27"
"2022-08-10","4,210.24"
"2022-08-09","4,122.47"
"2022-08-08","4,140.06"
"2022-08-05","4,145.19"
"2022-08-04","4,151.94"
"2022-08-03","4,155.17"
"2022-08-02","4,091.19"
"2022-08-01","4,118.63"
"2022-07-29","4,130.29"
"2022-07-28","4,072.43"
"2022-07-27","4,023.61"
"2022-07-26","3,921.05"
"2022-07-25","3,966.84"
"2022-07-22","3,961.63"
"2022-07-21","3,998.95"
"2022-07-20","3,959.90"
"2022-07-19","3,936.69"
"2022-07-18","3,830.85"
"2022-07-15","3,863.16"
"2022-07-14","3,790.38"
"2022-07-13","3,801.78"
"2022-07-12","3,818.80"
"2022-07-11","3,854.43"
"2022-07-08","3,899.38"
"2022-07-07","3,902.62"
"2022-07-06","3,845.08"
"2022-07-05","3,831.39"
"2022-07-01","3,825.33"
"2022-06-30","3,785.38"
"2022-06-29","3,818.83"
"2022-06-28","3,821.55"
"2022-06-27","3,900.11"
"2022-06-24","3,911.74"
"2022-06-23","3,795.73"
"2022-06-22","3,759.89"
"2022-06-21","3,764.79"
"2022-06-17","3,674.84"
"2022-06-16","3,666.77"
"2022-06-15","3,789.99"
"2022-06-14","3,735.48"
"2022-06-13","3,749.63"
"2022-06-10","3,900.86"
"2022-06-09","4,017.82"
"2022-06-08","4,115.77"
"2022-06-07","4,160.68"
"2022-06-06","4,121.43"
"2022-06-03","4,108.54"
"2022-06-02","4,176.82"
"2022-06-01","4,101.23"
"2022-05-31","4,132.15"
"2022-05-27","4,158.24"
"2022-05-26","4,057.84"
"2022-05-25","3,978.73"
"2022-05-24","3,941.48"
"2022-05-23","3,973.75"
"2022-05-20","3,901.36"
"2022-05-19","3,900.79"
"2022-05-18","3,923.68"
"2022-05-17","4,088.85"
"2022-05-16","4,008.01"
"2022-05-13","4,023.89"
"2022-05-12","3,930.08"
"2022-05-11","3,935.18"
"2022-05-10","4,001.05"
"2022-05-09","3,991.24"
"2022-05-06","4,123.34"
"2022-05-05","4,146.87"
"2022-05-04","4,300.17"
"2022-05-03","4,175.48"
"2022-05-02","4,155.38"
"2022-04-29","4,131.93"
"2022-04-28","4,287.50"
"2022-04-27","4,183.96"
"2022-04-26","4,175.20"
"2022-04-25","4,296.12"
"2022-04-22","4,271.78"
"2022-04-21","4,393.66"
"2022-04-20","4,459.45"
"2022-04-19","4,462.21"
"2022-04-18","4,391.69"
"2022-04-14","4,392.59"
"2022-04-13","4,446.59"
"2022-04-12","4,397.45"
"2022-04-11","4,412.53"
"2022-04-08","4,488.28"
"2022-04-07","4,500.21"
"2022-04-06","4,481.15"
"2022-04-05","4,525.12"
"2022-04-04","4,582.64"
"2022-04-01","4,545.86"
"2022-03-31","4,530.41"
"2022-03-30","4,602.45"
"2022-03-29","4,631.60"
"2022-03-28","4,575.52"
"2022-03-25","4,543.06"
"2022-03-24","4,520.16"
"2022-03-23","4,456.24"
"2022-03-22","4,511.61"
"2022-03-21","4,461.18"
"2022-03-18","4,463.12"
"2022-03-17","4,411.67"
"2022-03-16","4,357.86"
"2022-03-15","4,262.45"
"2022-03-14","4,173.11"
"2022-03-11","4,204.31"
"2022-03-10","4,259.52"
"2022-03-09","4,277.88"
"2022-03-08","4,170.70"
"2022-03-07","4,201.09"
"2022-03-04","4,328.87"
"2022-03-03","4,363.49"
"2022-03-02","4,386.54"
"2022-03-01","4,306.26"
"2022-02-28","4,373.94"
"2022-02-25","4,384.65"
"2022-02-24","4,288.70"
"2022-02-23","4,225.50"
"2022-02-22","4,304.76"
"2022-02-18","4,348.87"
"2022-02-17","4,380.26"
"2022-02-16","4,475.01"
"2022-02-15","4,471.07"
"2022-02-14","4,401.67"
"2022-02-11","4,418.64"
"2022-02-10","4,504.08"
"2022-02-09","4,587.18"
"2022-02-08","4,521.54"
"2022-02-07","4,483.87"
"2022-02-04","4,500.53"
"2022-02-03","4,477.44"
"2022-02-02","4,589.38"
"2022-02-01","4,546.54"
"2022-01-31","4,515.55"
"2022-01-28","4,431.85"
"2022-01-27","4,326.51"
"2022-01-26","4,349.93"
"2022-01-25","4,356.45"
"2022-01-24","4,410.13"
"2022-01-21","4,397.94"
"2022-01-20","4,482.73"
"2022-01-19","4,532.76"
"2022-01-18","4,577.11"
"2022-01-14","4,662.85"
"2022-01-13","4,659.03"
"2022-01-12","4,726.35"
"2022-01-11","4,713.07"
"2022-01-10","4,670.29"
"2022-01-07","4,677.03"
"2022-01-06","4,696.05"
"2022-01-05","4,700.58"
"2022-01-04","4,793.54"
"2022-01-03","4,796.56"
"2021-12-31","4,766.18"
"2021-12-30","4,778.73"
"2021-12-29","4,793.06"
"2021-12-28","4,786.35"
"2021-12-27","4,791.19"
"2021-12-23","4,725.79"
"2021-12-22","4,696.56"
"2021-12-21","4,649.23"
"2021-12-20","4,568.02"
"2021-12-17","4,620.64"
"2021-12-16","4,668.67"
"2021-12-15","4,709.85"
"2021-12-14","4,634.09"
"2021-12-13","4,668.97"
"2021-12-10","4,712.02"
"2021-12-09","4,667.45"
"2021-12-08","4,701.21"
"2021-12-07","4,686.75"
"2021-12-06","4,591.67"
"2021-12-03","4,538.43"
"2021-12-02","4,577.10"
"2021-12-01","4,513.04"
"2021-11-30","4,567.00"
"2021-11-29","4,655.27"
"2021-11-26","4,594.62"
"2021-11-24","4,701.46"
"2021-11-23","4,690.70"
"2021-11-22","4,682.94"
"2021-11-19","4,697.96"
"2021-11-18","4,704.54"
"2021-11-17","4,688.67"
"2021-11-16","4,700.90"
"2021-11-15","4,682.80"
"2021-11-12","4,682.85"
"2021-11-11","4,649.27"
"2021-11-10","4,646.71"
"2021-11-09","4,685.25"
"2021-11-08","4,701.70"
"2021-11-05","4,697.53"
"2021-11-04","4,680.06"
"2021-11-03","4,660.57"
"2021-11-02","4,630.65"
"2021-11-01","4,613.67"
"2021-10-29","4,605.38"
"2021-10-28","4,596.42"
"2021-10-27","4,551.68"
"2021-10-26","4,574.79"
"2021-10-25","4,566.48"
"2021-10-22","4,544.90"
"2021-10-21","4,549.78"
"2021-10-20","4,536.19"
"2021-10-19","4,519.63"
"2021-10-18","4,486.46"
"2021-10-15","4,471.37"
"2021-10-14","4,438.26"
"2021-10-13","4,363.80"
"2021-10-12","4,350.65"
"2021-10-11","4,361.19"
"2021-10-08","4,391.34"
"2021-10-07","4,399.76"
"2021-10-06","4,363.55"
"2021-10-05","4,345.72"
"2021-10-04","4,300.46"
"2021-10-01","4,357.04"
"2021-09-30","4,307.54"
"2021-09-29","4,359.46"
"2021-09-28","4,352.63"
"2021-09-27","4,443.11"
"2021-09-24","4,455.48"
"2021-09-23","4,448.98"
"2021-09-22","4,395.64"
"2021-09-21","4,354.19"
"2021-09-20","4,357.73"
"2021-09-17","4,432.99"
"2021-09-16","4,473.75"
"2021-09-15","4,480.70"
"2021-09-14","4,443.05"
"2021-09-13","4,468.73"
"2021-09-10","4,458.58"
"2021-09-09","4,493.28"
"2021-09-08","4,514.07"
"2021-09-07","4,520.03"
"2021-09-03","4,535.43"
"2021-09-02","4,536.95"
"2021-09-01","4,524.09"
"2021-08-31","4,522.68"
"2021-08-30","4,528.79"
"2021-08-27","4,509.37"
"2021-08-26","4,470.00"
"2021-08-25","4,496.19"
"2021-08-24","4,486.23"
"2021-08-23","4,479.53"
"2021-08-20","4,441.67"
"2021-08-19","4,405.80"
"2021-08-18","4,400.27"
"2021-08-17","4,448.08"
"2021-08-16","4,479.71"
"2021-08-13","4,468.00"
"2021-08-12","4,460.83"
"2021-08-11","4,442.41"
"2021-08-10","4,436.75"
"2021-08-09","4,432.35"
"2021-08-06","4,436.52"
"2021-08-05","4,429.10"
"2021-08-04","4,402.66"
"2021-08-03","4,423.15"
"2021-08-02","4,387.16"
"2021-07-30","4,395.26"
"2021-07-29","4,419.15"
"2021-07-28","4,400.64"
"2021-07-27","4,401.46"
"2021-07-26","4,422.30"
"2021-07-23","4,411.79"
"2021-07-22","4,367.48"
"2021-07-21","4,358.69"
"2021-07-20","4,323.06"
"2021-07-19","4,258.49"
"2021-07-16","4,327.16"
"2021-07-15","4,360.03"
"2021-07-14","4,374.30"
"2021-07-13","4,369.21"
"2021-07-12","4,384.63"
"2021-07-09","4,369.55"
"2021-07-08","4,320.82"
"2021-07-07","4,358.13"
"2021-07-06","4,343.54"
"2021-07-02","4,352.34"
"2021-07-01","4,319.94"
"2021-06-30","4,297.50"
"2021-06-29","4,291.80"
"2021-06-28","4,290.61"
"2021-06-25","4,280.70"
"2021-06-24","4,266.49"
"2021-06-23","4,241.84"
"2021-06-22","4,246.44"
"2021-06-21","4,224.79"
"2021-06-18","4,166.45"
"2021-06-17","4,221.86"
"2021-06-16","4,223.70"
"2021-06-15","4,246.59"
"2021-06-14","4,255.15"
"2021-06-11","4,247.44"
"2021-06-10","4,239.18"
"2021-06-09","4,219.55"
"2021-06-08","4,227.26"
"2021-06-07","4,226.52"
"2021-06-04","4,229.89"
"2021-06-03","4,192.85"
"2021-06-02","4,208.12"
"2021-06-01","4,202.04"
"2021-05-28","4,204.11"
"2021-05-27","4,200.88"
"2021-05-26","4,195.99"
"2021-05-25","4,188.13"
"2021-05-24","4,197.05"
"2021-05-21","4,155.86"
"2021-05-20","4,159.12"
"2021-05-19","4,115.68"
"2021-05-18","4,127.83"
"2021-05-17","4,163.29"
"2021-05-14","4,173.85"
"2021-05-13","4,112.50"
"2021-05-12","4,063.04"
"2021-05-11","4,152.10"
"2021-05-10","4,188.43"
"2021-05-07","4,232.60"
"2021-05-06","4,201.62"
"2021-05-05","4,167.59"
"2021-05-04","4,164.66"
"2021-05-03","4,192.66"
"2021-04-30","4,181.17"
"2021-04-29","4,211.47"
"2021-04-28","4,183.18"
"2021-04-27","4,186.72"
"2021-04-26","4,187.62"
"2021-04-23","4,180.17"
"2021-04-22","4,134.98"
"2021-04-21","4,173.42"
"2021-04-20","4,134.94"
"2021-04-19","4,163.26"
"2021-04-16","4,185.47"
"2021-04-15","4,170.42"
"2021-04-14","4,124.66"
"2021-04-13","4,141.59"
"2021-04-12","4,127.99"
"2021-04-09","4,128.80"
"2021-04-08","4,097.17"
"2021-04-07","4,079.95"
"2021-04-06","4,073.94"
"2021-04-05","4,077.91"
"2021-04-01","4,019.87"
"2021-03-31","3,972.89"
"2021-03-30","3,958.55"
"2021-03-29","3,971.09"
"2021-03-26","3,974.54"
"2021-03-25","3,909.52"
"2021-03-24","3,889.14"
"2021-03-23","3,910.52"
"2021-03-22","3,940.59"
"2021-03-19","3,913.10"
"2021-03-18","3,915.46"
"2021-03-17","3,974.12"
"2021-03-16","3,962.71"
"2021-03-15","3,968.94"
"2021-03-12","3,943.34"
"2021-03-11","3,939.34"
"2021-03-10","3,898.81"
"2021-03-09","3,875.44"
"2021-03-08","3,821.35"
"2021-03-05","3,841.94"
"2021-03-04","3,768.47"
"2021-03-03","3,819.72"
"2021-03-02","3,870.29"
"2021-03-01","3,901.82"
"2021-02-26","3,811.15"
"2021-02-25","3,829.34"
"2021-02-24","3,925.43"
"2021-02-23","3,881.37"
"2021-02-22","3,876.50"
"2021-02-19","3,906.71"
"2021-02-18","3,913.97"
"2021-02-17","3,931.33"
"2021-02-16","3,932.59"
"2021-02-12","3,934.83"
"2021-02-11","3,916.38"
"2021-02-10","3,909.88"
"2021-02-09","3,911.23"
"2021-02-08","3,915.59"
"2021-02-05","3,886.83"
"2021-02-04","3,871.74"
"2021-02-03","3,830.17"
"2021-02-02","3,826.31"
"2021-02-01","3,773.86"
"2021-01-29","3,714.24"
"2021-01-28","3,787.38"
"2021-01-27","3,750.77"
"2021-01-26","3,849.62"
"2021-01-25","3,855.36"
"2021-01-22","3,841.47"
"2021-01-21","3,853.07"
"2021-01-20","3,851.85"
"2021-01-19","3,798.91"
"2021-01-15","3,768.25"
"2021-01-14","3,795.54"
"2021-01-13","3,809.84"
"2021-01-12","3,801.19"
"2021-01-11","3,799.61"
"2021-01-08","3,824.68"
"2021-01-07","3,803.79"
"2021-01-06","3,748.14"
"2021-01-05","3,726.86"
"2021-01-04","3,700.65"
"2020-12-31","3,756.07"
"2020-12-30","3,732.04"
"2020-12-29","3,727.04"
"2020-12-28","3,735.36"
"2020-12-24","3,703.06"
"2020-12-23","3,690.01"
"2020-12-22","3,687.26"
"2020-12-21","3,694.92"
"2020-12-18","3,709.41"
"2020-12-17","3,722.48"
"2020-12-16","3,701.17"
"2020-12-15","3,694.62"
"2020-12-14","3,647.49"
"2020-12-11","3,663.46"
"2020-12-10","3,668.10"
"2020-12-09","3,672.82"
"2020-12-08","3,702.25"
"2020-12-07","3,691.96"
"2020-12-04","3,699.12"
"2020-12-03","3,666.72"
"2020-12-02","3,669.01"
"2020-12-01","3,662.45"
"2020-11-30","3,621.63"
"2020-11-27","3,638.35"
"2020-11-25","3,629.65"
"2020-11-24","3,635.41"
"2020-11-23","3,577.59"
"2020-11-20","3,557.54"
"2020-11-19","3,581.87"
"2020-11-18","3,567.79"
"2020-11-17","3,609.53"
"2020-11-16","3,626.91"
"2020-11-13","3,585.15"
"2020-11-12","3,537.01"
"2020-11-11","3,572.66"
"2020-11-10","3,545.53"
"2020-11-09","3,550.50"
"2020-11-06","3,509.44"
"2020-11-05","3,510.45"
"2020-11-04","3,443.44"
"2020-11-03","3,369.16"
"2020-11-02","3,310.24"
"2020-10-30","3,269.96"
"2020-10-29","3,310.11"
"2020-10-28","3,271.03"
"2020-10-27","3,390.68"
"2020-10-26","3,400.97"
"2020-10-23","3,465.39"
"2020-10-22","3,453.49"
"2020-10-21","3,435.56"
"2020-10-20","3,443.12"
"2020-10-19","3,426.92"
"2020-10-16","3,483.81"
"2020-10-15","3,483.34"
"2020-10-14","3,488.67"
"2020-10-13","3,511.93"
"2020-10-12","3,534.22"
"2020-10-09","3,477.14"
"2020-10-08","3,446.83"
"2020-10-07","3,419.44"
"2020-10-06","3,360.97"
"2020-10-05","3,408.60"
"2020-10-02","3,348.42"
"2020-10-01","3,380.80"
"2020-09-30","3,363.00"
"2020-09-29","3,335.47"
"2020-09-28","3,351.60"
"2020-09-25","3,298.46"
"2020-09-24","3,246.59"
"2020-09-23","3,236.92"
"2020-09-22","3,315.57"
"2020-09-21","3,281.06"
"2020-09-18","3,319.47"
"2020-09-17","3,357.01"
"2020-09-16","3,385.49"
"2020-09-15","3,401.20"
"2020-09-14","3,383.54"
"2020-09-11","3,340.97"
"2020-09-10","3,339.19"
"2020-09-09","3,398.96"
"2020-09-08","3,331.84"
"2020-09-04","3,426.96"
"2020-09-03","3,455.06"
"2020-09-02","3,580.84"
"2020-09-01","3,526.65"
"2020-08-31","3,500.31"
"2020-08-28","3,508.01"
"2020-08-27","3,484.55"
"2020-08-26","3,478.73"
"2020-08-25","3,443.62"
"2020-08-24","3,431.28"
"2020-08-21","3,397.16"
"2020-08-20","3,385.51"
"2020-08-19","3,374.85"
"2020-08-18","3,389.78"
"2020-08-17","3,381.99"
"2020-08-14","3,372.85"
"2020-08-13","3,373.43"
"2020-08-12","3,380.35"
"2020-08-11","3,333.69"
"2020-08-10","3,360.47"
"2020-08-07","3,351.28"
"2020-08-06","3,349.16"
"2020-08-05","3,327.77"
"2020-08-04","3,306.51"
"2020-08-03","3,294.61"
"2020-07-31","3,271.12"
"2020-07-30","3,246.22"
"2020-07-29","3,258.44"
"2020-07-28","3,218.44"
"2020-07-27","3,239.41"
"2020-07-24","3,215.63"
"2020-07-23","3,235.66"
"2020-07-22","3,276.02"
"2020-07-21","3,257.30"
"2020-07-20","3,251.84"
"2020-07-17","3,224.73"
"2020-07-16","3,215.57"
"2020-07-15","3,226.56"
"2020-07-14","3,197.52"
"2020-07-13","3,155.22"
"2020-07-10","3,185.04"
"2020-07-09","3,152.05"
"2020-07-08","3,169.94"
"2020-07-07","3,145.32"
"2020-07-06","3,179.72"
"2020-07-02","3,130.01"
"2020-07-01","3,115.86"
"2020-06-30","3,100.29"
"2020-06-29","3,053.24"
"2020-06-26","3,009.05"
"2020-06-25","3,083.76"
"2020-06-24","3,050.33"
"2020-06-23","3,131.29"
"2020-06-22","3,117.86"
"2020-06-19","3,097.74"
"2020-06-18","3,115.34"
"2020-06-17","3,113.49"
"2020-06-16","3,124.74"
"2020-06-15","3,066.59"
"2020-06-12","3,041.31"
"2020-06-11","3,002.10"
"2020-06-10","3,190.14"
"2020-06-09","3,207.18"
"2020-06-08","3,232.39"
"2020-06-05","3,193.93"
"2020-06-04","3,112.35"
"2020-06-03","3,122.87"
"2020-06-02","3,080.82"
"2020-06-01","3,055.73"
"2020-05-29","3,044.31"
"2020-05-28","3,029.73"
"2020-05-27","3,036.13"
"2020-05-26","2,991.77"
"2020-05-22","2,955.45"
"2020-05-21","2,948.51"
"2020-05-20","2,971.61"
"2020-05-19","2,922.94"
"2020-05-18","2,953.91"
"2020-05-15","2,863.70"
"2020-05-14","2,852.50"
"2020-05-13","2,820.00"
"2020-05-12","2,870.12"
"2020-05-11","2,930.19"
"2020-05-08","2,929.80"
"2020-05-07","2,881.19"
"2020-05-06","2,848.42"
"2020-05-05","2,868.44"
"2020-05-04","2,842.74"
"2020-05-01","2,830.71"
"2020-04-30","2,912.43"
"2020-04-29","2,939.51"
"2020-04-28","2,863.39"
"2020-04-27","2,878.48"
"2020-04-24","2,836.74"
"2020-04-23","2,797.80"
"2020-04-22","2,799.31"
"2020-04-21","2,736.56"
"2020-04-20","2,823.16"
"2020-04-17","2,874.56"
"2020-04-16","2,799.55"
"2020-04-15","2,783.36"
"2020-04-14","2,846.06"
"2020-04-13","2,761.63"
"2020-04-09","2,789.82"
"2020-04-08","2,749.98"
"2020-04-07","2,659.41"
"2020-04-06","2,663.68"
"2020-04-03","2,488.65"
"2020-04-02","2,526.90"
"2020-04-01","2,470.50"
"2020-03-31","2,584.59"
"2020-03-30","2,626.65"
"2020-03-27","2,541.47"
"2020-03-26","2,630.07"
"2020-03-25","2,475.56"
"2020-03-24","2,447.33"
"2020-03-23","2,237.40"
"2020-03-20","2,304.92"
"2020-03-19","2,409.39"
"2020-03-18","2,398.10"
"2020-03-17","2,529.19"
"2020-03-16","2,386.13"
"2020-03-13","2,711.02"
"2020-03-12","2,480.64"
"2020-03-11","2,741.38"
"2020-03-10","2,882.23"
"2020-03-09","2,746.56"
"2020-03-06","2,972.37"
"2020-03-05","3,023.94"
"2020-03-04","3,130.12"
"2020-03-03","3,003.37"
"2020-03-02","3,090.23"
"2020-02-28","2,954.22"
"2020-02-27","2,978.76"
"2020-02-26","3,116.39"
"2020-02-25","3,128.21"
"2020-02-24","3,225.89"
"2020-02-21","3,337.75"
"2020-02-20","3,373.23"
"2020-02-19","3,386.15"
"2020-02-18","3,370.29"
"2020-02-14","3,380.16"
"2020-02-13","3,373.94"
"2020-02-12","3,379.45"
"2020-02-11","3,357.75"
"2020-02-10","3,352.09"
"2020-02-07","3,327.71"
"2020-02-06","3,345.78"
"2020-02-05","3,334.69"
"2020-02-04","3,297.59"
"2020-02-03","3,248.92"
"2020-01-31","3,225.52"
"2020-01-30","3,283.66"
"2020-01-29","3,273.40"
"2020-01-28","3,276.24"
"2020-01-27","3,243.63"
"2020-01-24","3,295.47"
"2020-01-23","3,325.54"
"2020-01-22","3,321.75"
"2020-01-21","3,320.79"
"2020-01-17","3,329.62"
"2020-01-16","3,316.81"
"2020-01-15","3,289.29"
"2020-01-14","3,283.15"
"2020-01-13","3,288.13"
"2020-01-10","3,265.35"
"2020-01-09","3,274.70"
"2020-01-08","3,253.05"
"2020-01-07","3,237.18"
"2020-01-06","3,246.28"
"2020-01-03","3,234.85"
"2020-01-02","3,257.85"
"2019-12-31","3,230.78"
"2019-12-30","3,221.29"
"2019-12-27","3,240.02"
"2019-12-26","3,239.91"
"2019-12-24","3,223.38"
"2019-12-23","3,224.01"
"2019-12-20","3,221.22"
"2019-12-19","3,205.37"
"2019-12-18","3,191.14"
"2019-12-17","3,192.52"
"2019-12-16","3,191.45"
"2019-12-13","3,168.80"
"2019-12-12","3,168.57"
"2019-12-11","3,141.63"
"2019-12-10","3,132.52"
"2019-12-09","3,135.96"
"2019-12-06","3,145.91"
"2019-12-05","3,117.43"
"2019-12-04","3,112.76"
"2019-12-03","3,093.20"
"2019-12-02","3,113.87"
"2019-11-29","3,140.98"
"2019-11-27","3,153.63"
"2019-11-26","3,140.52"
"2019-11-25","3,133.64"
"2019-11-22","3,110.29"
"2019-11-21","3,103.54"
"2019-11-20","3,108.46"
"2019-11-19","3,120.18"
"2019-11-18","3,122.03"
"2019-11-15","3,120.46"
"2019-11-14","3,096.63"
"2019-11-13","3,094.04"
"2019-11-12","3,091.84"
"2019-11-11","3,087.01"
"2019-11-08","3,093.08"
"2019-11-07","3,085.18"
"2019-11-06","3,076.78"
"2019-11-05","3,074.62"
"2019-11-04","3,078.27"
"2019-11-01","3,066.91"
"2019-10-31","3,037.56"
"2019-10-30","3,046.77"
"2019-10-29","3,036.89"
"2019-10-28","3,039.42"
"2019-10-25","3,022.55"
"2019-10-24","3,010.29"
"2019-10-23","3,004.52"
"2019-10-22","2,995.99"
"2019-10-21","3,006.72"
"2019-10-18","2,986.20"
"2019-10-17","2,997.95"
"2019-10-16","2,989.69"
"2019-10-15","2,995.68"
"2019-10-14","2,966.15"
"2019-10-11","2,970.27"
"2019-10-10","2,938.13"
"2019-10-09","2,919.40"
"2019-10-08","2,893.06"
"2019-10-07","2,938.79"
"2019-10-04","2,952.01"
"2019-10-03","2,910.63"
"2019-10-02","2,887.61"
"2019-10-01","2,940.25"
"2019-09-30","2,976.74"
"2019-09-27","2,961.79"
"2019-09-26","2,977.62"
"2019-09-25","2,984.87"
"2019-09-24","2,966.60"
"2019-09-23","2,991.78"
"2019-09-20","2,992.07"
"2019-09-19","3,006.79"
"2019-09-18","3,006.73"
"2019-09-17","3,005.70"
"2019-09-16","2,997.96"
"2019-09-13","3,007.39"
"2019-09-12","3,009.57"
"2019-09-11","3,000.93"
"2019-09-10","2,979.39"
"2019-09-09","2,978.43"
"2019-09-06","2,978.71"
"2019-09-05","2,976.00"
"2019-09-04","2,937.78"
"2019-09-03","2,906.27"
"2019-08-30","2,926.46"
"2019-08-29","2,924.58"
"2019-08-28","2,887.94"
"2019-08-27","2,869.16"
"2019-08-26","2,878.38"
"2019-08-23","2,847.11"
"2019-08-22","2,922.95"
"2019-08-21","2,924.43"
"2019-08-20","2,900.51"
"2019-08-19","2,923.65"
"2019-08-16","2,888.68"
"2019-08-15","2,847.60"
"2019-08-14","2,840.60"
"2019-08-13","2,926.32"
"2019-08-12","2,882.70"
"2019-08-09","2,918.65"
"2019-08-08","2,938.09"
"2019-08-07","2,883.98"
"2019-08-06","2,881.77"
"2019-08-05","2,844.74"
"2019-08-02","2,932.05"
"2019-08-01","2,953.56"
"2019-07-31","2,980.38"
"2019-07-30","3,013.18"
"2019-07-29","3,020.97"
"2019-07-26","3,025.86"
"2019-07-25","3,003.67"
"2019-07-24","3,019.56"
"2019-07-23","3,005.47"
"2019-07-22","2,985.03"
"2019-07-19","2,976.61"
"2019-07-18","2,995.11"
"2019-07-17","2,984.42"
"2019-07-16","3,004.04"
"2019-07-15","3,014.30"
"2019-07-12","3,013.77"
"2019-07-11","2,999.91"
"2019-07-10","2,993.07"
"2019-07-09","2,979.63"
"2019-07-08","2,975.95"
"2019-07-05","2,990.41"
"2019-07-03","2,995.82"
"2019-07-02","2,973.01"
"2019-07-01","2,964.33"
"2019-06-28","2,941.76"
"2019-06-27","2,924.92"
"2019-06-26","2,913.78"
"2019-06-25","2,917.38"
"2019-06-24","2,945.35"
"2019-06-21","2,950.46"
"2019-06-20","2,954.18"
"2019-06-19","2,926.46"
"2019-06-18","2,917.75"
"2019-06-17","2,889.67"
"2019-06-14","2,886.98"
"2019-06-13","2,891.64"
"2019-06-12","2,879.84"
"2019-06-11","2,885.72"
"2019-06-10","2,886.73"
"2019-06-07","2,873.34"
"2019-06-06","2,843.49"
"2019-06-05","2,826.15"
"2019-06-04","2,803.27"
"2019-06-03","2,744.45"
"2019-05-31","2,752.06"
"2019-05-30","2,788.86"
"2019-05-29","2,783.02"
"2019-05-28","2,802.39"
"2019-05-24","2,826.06"
"2019-05-23","2,822.24"
"2019-05-22","2,856.27"
"2019-05-21","2,864.36"
"2019-05-20","2,840.23"
"2019-05-17","2,859.53"
"2019-05-16","2,876.32"
"2019-05-15","2,850.96"
"2019-05-14","2,834.41"
"2019-05-13","2,811.87"
"2019-05-10","2,881.40"
"2019-05-09","2,870.72"
"2019-05-08","2,879.42"
"2019-05-07","2,884.05"
"2019-05-06","2,932.47"
"2019-05-03","2,945.64"
"2019-05-02","2,917.52"
"2019-05-01","2,923.73"
"2019-04-30","2,945.83"
"2019-04-29","2,943.03"
"2019-04-26","2,939.88"
"2019-04-25","2,926.17"
"2019-04-24","2,927.25"
"2019-04-23","2,933.68"
"2019-04-22","2,907.97"
"2019-04-18","2,905.03"
"2019-04-17","2,900.45"
"2019-04-16","2,907.06"
"2019-04-15","2,905.58"
"2019-04-12","2,907.41"
"2019-04-11","2,888.32"
"2019-04-10","2,888.21"
"2019-04-09","2,878.20"
"2019-04-08","2,895.77"
"2019-04-05","2,892.74"
"2019-04-04","2,879.39"
"2019-04-03","2,873.40"
"2019-04-02","2,867.24"
"2019-04-01","2,867.19"
"2019-03-29","2,834.40"
"2019-03-28","2,815.44"
"2019-03-27","2,805.37"
"2019-03-26","2,818.46"
"2019-03-25","2,798.36"
"2019-03-22","2,800.71"
"2019-03-21","2,854.88"
"2019-03-20","2,824.23"
"2019-03-19","2,832.57"
"2019-03-18","2,832.94"
"2019-03-15","2,822.48"
"2019-03-14","2,808.48"
"2019-03-13","2,810.92"
"2019-03-12","2,791.52"
"2019-03-11","2,783.30"
"2019-03-08","2,743.07"
"2019-03-07","2,748.93"
"2019-03-06","2,771.45"
"2019-03-05","2,789.65"
"2019-03-04","2,792.81"
"2019-03-01","2,803.69"
"2019-02-28","2,784.49"
"2019-02-27","2,792.38"
"2019-02-26","2,793.90"
"2019-02-25","2,796.11"
"2019-02-22","2,792.67"
"2019-02-21","2,774.88"
"2019-02-20","2,784.70"
"2019-02-19","2,779.76"
"2019-02-15","2,775.60"
"2019-02-14","2,745.73"
"2019-02-13","2,753.03"
"2019-02-12","2,744.73"
"2019-02-11","2,709.80"
"2019-02-08","2,707.88"
"2019-02-07","2,706.05"
"2019-02-06","2,731.61"
"2019-02-05","2,737.70"
"2019-02-04","2,724.87"
"2019-02-01","2,706.53"
"2019-01-31","2,704.10"
"2019-01-30","2,681.05"
"2019-01-29","2,640.00"
"2019-01-28","2,643.85"
"2019-01-25","2,664.76"
"2019-01-24","2,642.33"
"2019-01-23","2,638.70"
"2019-01-22","2,632.90"
"2019-01-18","2,670.71"
"2019-01-17","2,635.96"
"2019-01-16","2,616.10"
"2019-01-15","2,610.30"
"2019-01-14","2,582.61"
"2019-01-11","2,596.26"
"2019-01-10","2,596.64"
"2019-01-09","2,584.96"
"2019-01-08","2,574.41"
"2019-01-07","2,549.69"
"2019-01-04","2,531.94"
"2019-01-03","2,447.89"
"2019-01-02","2,510.03"
"2018-12-31","2,506.85"
"2018-12-28","2,485.74"
"2018-12-27","2,488.83"
"2018-12-26","2,467.70"
"2018-12-24","2,351.10"
"2018-12-21","2,416.62"
"2018-12-20","2,467.42"
"2018-12-19","2,506.96"
"2018-12-18","2,546.16"
"2018-12-17","2,545.94"
"2018-12-14","2,599.95"
"2018-12-13","2,650.54"
"2018-12-12","2,651.07"
"2018-12-11","2,636.78"
"2018-12-10","2,637.72"
"2018-12-07","2,633.08"
"2018-12-06","2,695.95"
"2018-12-04","2,700.06"
"2018-12-03","2,790.37"
"2018-11-30","2,760.17"
"2018-11-29","2,737.80"
"2018-11-28","2,743.79"
"2018-11-27","2,682.17"
"2018-11-26","2,673.45"
"2018-11-23","2,632.56"
"2018-11-21","2,649.93"
"2018-11-20","2,641.89"
"2018-11-19","2,690.73"
"2018-11-16","2,736.27"
"2018-11-15","2,730.20"
"2018-11-14","2,701.58"
"2018-11-13","2,722.18"
"2018-11-12","2,726.22"
"2018-11-09","2,781.01"
"2018-11-08","2,806.83"
"2018-11-07","2,813.89"
"2018-11-06","2,755.45"
"2018-11-05","2,738.31"
"2018-11-02","2,723.06"
"2018-11-01","2,740.37"
"2018-10-31","2,711.74"
"2018-10-30","2,682.63"
"2018-10-29","2,641.25"
"2018-10-26","2,658.69"
"2018-10-25","2,705.57"
"2018-10-24","2,656.10"
"2018-10-23","2,740.69"
"2018-10-22","2,755.88"
"2018-10-19","2,767.78"
"2018-10-18","2,768.78"
"2018-10-17","2,809.21"
"2018-10-16","2,809.92"
"2018-10-15","2,750.79"
"2018-10-12","2,767.13"
"2018-10-11","2,728.37"
"2018-10-10","2,785.68"
"2018-10-09","2,880.34"
"2018-10-08","2,884.43"
"2018-10-05","2,885.57"
"2018-10-04","2,901.61"
"2018-10-03","2,925.51"
"2018-10-02","2,923.43"
"2018-10-01","2,924.59"
"2018-09-28","2,913.98"
"2018-09-27","2,914.00"
"2018-09-26","2,905.97"
"2018-09-25","2,915.56"
"2018-09-24","2,919.37"
"2018-09-21","2,929.67"
"2018-09-20","2,930.75"
"2018-09-19","2,907.95"
"2018-09-18","2,904.31"
"2018-09-17","2,888.80"
"2018-09-14","2,904.98"
"2018-09-13","2,904.18"
"2018-09-12","2,888.92"
"2018-09-11","2,887.89"
"2018-09-10","2,877.13"
"2018-09-07","2,871.68"
"2018-09-06","2,878.05"
"2018-09-05","2,888.60"
"2018-09-04","2,896.72"
"2018-08-31","2,901.52"
"2018-08-30","2,901.13"
"2018-08-29","2,914.04"
"2018-08-28","2,897.52"
"2018-08-27","2,896.74"
"2018-08-24","2,874.69"
"2018-08-23","2,856.98"
"2018-08-22","2,861.82"
"2018-08-21","2,862.96"
"2018-08-20","2,857.05"
"2018-08-17","2,850.13"
"2018-08-16","2,840.69"
"2018-08-15","2,818.37"
"2018-08-14","2,839.96"
"2018-08-13","2,821.93"
"2018-08-10","2,833.28"
"2018-08-09","2,853.58"
"2018-08-08","2,857.70"
"2018-08-07","2,858.45"
"2018-08-06","2,850.40"
"2018-08-03","2,840.35"
"2018-08-02","2,827.22"
"2018-08-01","2,813.36"
"2018-07-31","2,816.29"
"2018-07-30","2,802.60"
"2018-07-27","2,818.82"
"2018-07-26","2,837.44"
"2018-07-25","2,846.07"
"2018-07-24","2,820.40"
"2018-07-23","2,806.98"
"2018-07-20","2,801.83"
"2018-07-19","2,804.49"
"2018-07-18","2,815.62"
"2018-07-17","2,809.55"
"2018-07-16","2,798.43"
"2018-07-13","2,801.31"
"2018-07-12","2,798.29"
"2018-07-11","2,774.02"
"2018-07-10","2,793.84"
"2018-07-09","2,784.17"
"2018-07-06","2,759.82"
"2018-07-05","2,736.61"
"2018-07-03","2,713.22"
"2018-07-02","2,726.71"
"2018-06-29","2,718.37"
"2018-06-28","2,716.31"
"2018-06-27","2,699.63"
"2018-06-26","2,723.06"
"2018-06-25","2,717.07"
"2018-06-22","2,754.88"
"2018-06-21","2,749.76"
"2018-06-20","2,767.32"
"2018-06-19","2,762.59"
"2018-06-18","2,773.75"
"2018-06-15","2,779.66"
"2018-06-14","2,782.49"
"2018-06-13","2,775.63"
"2018-06-12","2,786.85"
"2018-06-11","2,782.00"
"2018-06-08","2,779.03"
"2018-06-07","2,770.37"
"2018-06-06","2,772.35"
"2018-06-05","2,748.80"
"2018-06-04","2,746.87"
"2018-06-01","2,734.62"
"2018-05-31","2,705.27"
"2018-05-30","2,724.01"
"2018-05-29","2,689.86"
"2018-05-25","2,721.33"
"2018-05-24","2,727.76"
"2018-05-23","2,733.29"
"2018-05-22","2,724.44"
"2018-05-21","2,733.01"
"2018-05-18","2,712.97"
"2018-05-17","2,720.13"
"2018-05-16","2,722.46"
"2018-05-15","2,711.45"
"2018-05-14","2,730.13"
"2018-05-11","2,727.72"
"2018-05-10","2,723.07"
"2018-05-09","2,697.79"
"2018-05-08","2,671.92"
"2018-05-07","2,672.63"
"2018-05-04","2,663.42"
"2018-05-03","2,629.73"
"2018-05-02","2,635.67"
"2018-05-01","2,654.80"
"2018-04-30","2,648.05"
"2018-04-27","2,669.91"
"2018-04-26","2,666.94"
"2018-04-25","2,639.40"
"2018-04-24","2,634.56"
"2018-04-23","2,670.29"
"2018-04-20","2,670.14"
"2018-04-19","2,693.13"
"2018-04-18","2,708.64"
"2018-04-17","2,706.39"
"2018-04-16","2,677.84"
"2018-04-13","2,656.30"
"2018-04-12","2,663.99"
"2018-04-11","2,642.19"
"2018-04-10","2,656.87"
"2018-04-09","2,613.16"
"2018-04-06","2,604.47"
"2018-04-05","2,662.84"
"2018-04-04","2,644.69"
"2018-04-03","2,614.45"
"2018-04-02","2,581.88"
"2018-03-29","2,640.87"
"2018-03-28","2,605.00"
"2018-03-27","2,612.62"
"2018-03-26","2,658.55"
"2018-03-23","2,588.26"
"2018-03-22","2,643.69"
"2018-03-21","2,711.93"
"2018-03-20","2,716.94"
"2018-03-19","2,712.92"
"2018-03-16","2,752.01"
"2018-03-15","2,747.33"
"2018-03-14","2,749.48"
"2018-03-13","2,765.31"
"2018-03-12","2,783.02"
"2018-03-09","2,786.57"
"2018-03-08","2,738.97"
"2018-03-07","2,726.80"
"2018-03-06","2,728.12"
"2018-03-05","2,720.94"
"2018-03-02","2,691.25"
"2018-03-01","2,677.67"
"2018-02-28","2,713.83"
"2018-02-27","2,744.28"
"2018-02-26","2,779.60"
"2018-02-23","2,747.30"
"2018-02-22","2,703.96"
"2018-02-21","2,701.33"
"2018-02-20","2,716.26"
"2018-02-16","2,732.22"
"2018-02-15","2,731.20"
"2018-02-14","2,698.63"
"2018-02-13","2,662.94"
"2018-02-12","2,656.00"
"2018-02-09","2,619.55"
"2018-02-08","2,581.00"
"2018-02-07","2,681.66"
"2018-02-06","2,695.14"
"2018-02-05","2,648.94"
"2018-02-02","2,762.13"
"2018-02-01","2,821.98"
"2018-01-31","2,823.81"
"2018-01-30","2,822.43"
"2018-01-29","2,853.53"
"2018-01-26","2,872.87"
"2018-01-25","2,839.25"
"2018-01-24","2,837.54"
"2018-01-23","2,839.13"
"2018-01-22","2,832.97"
"2018-01-19","2,810.30"
"2018-01-18","2,798.03"
"2018-01-17","2,802.56"
"2018-01-16","2,776.42"
"2018-01-12","2,786.24"
"2018-01-11","2,767.56"
"2018-01-10","2,748.23"
"2018-01-09","2,751.29"
"2018-01-08","2,747.71"
"2018-01-05","2,743.15"
"2018-01-04","2,723.99"
"2018-01-03","2,713.06"
"2018-01-02","2,695.81"
"2017-12-29","2,673.61"
"2017-12-28","2,687.54"
"2017-12-27","2,682.62"
"2017-12-26","2,680.50"
"2017-12-22","2,683.34"
"2017-12-21","2,684.57"
"2017-12-20","2,679.25"
"2017-12-19","2,681.47"
"2017-12-18","2,690.16"
"2017-12-15","2,675.81"
"2017-12-14","2,652.01"
"2017-12-13","2,662.85"
"2017-12-12","2,664.11"
"2017-12-11","2,659.99"
"2017-12-08","2,651.50"
"2017-12-07","2,636.98"
"2017-12-06","2,629.27"
"2017-12-05","2,629.57"
"2017-12-04","2,639.44"
"2017-12-01","2,642.22"
"2017-11-30","2,647.58"
"2017-11-29","2,626.07"
"2017-11-28","2,627.04"
"2017-11-27","2,601.42"
"2017-11-24","2,602.42"
"2017-11-22","2,597.08"
"2017-11-21","2,599.03"
"2017-11-20","2,582.14"
"2017-11-17","2,578.85"
"2017-11-16","2,585.64"
"2017-11-15","2,564.62"
"2017-11-14","2,578.87"
"2017-11-13","2,584.84"
"2017-11-10","2,582.30"
"2017-11-09","2,584.62"
"2017-11-08","2,594.38"
"2017-11-07","2,590.64"
"2017-11-06","2,591.13"
"2017-11-03","2,587.84"
"2017-11-02","2,579.85"
"2017-11-01","2,579.36"
"2017-10-31","2,575.26"
"2017-10-30","2,572.83"
"2017-10-27","2,581.07"
"2017-10-26","2,560.40"
"2017-10-25","2,557.15"
"2017-10-24","2,569.13"
"2017-10-23","2,564.98"
"2017-10-20","2,575.21"
"2017-10-19","2,562.10"
"2017-10-18","2,561.26"
"2017-10-17","2,559.36"
"2017-10-16","2,557.64"
"2017-10-13","2,553.17"
"2017-10-12","2,550.93"
"2017-10-11","2,555.24"
"2017-10-10","2,550.64"
"2017-10-09","2,544.73"
"2017-10-06","2,549.33"
"2017-10-05","2,552.07"
"2017-10-04","2,537.74"
"2017-10-03","2,534.58"
"2017-10-02","2,529.12"
"2017-09-29","2,519.36"
"2017-09-28","2,510.06"
"2017-09-27","2,507.04"
"2017-09-26","2,496.84"
"2017-09-25","2,496.66"
"2017-09-22","2,502.22"
"2017-09-21","2,500.60"
"2017-09-20","2,508.24"
"2017-09-19","2,506.65"
"2017-09-18","2,503.87"
"2017-09-15","2,500.23"
"2017-09-14","2,495.62"
"2017-09-13","2,498.37"
"2017-09-12","2,496.48"
"2017-09-11","2,488.11"
"2017-09-08","2,461.43"
"2017-09-07","2,465.10"
"2017-09-06","2,465.54"
"2017-09-05","2,457.85"
"2017-09-01","2,476.55"
"2017-08-31","2,471.65"
"2017-08-30","2,457.59"
"2017-08-29","2,446.30"
"2017-08-28","2,444.24"
"2017-08-25","2,443.05"
"2017-08-24","2,438.97"
"2017-08-23","2,444.04"
"2017-08-22","2,452.51"
"2017-08-21","2,428.37"
"2017-08-18","2,425.55"
"2017-08-17","2,430.01"
"2017-08-16","2,468.11"
"2017-08-15","2,464.61"
"2017-08-14","2,465.84"
"2017-08-11","2,441.32"
"2017-08-10","2,438.21"
"2017-08-09","2,474.02"
"2017-08-08","2,474.92"
"2017-08-07","2,480.91"
"2017-08-04","2,476.83"
"2017-08-03","2,472.16"
"2017-08-02","2,477.57"
"2017-08-01","2,476.35"
"2017-07-31","2,470.30"
"2017-07-28","2,472.10"
"2017-07-27","2,475.42"
"2017-07-26","2,477.83"
"2017-07-25","2,477.13"
"2017-07-24","2,469.91"
"2017-07-21","2,472.54"
"2017-07-20","2,473.45"
"2017-07-19","2,473.83"
"2017-07-18","2,460.61"
"2017-07-17","2,459.14"
"2017-07-14","2,459.27"
"2017-07-13","2,447.83"
"2017-07-12","2,443.25"
"2017-07-11","2,425.53"
"2017-07-10","2,427.43"
"2017-07-07","2,425.18"
"2017-07-06","2,409.75"
"2017-07-05","2,432.54"
"2017-07-03","2,429.01"
"2017-06-30","2,423.41"
"2017-06-29","2,419.70"
"2017-06-28","2,440.69"
"2017-06-27","2,419.38"
"2017-06-26","2,439.07"
"2017-06-23","2,438.30"
"2017-06-22","2,434.50"
"2017-06-21","2,435.61"
"2017-06-20","2,437.03"
"2017-06-19","2,453.46"
"2017-06-16","2,433.15"
"2017-06-15","2,432.46"
"2017-06-14","2,437.92"
"2017-06-13","2,440.35"
"2017-06-12","2,429.39"
"2017-06-09","2,431.77"
"2017-06-08","2,433.79"
"2017-06-07","2,433.14"
"2017-06-06","2,429.33"
"2017-06-05","2,436.10"
"2017-06-02","2,439.07"
"2017-06-01","2,430.06"
"2017-05-31","2,411.80"
"2017-05-30","2,412.91"
"2017-05-26","2,415.82"
"2017-05-25","2,415.07"
"2017-05-24","2,404.39"
"2017-05-23","2,398.42"
"2017-05-22","2,394.02"
"2017-05-19","2,381.73"
"2017-05-18","2,365.72"
"2017-05-17","2,357.03"
"2017-05-16","2,400.67"
"2017-05-15","2,402.32"
"2017-05-12","2,390.90"
"2017-05-11","2,394.44"
"2017-05-10","2,399.63"
"2017-05-09","2,396.92"
"2017-05-08","2,399.38"
"2017-05-05","2,399.29"
"2017-05-04","2,389.52"
"2017-05-03","2,388.13"
"2017-05-02","2,391.17"
"2017-05-01","2,388.33"
"2017-04-28","2,384.20"
"2017-04-27","2,388.77"
"2017-04-26","2,387.45"
"2017-04-25","2,388.61"
"2017-04-24","2,374.15"
"2017-04-21","2,348.69"
"2017-04-20","2,355.84"
"2017-04-19","2,338.17"
"2017-04-18","2,342.19"
"2017-04-17","2,349.01"
"2017-04-13","2,328.95"
"2017-04-12","2,344.93"
"2017-04-11","2,353.78"
"2017-04-10","2,357.16"
"2017-04-07","2,355.54"
"2017-04-06","2,357.49"
"2017-04-05","2,352.95"
"2017-04-04","2,360.16"
"2017-04-03","2,358.84"
"2017-03-31","2,362.72"
"2017-03-30","2,368.06"
"2017-03-29","2,361.13"
"2017-03-28","2,358.57"
"2017-03-27","2,341.59"
"2017-03-24","2,343.98"
"2017-03-23","2,345.96"
"2017-03-22","2,348.45"
"2017-03-21","2,344.02"
"2017-03-20","2,373.47"
"2017-03-17","2,378.25"
"2017-03-16","2,381.38"
"2017-03-15","2,385.26"
"2017-03-14","2,365.45"
"2017-03-13","2,373.47"
"2017-03-10","2,372.60"
"2017-03-09","2,364.87"
"2017-03-08","2,362.98"
"2017-03-07","2,368.39"
"2017-03-06","2,375.31"
"2017-03-03","2,383.12"
"2017-03-02","2,381.92"
"2017-03-01","2,395.96"
"2017-02-28","2,363.64"
"2017-02-27","2,369.75"
"2017-02-24","2,367.34"
"2017-02-23","2,363.81"
"2017-02-22","2,362.82"
"2017-02-21","2,365.38"
"2017-02-17","2,351.16"
"2017-02-16","2,347.22"
"2017-02-15","2,349.25"
"2017-02-14","2,337.58"
"2017-02-13","2,328.25"
"2017-02-10","2,316.10"
"2017-02-09","2,307.87"
"2017-02-08","2,294.67"
"2017-02-07","2,293.08"
"2017-02-06","2,292.56"
"2017-02-03","2,297.42"
"2017-02-02","2,280.85"
"2017-02-01","2,279.55"
"2017-01-31","2,278.87"
"2017-01-30","2,280.90"
"2017-01-27","2,294.69"
"2017-01-26","2,296.68"
"2017-01-25","2,298.37"
"2017-01-24","2,280.07"
"2017-01-23","2,265.20"
"2017-01-20","2,271.31"
"2017-01-19","2,263.69"
"2017-01-18","2,271.89"
"2017-01-17","2,267.89"
"2017-01-13","2,274.64"
"2017-01-12","2,270.44"
"2017-01-11","2,275.32"
"2017-01-10","2,268.90"
"2017-01-09","2,268.90"
"2017-01-06","2,276.98"
"2017-01-05","2,269.00"
"2017-01-04","2,270.75"
"2017-01-03","2,257.83"
"2016-12-30","2,238.83"
"2016-12-29","2,249.26"
"2016-12-28","2,249.92"
"2016-12-27","2,268.88"
"2016-12-23","2,263.79"
"2016-12-22","2,260.96"
"2016-12-21","2,265.18"
"2016-12-20","2,270.76"
"2016-12-19","2,262.53"
"2016-12-16","2,258.07"
"2016-12-15","2,262.03"
"2016-12-14","2,253.28"
"2016-12-13","2,271.72"
"2016-12-12","2,256.96"
"2016-12-09","2,259.53"
"2016-12-08","2,246.19"
"2016-12-07","2,241.35"
"2016-12-06","2,212.23"
"2016-12-05","2,204.71"
"2016-12-02","2,191.95"
"2016-12-01","2,191.08"
"2016-11-30","2,198.81"
"2016-11-29","2,204.66"
"2016-11-28","2,201.72"
"2016-11-25","2,213.35"
"2016-11-23","2,204.72"
"2016-11-22","2,202.94"
"2016-11-21","2,198.18"
"2016-11-18","2,181.90"
"2016-11-17","2,187.12"
"2016-11-16","2,176.94"
"2016-11-15","2,180.39"
"2016-11-14","2,164.20"
"2016-11-11","2,164.45"
"2016-11-10","2,167.48"
"2016-11-09","2,163.26"
"2016-11-08","2,139.56"
"2016-11-07","2,131.52"
"2016-11-04","2,085.18"
"2016-11-03","2,088.66"
"2016-11-02","2,097.94"
"2016-11-01","2,111.72"
"2016-10-31","2,126.15"
"2016-10-28","2,126.41"
"2016-10-27","2,133.04"
"2016-10-26","2,139.43"
"2016-10-25","2,143.16"
"2016-10-24","2,151.33"
"2016-10-21","2,141.16"
"2016-10-20","2,141.34"
"2016-10-19","2,144.29"
"2016-10-18","2,139.60"
"2016-10-17","2,126.50"
"2016-10-14","2,132.98"
"2016-10-13","2,132.55"
"2016-10-12","2,139.18"
"2016-10-11","2,136.73"
"2016-10-10","2,163.66"
"2016-10-07","2,153.74"
"2016-10-06","2,160.77"
"2016-10-05","2,159.73"
"2016-10-04","2,150.49"
"2016-10-03","2,161.20"
"2016-09-30","2,168.27"
"2016-09-29","2,151.13"
"2016-09-28","2,171.37"
"2016-09-27","2,159.93"
"2016-09-26","2,146.10"
"2016-09-23","2,164.69"
"2016-09-22","2,177.18"
"2016-09-21","2,163.12"
"2016-09-20","2,139.76"
"2016-09-19","2,139.12"
"2016-09-16","2,139.16"
"2016-09-15","2,147.26"
"2016-09-14","2,125.77"
"2016-09-13","2,127.02"
"2016-09-12","2,159.04"
"2016-09-09","2,127.81"
"2016-09-08","2,181.30"
"2016-09-07","2,186.16"
"2016-09-06","2,186.48"
"2016-09-02","2,179.98"
"2016-09-01","2,170.86"
"2016-08-31","2,170.95"
"2016-08-30","2,176.12"
"2016-08-29","2,180.38"
"2016-08-26","2,169.04"
"2016-08-25","2,172.47"
"2016-08-24","2,175.44"
"2016-08-23","2,186.90"
"2016-08-22","2,182.64"
"2016-08-19","2,183.87"
"2016-08-18","2,187.02"
"2016-08-17","2,182.22"
"2016-08-16","2,178.15"
"2016-08-15","2,190.15"
"2016-08-12","2,184.05"
"2016-08-11","2,185.79"
"2016-08-10","2,175.49"
"2016-08-09","2,181.74"
"2016-08-08","2,180.89"
"2016-08-05","2,182.87"
"2016-08-04","2,164.25"
"2016-08-03","2,163.79"
"2016-08-02","2,157.03"
"2016-08-01","2,170.84"
"2016-07-29","2,173.60"
"2016-07-28","2,170.06"
"2016-07-27","2,166.58"
"2016-07-26","2,169.18"
"2016-07-25","2,168.48"
"2016-07-22","2,175.03"
"2016-07-21","2,165.17"
"2016-07-20","2,173.02"
"2016-07-19","2,163.78"
"2016-07-18","2,166.89"
"2016-07-15","2,161.74"
"2016-07-14","2,163.75"
"2016-07-13","2,152.43"
"2016-07-12","2,152.14"
"2016-07-11","2,137.16"
"2016-07-08","2,129.90"
"2016-07-07","2,097.90"
"2016-07-06","2,099.73"
"2016-07-05","2,088.55"
"2016-07-01","2,102.95"
"2016-06-30","2,098.86"
"2016-06-29","2,070.77"
"2016-06-28","2,036.09"
"2016-06-27","2,000.54"
"2016-06-24","2,037.41"
"2016-06-23","2,113.32"
"2016-06-22","2,085.45"
"2016-06-21","2,088.90"
"2016-06-20","2,083.25"
"2016-06-17","2,071.22"
"2016-06-16","2,077.99"
"2016-06-15","2,071.50"
"2016-06-14","2,075.32"
"2016-06-13","2,079.06"
"2016-06-10","2,096.07"
"2016-06-09","2,115.48"
"2016-06-08","2,119.12"
"2016-06-07","2,112.13"
"2016-06-06","2,109.41"
"2016-06-03","2,099.13"
"2016-06-02","2,105.26"
"2016-06-01","2,099.33"
"2016-05-31","2,096.95"
"2016-05-27","2,099.06"
"2016-05-26","2,090.10"
"2016-05-25","2,090.54"
"2016-05-24","2,076.06"
"2016-05-23","2,048.04"
"2016-05-20","2,052.32"
"2016-05-19","2,040.04"
"2016-05-18","2,047.63"
"2016-05-17","2,047.21"
"2016-05-16","2,066.66"
"2016-05-13","2,046.61"
"2016-05-12","2,064.11"
"2016-05-11","2,064.46"
"2016-05-10","2,084.39"
"2016-05-09","2,058.69"
"2016-05-06","2,057.14"
"2016-05-05","2,050.63"
"2016-05-04","2,051.12"
"2016-05-03","2,063.37"
"2016-05-02","2,081.43"
"2016-04-29","2,065.30"
"2016-04-28","2,075.81"
"2016-04-27","2,095.15"
"2016-04-26","2,091.70"
"2016-04-25","2,087.79"
"2016-04-22","2,091.58"
"2016-04-21","2,091.48"
"2016-04-20","2,102.40"
"2016-04-19","2,100.80"
"2016-04-18","2,094.34"
"2016-04-15","2,080.73"
"2016-04-14","2,082.78"
"2016-04-13","2,082.42"
"2016-04-12","2,061.72"
"2016-04-11","2,041.99"
"2016-04-08","2,047.60"
"2016-04-07","2,041.91"
"2016-04-06","2,066.66"
"2016-04-05","2,045.17"
"2016-04-04","2,066.13"
"2016-04-01","2,072.78"
"2016-03-31","2,059.74"
"2016-03-30","2,063.95"
"2016-03-29","2,055.01"
"2016-03-28","2,037.05"
"2016-03-24","2,035.94"
"2016-03-23","2,036.71"
"2016-03-22","2,049.80"
"2016-03-21","2,051.60"
"2016-03-18","2,049.58"
"2016-03-17","2,040.59"
"2016-03-16","2,027.22"
"2016-03-15","2,015.93"
"2016-03-14","2,019.64"
"2016-03-11","2,022.19"
"2016-03-10","1,989.57"
"2016-03-09","1,989.26"
"2016-03-08","1,979.26"
"2016-03-07","2,001.76"
"2016-03-04","1,999.99"
"2016-03-03","1,993.40"
"2016-03-02","1,986.45"
"2016-03-01","1,978.35"
"2016-02-29","1,932.23"
"2016-02-26","1,948.05"
"2016-02-25","1,951.70"
"2016-02-24","1,929.80"
"2016-02-23","1,921.27"
"2016-02-22","1,945.50"
"2016-02-19","1,917.78"
"2016-02-18","1,917.83"
"2016-02-17","1,926.82"
"2016-02-16","1,895.58"
"2016-02-12","1,864.78"
"2016-02-11","1,829.08"
"2016-02-10","1,851.86"
"2016-02-09","1,852.21"
"2016-02-08","1,853.44"
"2016-02-05","1,880.05"
"2016-02-04","1,915.45"
"2016-02-03","1,912.53"
"2016-02-02","1,903.03"
"2016-02-01","1,939.38"
"2016-01-29","1,940.24"
"2016-01-28","1,893.36"
"2016-01-27","1,882.95"
"2016-01-26","1,903.63"
"2016-01-25","1,877.08"
"2016-01-22","1,906.90"
"2016-01-21","1,868.99"
"2016-01-20","1,859.33"
"2016-01-19","1,881.33"
"2016-01-15","1,880.33"
"2016-01-14","1,921.84"
"2016-01-13","1,890.28"
"2016-01-12","1,938.68"
"2016-01-11","1,923.67"
"2016-01-08","1,922.03"
"2016-01-07","1,943.09"
"2016-01-06","1,990.26"
"2016-01-05","2,016.71"
"2016-01-04","2,012.66"
"2015-12-31","2,043.94"
"2015-12-30","2,063.36"
"2015-12-29","2,078.36"
"2015-12-28","2,056.50"
"2015-12-24","2,060.99"
"2015-12-23","2,064.29"
"2015-12-22","2,038.97"
"2015-12-21","2,021.15"
"2015-12-18","2,005.55"
"2015-12-17","2,041.89"
"2015-12-16","2,073.07"
"2015-12-15","2,043.41"
"2015-12-14","2,021.94"
"2015-12-11","2,012.37"
"2015-12-10","2,052.23"
"2015-12-09","2,047.62"
"2015-12-08","2,063.59"
"2015-12-07","2,077.07"
"2015-12-04","2,091.69"
"2015-12-03","2,049.62"
"2015-12-02","2,079.51"
"2015-12-01","2,102.63"
"2015-11-30","2,080.41"
"2015-11-27","2,090.11"
"2015-11-25","2,088.87"
"2015-11-24","2,089.14"
"2015-11-23","2,086.59"
"2015-11-20","2,089.17"
"2015-11-19","2,081.24"
"2015-11-18","2,083.58"
"2015-11-17","2,050.44"
"2015-11-16","2,053.19"
"2015-11-13","2,023.04"
"2015-11-12","2,045.97"
"2015-11-11","2,075.00"
"2015-11-10","2,081.72"
"2015-11-09","2,078.58"
"2015-11-06","2,099.20"
"2015-11-05","2,099.93"
"2015-11-04","2,102.31"
"2015-11-03","2,109.79"
"2015-11-02","2,104.05"
"2015-10-30","2,079.36"
"2015-10-29","2,089.41"
"2015-10-28","2,090.35"
"2015-10-27","2,065.89"
"2015-10-26","2,071.18"
"2015-10-23","2,075.15"
"2015-10-22","2,052.51"
"2015-10-21","2,018.94"
"2015-10-20","2,030.77"
"2015-10-19","2,033.66"
"2015-10-16","2,033.11"
"2015-10-15","2,023.86"
"2015-10-14","1,994.24"
"2015-10-13","2,003.69"
"2015-10-12","2,017.46"
"2015-10-09","2,014.89"
"2015-10-08","2,013.43"
"2015-10-07","1,995.83"
"2015-10-06","1,979.92"
"2015-10-05","1,987.05"
"2015-10-02","1,951.36"
"2015-10-01","1,923.82"
"2015-09-30","1,920.03"
"2015-09-29","1,884.09"
"2015-09-28","1,881.77"
"2015-09-25","1,931.34"
"2015-09-24","1,932.24"
"2015-09-23","1,938.76"
"2015-09-22","1,942.74"
"2015-09-21","1,966.97"
"2015-09-18","1,958.03"
"2015-09-17","1,990.20"
"2015-09-16","1,995.31"
"2015-09-15","1,978.09"
"2015-09-14","1,953.03"
"2015-09-11","1,961.05"
"2015-09-10","1,952.29"
"2015-09-09","1,942.04"
"2015-09-08","1,969.41"
"2015-09-04","1,921.22"
"2015-09-03","1,951.13"
"2015-09-02","1,948.86"
"2015-09-01","1,913.85"
"2015-08-31","1,972.18"
"2015-08-28","1,988.87"
"2015-08-27","1,987.66"
"2015-08-26","1,940.51"
"2015-08-25","1,867.61"
"2015-08-24","1,893.21"
"2015-08-21","1,970.89"
"2015-08-20","2,035.73"
"2015-08-19","2,079.61"
"2015-08-18","2,096.92"
"2015-08-17","2,102.44"
"2015-08-14","2,091.54"
"2015-08-13","2,083.39"
"2015-08-12","2,086.05"
"2015-08-11","2,084.07"
"2015-08-10","2,104.18"
"2015-08-07","2,077.57"
"2015-08-06","2,083.56"
"2015-08-05","2,099.84"
"2015-08-04","2,093.32"
"2015-08-03","2,098.04"
"2015-07-31","2,103.84"
"2015-07-30","2,108.63"
"2015-07-29","2,108.57"
"2015-07-28","2,093.25"
"2015-07-27","2,067.64"
"2015-07-24","2,079.65"
"2015-07-23","2,102.15"
"2015-07-22","2,114.15"
"2015-07-21","2,119.21"
"2015-07-20","2,128.28"
"2015-07-17","2,126.64"
"2015-07-16","2,124.29"
"2015-07-15","2,107.40"
"2015-07-14","2,108.95"
"2015-07-13","2,099.60"
"2015-07-10","2,076.62"
"2015-07-09","2,051.31"
"2015-07-08","2,046.68"
"2015-07-07","2,081.34"
"2015-07-06","2,068.76"
"2015-07-02","2,076.78"
"2015-07-01","2,077.42"
"2015-06-30","2,063.11"
"2015-06-29","2,057.64"
"2015-06-26","2,101.49"
"2015-06-25","2,102.31"
"2015-06-24","2,108.58"
"2015-06-23","2,124.20"
"2015-06-22","2,122.85"
"2015-06-19","2,109.99"
"2015-06-18","2,121.24"
"2015-06-17","2,100.44"
"2015-06-16","2,096.29"
"2015-06-15","2,084.43"
"2015-06-12","2,094.11"
"2015-06-11","2,108.86"
"2015-06-10","2,105.20"
"2015-06-09","2,080.15"
"2015-06-08","2,079.28"
"2015-06-05","2,092.83"
"2015-06-04","2,095.84"
"2015-06-03","2,114.07"
"2015-06-02","2,109.60"
"2015-06-01","2,111.73"
"2015-05-29","2,107.39"
"2015-05-28","2,120.79"
"2015-05-27","2,123.48"
"2015-05-26","2,104.20"
"2015-05-22","2,126.06"
"2015-05-21","2,130.82"
"2015-05-20","2,125.85"
"2015-05-19","2,127.83"
"2015-05-18","2,129.20"
"2015-05-15","2,122.73"
"2015-05-14","2,121.10"
"2015-05-13","2,098.48"
"2015-05-12","2,099.12"
"2015-05-11","2,105.33"
"2015-05-08","2,116.10"
"2015-05-07","2,088.00"
"2015-05-06","2,080.15"
"2015-05-05","2,089.46"
"2015-05-04","2,114.49"
"2015-05-01","2,108.29"
"2015-04-30","2,085.51"
"2015-04-29","2,106.85"
"2015-04-28","2,114.76"
"2015-04-27","2,108.92"
"2015-04-24","2,117.69"
"2015-04-23","2,112.93"
"2015-04-22","2,107.96"
"2015-04-21","2,097.29"
"2015-04-20","2,100.40"
"2015-04-17","2,081.18"
"2015-04-16","2,104.99"
"2015-04-15","2,106.63"
"2015-04-14","2,095.84"
"2015-04-13","2,092.43"
"2015-04-10","2,102.06"
"2015-04-09","2,091.18"
"2015-04-08","2,081.90"
"2015-04-07","2,076.33"
"2015-04-06","2,080.62"
"2015-04-02","2,066.96"
"2015-04-01","2,059.69"
"2015-03-31","2,067.89"
"2015-03-30","2,086.24"
"2015-03-27","2,061.02"
"2015-03-26","2,056.15"
"2015-03-25","2,061.05"
"2015-03-24","2,091.50"
"2015-03-23","2,104.42"
"2015-03-20","2,108.10"
"2015-03-19","2,089.27"
"2015-03-18","2,099.50"
"2015-03-17","2,074.28"
"2015-03-16","2,081.19"
"2015-03-13","2,053.40"
"2015-03-12","2,065.95"
"2015-03-11","2,040.24"
"2015-03-10","2,044.16"
"2015-03-09","2,079.43"
"2015-03-06","2,071.26"
"2015-03-05","2,101.04"
"2015-03-04","2,098.53"
"2015-03-03","2,107.78"
"2015-03-02","2,117.39"
"2015-02-27","2,104.50"
"2015-02-26","2,110.74"
"2015-02-25","2,113.86"
"2015-02-24","2,115.48"
"2015-02-23","2,109.66"
"2015-02-20","2,110.30"
"2015-02-19","2,097.45"
"2015-02-18","2,099.68"
"2015-02-17","2,100.34"
"2015-02-13","2,096.99"
"2015-02-12","2,088.48"
"2015-02-11","2,068.53"
"2015-02-10","2,068.59"
"2015-02-09","2,046.74"
"2015-02-06","2,055.47"
"2015-02-05","2,062.52"
"2015-02-04","2,041.51"
"2015-02-03","2,050.03"
"2015-02-02","2,020.85"
"2015-01-30","1,994.99"
"2015-01-29","2,021.25"
"2015-01-28","2,002.16"
"2015-01-27","2,029.55"
"2015-01-26","2,057.09"
"2015-01-23","2,051.82"
"2015-01-22","2,063.15"
"2015-01-21","2,032.12"
"2015-01-20","2,022.55"
"2015-01-16","2,019.42"
"2015-01-15","1,992.67"
"2015-01-14","2,011.27"
"2015-01-13","2,023.03"
"2015-01-12","2,028.26"
"2015-01-09","2,044.81"
"2015-01-08","2,062.14"
"2015-01-07","2,025.90"
"2015-01-06","2,002.61"
"2015-01-05","2,020.58"
"2015-01-02","2,058.20"
"2014-12-31","2,058.90"
"2014-12-30","2,080.35"
"2014-12-29","2,090.57"
"2014-12-26","2,088.77"
"2014-12-24","2,081.88"
"2014-12-23","2,082.17"
"2014-12-22","2,078.54"
"2014-12-19","2,070.65"
"2014-12-18","2,061.23"
"2014-12-17","2,012.89"
"2014-12-16","1,972.74"
"2014-12-15","1,989.63"
"2014-12-12","2,002.33"
"2014-12-11","2,035.33"
"2014-12-10","2,026.14"
"2014-12-09","2,059.82"
"2014-12-08","2,060.31"
"2014-12-05","2,075.37"
"2014-12-04","2,071.92"
"2014-12-03","2,074.33"
"2014-12-02","2,066.55"
"2014-12-01","2,053.44"
"2014-11-28","2,067.56"
"2014-11-26","2,072.83"
"2014-11-25","2,067.03"
"2014-11-24","2,069.41"
"2014-11-21","2,063.50"
"2014-11-20","2,052.75"
"2014-11-19","2,048.72"
"2014-11-18","2,051.80"
"2014-11-17","2,041.32"
"2014-11-14","2,039.82"
"2014-11-13","2,039.33"
"2014-11-12","2,038.25"
"2014-11-11","2,039.68"
"2014-11-10","2,038.26"
"2014-11-07","2,031.92"
"2014-11-06","2,031.21"
"2014-11-05","2,023.57"
"2014-11-04","2,012.10"
"2014-11-03","2,017.81"
"2014-10-31","2,018.05"
"2014-10-30","1,994.65"
"2014-10-29","1,982.30"
"2014-10-28","1,985.05"
"2014-10-27","1,961.63"
"2014-10-24","1,964.58"
"2014-10-23","1,950.82"
"2014-10-22","1,927.11"
"2014-10-21","1,941.28"
"2014-10-20","1,904.01"
"2014-10-17","1,886.76"
"2014-10-16","1,862.76"
"2014-10-15","1,862.49"
"2014-10-14","1,877.70"
"2014-10-13","1,874.74"
"2014-10-10","1,906.13"
"2014-10-09","1,928.21"
"2014-10-08","1,968.89"
"2014-10-07","1,935.10"
"2014-10-06","1,964.82"
"2014-10-03","1,967.90"
"2014-10-02","1,946.17"
"2014-10-01","1,946.16"
"2014-09-30","1,972.29"
"2014-09-29","1,977.80"
"2014-09-26","1,982.85"
"2014-09-25","1,965.99"
"2014-09-24","1,998.30"
"2014-09-23","1,982.77"
"2014-09-22","1,994.29"
"2014-09-19","2,010.40"
"2014-09-18","2,011.36"
"2014-09-17","2,001.57"
"2014-09-16","1,998.98"
"2014-09-15","1,984.13"
"2014-09-12","1,985.54"
"2014-09-11","1,997.45"
"2014-09-10","1,995.69"
"2014-09-09","1,988.44"
"2014-09-08","2,001.54"
"2014-09-05","2,007.71"
"2014-09-04","1,997.65"
"2014-09-03","2,000.72"
"2014-09-02","2,002.28"
"2014-08-29","2,003.37"
"2014-08-28","1,996.74"
"2014-08-27","2,000.12"
"2014-08-26","2,000.02"
"2014-08-25","1,997.92"
"2014-08-22","1,988.40"
"2014-08-21","1,992.37"
"2014-08-20","1,986.51"
"2014-08-19","1,981.60"
"2014-08-18","1,971.74"
"2014-08-15","1,955.06"
"2014-08-14","1,955.18"
"2014-08-13","1,946.72"
"2014-08-12","1,933.75"
"2014-08-11","1,936.92"
"2014-08-08","1,931.59"
"2014-08-07","1,909.57"
"2014-08-06","1,920.24"
"2014-08-05","1,920.21"
"2014-08-04","1,938.99"
"2014-08-01","1,925.15"
"2014-07-31","1,930.67"
"2014-07-30","1,970.07"
"2014-07-29","1,969.95"
"2014-07-28","1,978.91"
"2014-07-25","1,978.34"
"2014-07-24","1,987.98"
"2014-07-23","1,987.01"
"2014-07-22","1,983.53"
"2014-07-21","1,973.63"
"2014-07-18","1,978.22"
"2014-07-17","1,958.12"
"2014-07-16","1,981.57"
"2014-07-15","1,973.28"
"2014-07-14","1,977.10"
"2014-07-11","1,967.57"
"2014-07-10","1,964.68"
"2014-07-09","1,972.83"
"2014-07-08","1,963.71"
"2014-07-07","1,977.65"
"2014-07-03","1,985.44"
"2014-07-02","1,974.62"
"2014-07-01","1,973.32"
"2014-06-30","1,960.23"
"2014-06-27","1,960.96"
"2014-06-26","1,957.22"
"2014-06-25","1,959.53"
"2014-06-24","1,949.98"
"2014-06-23","1,962.61"
"2014-06-20","1,962.87"
"2014-06-19","1,959.48"
"2014-06-18","1,956.98"
"2014-06-17","1,941.99"
"2014-06-16","1,937.78"
"2014-06-13","1,936.16"
"2014-06-12","1,930.11"
"2014-06-11","1,943.89"
"2014-06-10","1,950.79"
"2014-06-09","1,951.27"
"2014-06-06","1,949.44"
"2014-06-05","1,940.46"
"2014-06-04","1,927.88"
"2014-06-03","1,924.24"
"2014-06-02","1,924.97"
"2014-05-30","1,923.57"
"2014-05-29","1,920.03"
"2014-05-28","1,909.78"
"2014-05-27","1,911.91"
"2014-05-23","1,900.53"
"2014-05-22","1,892.49"
"2014-05-21","1,888.03"
"2014-05-20","1,872.83"
"2014-05-19","1,885.08"
"2014-05-16","1,877.86"
"2014-05-15","1,870.85"
"2014-05-14","1,888.53"
"2014-05-13","1,897.45"
"2014-05-12","1,896.65"
"2014-05-09","1,878.48"
"2014-05-08","1,875.63"
"2014-05-07","1,878.21"
"2014-05-06","1,867.72"
"2014-05-05","1,884.66"
"2014-05-02","1,881.14"
"2014-05-01","1,883.68"
"2014-04-30","1,883.95"
"2014-04-29","1,878.33"
"2014-04-28","1,869.43"
"2014-04-25","1,863.40"
"2014-04-24","1,878.61"
"2014-04-23","1,875.39"
"2014-04-22","1,879.55"
"2014-04-21","1,871.89"
"2014-04-17","1,864.85"
"2014-04-16","1,862.31"
"2014-04-15","1,842.98"
"2014-04-14","1,830.61"
"2014-04-11","1,815.69"
"2014-04-10","1,833.08"
"2014-04-09","1,872.18"
"2014-04-08","1,851.96"
"2014-04-07","1,845.04"
"2014-04-04","1,865.09"
"2014-04-03","1,888.77"
"2014-04-02","1,890.90"
"2014-04-01","1,885.52"
"2014-03-31","1,872.34"
"2014-03-28","1,857.62"
"2014-03-27","1,849.04"
"2014-03-26","1,852.56"
"2014-03-25","1,865.62"
"2014-03-24","1,857.44"
"2014-03-21","1,866.52"
"2014-03-20","1,872.01"
"2014-03-19","1,860.77"
"2014-03-18","1,872.25"
"2014-03-17","1,858.83"
"2014-03-14","1,841.13"
"2014-03-13","1,846.34"
"2014-03-12","1,868.20"
"2014-03-11","1,867.63"
"2014-03-10","1,877.17"
"2014-03-07","1,878.04"
"2014-03-06","1,877.03"
"2014-03-05","1,873.81"
"2014-03-04","1,873.91"
"2014-03-03","1,845.73"
"2014-02-28","1,859.45"
"2014-02-27","1,854.29"
"2014-02-26","1,845.16"
"2014-02-25","1,845.12"
"2014-02-24","1,847.61"
"2014-02-21","1,836.25"
"2014-02-20","1,839.78"
"2014-02-19","1,828.75"
"2014-02-18","1,840.76"
"2014-02-14","1,838.63"
"2014-02-13","1,829.83"
"2014-02-12","1,819.26"
"2014-02-11","1,819.75"
"2014-02-10","1,799.84"
"2014-02-07","1,797.02"
"2014-02-06","1,773.43"
"2014-02-05","1,751.64"
"2014-02-04","1,755.20"
"2014-02-03","1,741.89"
"2014-01-31","1,782.59"
"2014-01-30","1,794.19"
"2014-01-29","1,774.20"
"2014-01-28","1,792.50"
"2014-01-27","1,781.56"
"2014-01-24","1,790.29"
"2014-01-23","1,828.46"
"2014-01-22","1,844.86"
"2014-01-21","1,843.80"
"2014-01-17","1,838.70"
"2014-01-16","1,845.89"
"2014-01-15","1,848.38"
"2014-01-14","1,838.88"
"2014-01-13","1,819.20"
"2014-01-10","1,842.37"
"2014-01-09","1,838.13"
"2014-01-08","1,837.49"
"2014-01-07","1,837.88"
"2014-01-06","1,826.77"
"2014-01-03","1,831.37"
"2014-01-02","1,831.98"
"2013-12-31","1,848.36"
"2013-12-30","1,841.07"
"2013-12-27","1,841.40"
"2013-12-26","1,842.02"
"2013-12-24","1,833.32"
"2013-12-23","1,827.99"
"2013-12-20","1,818.32"
"2013-12-19","1,809.60"
"2013-12-18","1,810.65"
"2013-12-17","1,781.00"
"2013-12-16","1,786.54"
"2013-12-13","1,775.32"
"2013-12-12","1,775.50"
"2013-12-11","1,782.22"
"2013-12-10","1,802.62"
"2013-12-09","1,808.37"
"2013-12-06","1,805.09"
"2013-12-05","1,785.03"
"2013-12-04","1,792.81"
"2013-12-03","1,795.15"
"2013-12-02","1,800.90"
"2013-11-29","1,805.81"
"2013-11-27","1,807.23"
"2013-11-26","1,802.75"
"2013-11-25","1,802.48"
"2013-11-22","1,804.76"
"2013-11-21","1,795.85"
"2013-11-20","1,781.37"
"2013-11-19","1,787.87"
"2013-11-18","1,791.53"
"2013-11-15","1,798.18"
"2013-11-14","1,790.62"
"2013-11-13","1,782.00"
"2013-11-12","1,767.69"
"2013-11-11","1,771.89"
"2013-11-08","1,770.61"
"2013-11-07","1,747.15"
"2013-11-06","1,770.49"
"2013-11-05","1,762.97"
"2013-11-04","1,767.93"
"2013-11-01","1,761.64"
"2013-10-31","1,756.54"
"2013-10-30","1,763.31"
"2013-10-29","1,771.95"
"2013-10-28","1,762.11"
"2013-10-25","1,759.77"
"2013-10-24","1,752.07"
"2013-10-23","1,746.38"
"2013-10-22","1,754.67"
"2013-10-21","1,744.66"
"2013-10-18","1,744.50"
"2013-10-17","1,733.15"
"2013-10-16","1,721.54"
"2013-10-15","1,698.06"
"2013-10-14","1,710.14"
"2013-10-11","1,703.20"
"2013-10-10","1,692.56"
"2013-10-09","1,656.40"
"2013-10-08","1,655.45"
"2013-10-07","1,676.12"
"2013-10-04","1,690.50"
"2013-10-03","1,678.66"
"2013-10-02","1,693.87"
"2013-10-01","1,695.00"
"2013-09-30","1,681.55"
"2013-09-27","1,691.75"
"2013-09-26","1,698.67"
"2013-09-25","1,692.77"
"2013-09-24","1,697.42"
"2013-09-23","1,701.84"
"2013-09-20","1,709.91"
"2013-09-19","1,722.34"
"2013-09-18","1,725.52"
"2013-09-17","1,704.76"
"2013-09-16","1,697.60"
"2013-09-13","1,687.99"
"2013-09-12","1,683.42"
"2013-09-11","1,689.13"
"2013-09-10","1,683.99"
"2013-09-09","1,671.71"
"2013-09-06","1,655.17"
"2013-09-05","1,655.08"
"2013-09-04","1,653.08"
"2013-09-03","1,639.77"
"2013-08-30","1,632.97"
"2013-08-29","1,638.17"
"2013-08-28","1,634.96"
"2013-08-27","1,630.48"
"2013-08-26","1,656.78"
"2013-08-23","1,663.50"
"2013-08-22","1,656.96"
"2013-08-21","1,642.80"
"2013-08-20","1,652.35"
"2013-08-19","1,646.06"
"2013-08-16","1,655.83"
"2013-08-15","1,661.32"
"2013-08-14","1,685.39"
"2013-08-13","1,694.16"
"2013-08-12","1,689.47"
"2013-08-09","1,691.42"
"2013-08-08","1,697.48"
"2013-08-07","1,690.91"
"2013-08-06","1,697.37"
"2013-08-05","1,707.14"
"2013-08-02","1,709.67"
"2013-08-01","1,706.87"
"2013-07-31","1,685.73"
"2013-07-30","1,685.96"
"2013-07-29","1,685.33"
"2013-07-26","1,691.65"
"2013-07-25","1,690.25"
"2013-07-24","1,685.94"
"2013-07-23","1,692.39"
"2013-07-22","1,695.53"
"2013-07-19","1,692.09"
"2013-07-18","1,689.37"
"2013-07-17","1,680.91"
"2013-07-16","1,676.26"
"2013-07-15","1,682.50"
"2013-07-12","1,680.19"
"2013-07-11","1,675.02"
"2013-07-10","1,652.62"
"2013-07-09","1,652.32"
"2013-07-08","1,640.46"
"2013-07-05","1,631.89"
"2013-07-03","1,615.41"
"2013-07-02","1,614.08"
"2013-07-01","1,614.96"
"2013-06-28","1,606.28"
"2013-06-27","1,613.20"
"2013-06-26","1,603.26"
"2013-06-25","1,588.03"
"2013-06-24","1,573.09"
"2013-06-21","1,592.43"
"2013-06-20","1,588.19"
"2013-06-19","1,628.93"
"2013-06-18","1,651.81"
"2013-06-17","1,639.04"
"2013-06-14","1,626.73"
"2013-06-13","1,636.36"
"2013-06-12","1,612.52"
"2013-06-11","1,626.13"
"2013-06-10","1,642.81"
"2013-06-07","1,643.38"
"2013-06-06","1,622.56"
"2013-06-05","1,608.90"
"2013-06-04","1,631.38"
"2013-06-03","1,640.42"
"2013-05-31","1,630.74"
"2013-05-30","1,654.41"
"2013-05-29","1,648.36"
"2013-05-28","1,660.06"
"2013-05-24","1,649.60"
"2013-05-23","1,650.51"
"2013-05-22","1,655.35"
"2013-05-21","1,669.16"
"2013-05-20","1,666.29"
"2013-05-17","1,667.47"
"2013-05-16","1,650.47"
"2013-05-15","1,658.78"
"2013-05-14","1,650.34"
"2013-05-13","1,633.77"
"2013-05-10","1,633.70"
"2013-05-09","1,626.67"
"2013-05-08","1,632.69"
"2013-05-07","1,625.96"
"2013-05-06","1,617.50"
"2013-05-03","1,614.42"
"2013-05-02","1,597.59"
"2013-05-01","1,582.70"
"2013-04-30","1,597.57"
"2013-04-29","1,593.61"
"2013-04-26","1,582.24"
"2013-04-25","1,585.16"
"2013-04-24","1,578.79"
"2013-04-23","1,578.78"
"2013-04-22","1,562.50"
"2013-04-19","1,555.25"
"2013-04-18","1,541.61"
"2013-04-17","1,552.01"
"2013-04-16","1,574.57"
"2013-04-15","1,552.36"
"2013-04-12","1,588.85"
"2013-04-11","1,593.37"
"2013-04-10","1,587.73"
"2013-04-09","1,568.61"
"2013-04-08","1,563.07"
"2013-04-05","1,553.28"
"2013-04-04","1,559.98"
"2013-04-03","1,553.69"
"2013-04-02","1,570.25"
"2013-04-01","1,562.17"
"2013-03-28","1,569.19"
"2013-03-27","1,562.85"
"2013-03-26","1,563.77"
"2013-03-25","1,551.69"
"2013-03-22","1,556.89"
"2013-03-21","1,545.80"
"2013-03-20","1,558.71"
"2013-03-19","1,548.34"
"2013-03-18","1,552.10"
"2013-03-15","1,560.70"
"2013-03-14","1,563.23"
"2013-03-13","1,554.52"
"2013-03-12","1,552.48"
"2013-03-11","1,556.22"
"2013-03-08","1,551.18"
"2013-03-07","1,544.26"
"2013-03-06","1,541.46"
"2013-03-05","1,539.79"
"2013-03-04","1,525.20"
"2013-03-01","1,518.20"
"2013-02-28","1,514.68"
"2013-02-27","1,515.99"
"2013-02-26","1,496.94"
"2013-02-25","1,487.85"
"2013-02-22","1,515.60"
"2013-02-21","1,502.42"
"2013-02-20","1,511.95"
"2013-02-19","1,530.94"
"2013-02-15","1,519.79"
"2013-02-14","1,521.38"
"2013-02-13","1,520.33"
"2013-02-12","1,519.43"
"2013-02-11","1,517.01"
"2013-02-08","1,517.93"
"2013-02-07","1,509.39"
"2013-02-06","1,512.12"
"2013-02-05","1,511.29"
"2013-02-04","1,495.71"
"2013-02-01","1,513.17"
"2013-01-31","1,498.11"
"2013-01-30","1,501.96"
"2013-01-29","1,507.84"
"2013-01-28","1,500.18"
"2013-01-25","1,502.96"
"2013-01-24","1,494.82"
"2013-01-23","1,494.81"
"2013-01-22","1,492.56"
"2013-01-18","1,485.98"
"2013-01-17","1,480.94"
"2013-01-16","1,472.63"
"2013-01-15","1,472.34"
"2013-01-14","1,470.68"
"2013-01-11","1,472.05"
"2013-01-10","1,472.12"
"2013-01-09","1,461.02"
"2013-01-08","1,457.15"
"2013-01-07","1,461.89"
"2013-01-04","1,466.47"
"2013-01-03","1,459.37"
"2013-01-02","1,462.42"
"2012-12-31","1,426.19"
"2012-12-28","1,402.43"
"2012-12-27","1,418.10"
"2012-12-26","1,419.83"
"2012-12-24","1,426.66"
"2012-12-21","1,430.15"
"2012-12-20","1,443.69"
"2012-12-19","1,435.81"
"2012-12-18","1,446.79"
"2012-12-17","1,430.36"
"2012-12-14","1,413.58"
"2012-12-13","1,419.45"
"2012-12-12","1,428.48"
"2012-12-11","1,427.84"
"2012-12-10","1,418.55"
"2012-12-07","1,418.07"
"2012-12-06","1,413.94"
"2012-12-05","1,409.28"
"2012-12-04","1,407.05"
"2012-12-03","1,409.46"
"2012-11-30","1,416.18"
"2012-11-29","1,415.95"
"2012-11-28","1,409.93"
"2012-11-27","1,398.94"
"2012-11-26","1,406.29"
"2012-11-23","1,409.15"
"2012-11-21","1,391.03"
"2012-11-20","1,387.81"
"2012-11-19","1,386.89"
"2012-11-16","1,359.88"
"2012-11-15","1,353.33"
"2012-11-14","1,355.49"
"2012-11-13","1,374.53"
"2012-11-12","1,380.03"
"2012-11-09","1,379.85"
"2012-11-08","1,377.51"
"2012-11-07","1,394.53"
"2012-11-06","1,428.39"
"2012-11-05","1,417.26"
"2012-11-02","1,414.20"
"2012-11-01","1,427.59"
"2012-10-31","1,412.16"
"2012-10-26","1,411.94"
"2012-10-25","1,412.97"
"2012-10-24","1,408.75"
"2012-10-23","1,413.11"
"2012-10-22","1,433.82"
"2012-10-19","1,433.19"
"2012-10-18","1,457.34"
"2012-10-17","1,460.91"
"2012-10-16","1,454.92"
"2012-10-15","1,440.13"
"2012-10-12","1,428.59"
"2012-10-11","1,432.84"
"2012-10-10","1,432.56"
"2012-10-09","1,441.48"
"2012-10-08","1,455.88"
"2012-10-05","1,460.93"
"2012-10-04","1,461.40"
"2012-10-03","1,450.99"
"2012-10-02","1,445.75"
"2012-10-01","1,444.49"
"2012-09-28","1,440.67"
"2012-09-27","1,447.15"
"2012-09-26","1,433.32"
"2012-09-25","1,441.59"
"2012-09-24","1,456.89"
"2012-09-21","1,460.15"
"2012-09-20","1,460.26"
"2012-09-19","1,461.05"
"2012-09-18","1,459.32"
"2012-09-17","1,461.19"
"2012-09-14","1,465.77"
"2012-09-13","1,459.99"
"2012-09-12","1,436.56"
"2012-09-11","1,433.56"
"2012-09-10","1,429.08"
"2012-09-07","1,437.92"
"2012-09-06","1,432.12"
"2012-09-05","1,403.44"
"2012-09-04","1,404.94"
"2012-08-31","1,406.58"
"2012-08-30","1,399.48"
"2012-08-29","1,410.49"
"2012-08-28","1,409.30"
"2012-08-27","1,410.44"
"2012-08-24","1,411.13"
"2012-08-23","1,402.08"
"2012-08-22","1,413.49"
"2012-08-21","1,413.17"
"2012-08-20","1,418.13"
"2012-08-17","1,418.16"
"2012-08-16","1,415.51"
"2012-08-15","1,405.53"
"2012-08-14","1,403.93"
"2012-08-13","1,404.11"
"2012-08-10","1,405.87"
"2012-08-09","1,402.80"
"2012-08-08","1,402.22"
"2012-08-07","1,401.35"
"2012-08-06","1,394.23"
"2012-08-03","1,390.99"
"2012-08-02","1,365.00"
"2012-08-01","1,375.32"
"2012-07-31","1,379.32"
"2012-07-30","1,385.30"
"2012-07-27","1,385.97"
"2012-07-26","1,360.02"
"2012-07-25","1,337.89"
"2012-07-24","1,338.31"
"2012-07-23","1,350.52"
"2012-07-20","1,362.66"
"2012-07-19","1,376.51"
"2012-07-18","1,372.78"
"2012-07-17","1,363.67"
"2012-07-16","1,353.64"
"2012-07-13","1,356.78"
"2012-07-12","1,334.76"
"2012-07-11","1,341.45"
"2012-07-10","1,341.47"
"2012-07-09","1,352.46"
"2012-07-06","1,354.68"
"2012-07-05","1,367.58"
"2012-07-03","1,374.02"
"2012-07-02","1,365.51"
"2012-06-29","1,362.16"
"2012-06-28","1,329.04"
"2012-06-27","1,331.85"
"2012-06-26","1,319.99"
"2012-06-25","1,313.72"
"2012-06-22","1,335.02"
"2012-06-21","1,325.51"
"2012-06-20","1,355.69"
"2012-06-19","1,357.98"
"2012-06-18","1,344.78"
"2012-06-15","1,342.84"
"2012-06-14","1,329.10"
"2012-06-13","1,314.88"
"2012-06-12","1,324.18"
"2012-06-11","1,308.93"
"2012-06-08","1,325.66"
"2012-06-07","1,314.99"
"2012-06-06","1,315.13"
"2012-06-05","1,285.50"
"2012-06-04","1,278.18"
"2012-06-01","1,278.04"
"2012-05-31","1,310.33"
"2012-05-30","1,313.32"
"2012-05-29","1,332.42"
"2012-05-25","1,317.82"
"2012-05-24","1,320.68"
"2012-05-23","1,318.86"
"2012-05-22","1,316.63"
"2012-05-21","1,315.99"
"2012-05-18","1,295.22"
"2012-05-17","1,304.86"
"2012-05-16","1,324.80"
"2012-05-15","1,330.66"
"2012-05-14","1,338.35"
"2012-05-11","1,353.39"
"2012-05-10","1,357.99"
"2012-05-09","1,354.58"
"2012-05-08","1,363.72"
"2012-05-07","1,369.58"
"2012-05-04","1,369.10"
"2012-05-03","1,391.57"
"2012-05-02","1,402.31"
"2012-05-01","1,405.82"
"2012-04-30","1,397.91"
"2012-04-27","1,403.36"
"2012-04-26","1,399.98"
"2012-04-25","1,390.69"
"2012-04-24","1,371.97"
"2012-04-23","1,366.94"
"2012-04-20","1,378.53"
"2012-04-19","1,376.92"
"2012-04-18","1,385.14"
"2012-04-17","1,390.78"
"2012-04-16","1,369.57"
"2012-04-13","1,370.26"
"2012-04-12","1,387.57"
"2012-04-11","1,368.71"
"2012-04-10","1,358.59"
"2012-04-09","1,382.20"
"2012-04-05","1,398.08"
"2012-04-04","1,398.96"
"2012-04-03","1,413.38"
"2012-04-02","1,419.04"
"2012-03-30","1,408.47"
"2012-03-29","1,403.28"
"2012-03-28","1,405.54"
"2012-03-27","1,412.52"
"2012-03-26","1,416.51"
"2012-03-23","1,397.11"
"2012-03-22","1,392.78"
"2012-03-21","1,402.89"
"2012-03-20","1,405.52"
"2012-03-19","1,409.75"
"2012-03-16","1,404.17"
"2012-03-15","1,402.60"
"2012-03-14","1,394.28"
"2012-03-13","1,395.95"
"2012-03-12","1,371.09"
"2012-03-09","1,370.87"
"2012-03-08","1,365.91"
"2012-03-07","1,352.63"
"2012-03-06","1,343.36"
"2012-03-05","1,364.33"
"2012-03-02","1,369.63"
"2012-03-01","1,374.09"
"2012-02-29","1,365.68"
"2012-02-28","1,372.18"
"2012-02-27","1,367.59"
"2012-02-24","1,365.74"
"2012-02-23","1,363.46"
"2012-02-22","1,357.66"
"2012-02-21","1,362.21"
"2012-02-17","1,361.23"
"2012-02-16","1,358.04"
"2012-02-15","1,343.23"
"2012-02-14","1,350.50"
"2012-02-13","1,351.77"
"2012-02-10","1,342.64"
"2012-02-09","1,351.95"
"2012-02-08","1,349.96"
"2012-02-07","1,347.05"
"2012-02-06","1,344.33"
"2012-02-03","1,344.90"
"2012-02-02","1,325.54"
"2012-02-01","1,324.09"
"2012-01-31","1,312.41"
"2012-01-30","1,313.01"
"2012-01-27","1,316.33"
"2012-01-26","1,318.43"
"2012-01-25","1,326.06"
"2012-01-24","1,314.65"
"2012-01-23","1,316.00"
"2012-01-20","1,315.38"
"2012-01-19","1,314.50"
"2012-01-18","1,308.04"
"2012-01-17","1,293.67"
"2012-01-13","1,289.09"
"2012-01-12","1,295.50"
"2012-01-11","1,292.48"
"2012-01-10","1,292.08"
"2012-01-09","1,280.70"
"2012-01-06","1,277.81"
"2012-01-05","1,281.06"
"2012-01-04","1,277.30"
"2012-01-03","1,277.06"
"2011-12-30","1,257.60"
"2011-12-29","1,263.02"
"2011-12-28","1,249.64"
"2011-12-27","1,265.43"
"2011-12-23","1,265.33"
"2011-12-22","1,254.00"
"2011-12-21","1,243.72"
"2011-12-20","1,241.30"
"2011-12-19","1,205.35"
"2011-12-16","1,219.66"
"2011-12-15","1,215.75"
"2011-12-14","1,211.82"
"2011-12-13","1,225.73"
"2011-12-12","1,236.47"
"2011-12-09","1,255.19"
"2011-12-08","1,234.35"
"2011-12-07","1,261.01"
"2011-12-06","1,258.47"
"2011-12-05","1,257.08"
"2011-12-02","1,244.28"
"2011-12-01","1,244.58"
"2011-11-30","1,246.96"
"2011-11-29","1,195.19"
"2011-11-28","1,192.55"
"2011-11-25","1,158.67"
"2011-11-23","1,161.79"
"2011-11-22","1,188.04"
"2011-11-21","1,192.98"
"2011-11-18","1,215.65"
"2011-11-17","1,216.13"
"2011-11-16","1,236.91"
"2011-11-15","1,257.81"
"2011-11-14","1,251.78"
"2011-11-11","1,263.85"
"2011-11-10","1,239.70"
"2011-11-09","1,229.10"
"2011-11-08","1,275.92"
"2011-11-07","1,261.12"
"2011-11-04","1,253.23"
"2011-11-03","1,261.15"
"2011-11-02","1,237.90"
"2011-11-01","1,218.28"
"2011-10-31","1,253.30"
"2011-10-28","1,285.09"
"2011-10-27","1,284.59"
"2011-10-26","1,242.00"
"2011-10-25","1,229.05"
"2011-10-24","1,254.19"
"2011-10-21","1,238.25"
"2011-10-20","1,215.39"
"2011-10-19","1,209.88"
"2011-10-18","1,225.38"
"2011-10-17","1,200.86"
"2011-10-14","1,224.58"
"2011-10-13","1,203.66"
"2011-10-12","1,207.25"
"2011-10-11","1,195.54"
"2011-10-10","1,194.89"
"2011-10-07","1,155.46"
"2011-10-06","1,164.97"
"2011-10-05","1,144.03"
"2011-10-04","1,123.95"
"2011-10-03","1,099.23"
"2011-09-30","1,131.42"
"2011-09-29","1,160.40"
"2011-09-28","1,151.06"
"2011-09-27","1,175.38"
"2011-09-26","1,162.95"
"2011-09-23","1,136.43"
"2011-09-22","1,129.56"
"2011-09-21","1,166.76"
"2011-09-20","1,202.09"
"2011-09-19","1,204.09"
"2011-09-16","1,216.01"
"2011-09-15","1,209.11"
"2011-09-14","1,188.68"
"2011-09-13","1,172.87"
"2011-09-12","1,162.27"
"2011-09-09","1,154.23"
"2011-09-08","1,185.90"
"2011-09-07","1,198.62"
"2011-09-06","1,165.24"
"2011-09-02","1,173.97"
"2011-09-01","1,204.42"
"2011-08-31","1,218.89"
"2011-08-30","1,212.92"
"2011-08-29","1,210.08"
"2011-08-26","1,176.80"
"2011-08-25","1,159.27"
"2011-08-24","1,177.60"
"2011-08-23","1,162.35"
"2011-08-22","1,123.82"
"2011-08-19","1,123.53"
"2011-08-18","1,140.65"
"2011-08-17","1,193.89"
"2011-08-16","1,192.76"
"2011-08-15","1,204.49"
"2011-08-12","1,178.81"
"2011-08-11","1,172.64"
"2011-08-10","1,120.76"
"2011-08-09","1,172.53"
"2011-08-08","1,119.46"
"2011-08-05","1,199.38"
"2011-08-04","1,200.07"
"2011-08-03","1,260.34"
"2011-08-02","1,254.05"
"2011-08-01","1,286.94"
"2011-07-29","1,292.28"
"2011-07-28","1,300.67"
"2011-07-27","1,304.89"
"2011-07-26","1,331.94"
"2011-07-25","1,337.43"
"2011-07-22","1,345.02"
"2011-07-21","1,343.80"
"2011-07-20","1,325.84"
"2011-07-19","1,326.73"
"2011-07-18","1,305.44"
"2011-07-15","1,316.14"
"2011-07-14","1,308.87"
"2011-07-13","1,317.72"
"2011-07-12","1,313.64"
"2011-07-11","1,319.49"
"2011-07-08","1,343.80"
"2011-07-07","1,353.22"
"2011-07-06","1,339.22"
"2011-07-05","1,337.88"
"2011-07-01","1,339.67"
"2011-06-30","1,320.64"
"2011-06-29","1,307.41"
"2011-06-28","1,296.67"
"2011-06-27","1,280.10"
"2011-06-24","1,268.45"
"2011-06-23","1,283.50"
"2011-06-22","1,287.14"
"2011-06-21","1,295.52"
"2011-06-20","1,278.36"
"2011-06-17","1,271.50"
"2011-06-16","1,267.64"
"2011-06-15","1,265.42"
"2011-06-14","1,287.87"
"2011-06-13","1,271.83"
"2011-06-10","1,270.98"
"2011-06-09","1,289.00"
"2011-06-08","1,279.56"
"2011-06-07","1,284.94"
"2011-06-06","1,286.17"
"2011-06-03","1,300.16"
"2011-06-02","1,312.94"
"2011-06-01","1,314.55"
"2011-05-31","1,345.20"
"2011-05-27","1,331.10"
"2011-05-26","1,325.69"
"2011-05-25","1,320.47"
"2011-05-24","1,316.28"
"2011-05-23","1,317.37"
"2011-05-20","1,333.27"
"2011-05-19","1,343.60"
"2011-05-18","1,340.68"
"2011-05-17","1,328.98"
"2011-05-16","1,329.47"
"2011-05-13","1,337.77"
"2011-05-12","1,348.65"
"2011-05-11","1,342.08"
"2011-05-10","1,357.16"
"2011-05-09","1,346.29"
"2011-05-06","1,340.20"
"2011-05-05","1,335.10"
"2011-05-04","1,347.32"
"2011-05-03","1,356.62"
"2011-05-02","1,361.22"
"2011-04-29","1,363.61"
"2011-04-28","1,360.48"
"2011-04-27","1,355.66"
"2011-04-26","1,347.24"
"2011-04-25","1,335.25"
"2011-04-21","1,337.38"
"2011-04-20","1,330.36"
"2011-04-19","1,312.62"
"2011-04-18","1,305.14"
"2011-04-15","1,319.68"
"2011-04-14","1,314.52"
"2011-04-13","1,314.41"
"2011-04-12","1,314.16"
"2011-04-11","1,324.46"
"2011-04-08","1,328.17"
"2011-04-07","1,333.51"
"2011-04-06","1,335.54"
"2011-04-05","1,332.63"
"2011-04-04","1,332.87"
"2011-04-01","1,332.41"
"2011-03-31","1,325.83"
"2011-03-30","1,328.26"
"2011-03-29","1,319.44"
"2011-03-28","1,310.19"
"2011-03-25","1,313.80"
"2011-03-24","1,309.66"
"2011-03-23","1,297.54"
"2011-03-22","1,293.77"
"2011-03-21","1,298.38"
"2011-03-18","1,279.21"
"2011-03-17","1,273.72"
"2011-03-16","1,256.88"
"2011-03-15","1,281.87"
"2011-03-14","1,296.39"
"2011-03-11","1,304.28"
"2011-03-10","1,295.11"
"2011-03-09","1,320.02"
"2011-03-08","1,321.82"
"2011-03-07","1,310.13"
"2011-03-04","1,321.15"
"2011-03-03","1,330.97"
"2011-03-02","1,308.44"
"2011-03-01","1,306.33"
"2011-02-28","1,327.22"
"2011-02-25","1,319.88"
"2011-02-24","1,306.10"
"2011-02-23","1,307.40"
"2011-02-22","1,315.44"
"2011-02-18","1,343.01"
"2011-02-17","1,340.43"
"2011-02-16","1,336.32"
"2011-02-15","1,328.01"
"2011-02-14","1,332.32"
"2011-02-11","1,329.15"
"2011-02-10","1,321.87"
"2011-02-09","1,320.88"
"2011-02-08","1,324.57"
"2011-02-07","1,319.05"
"2011-02-04","1,310.87"
"2011-02-03","1,307.10"
"2011-02-02","1,304.03"
"2011-02-01","1,307.59"
"2011-01-31","1,286.12"
"2011-01-28","1,276.34"
"2011-01-27","1,299.54"
"2011-01-26","1,296.63"
"2011-01-25","1,291.18"
"2011-01-24","1,290.84"
"2011-01-21","1,283.35"
"2011-01-20","1,280.26"
"2011-01-19","1,281.92"
"2011-01-18","1,295.02"
"2011-01-14","1,293.24"
"2011-01-13","1,283.76"
"2011-01-12","1,285.96"
"2011-01-11","1,274.48"
"2011-01-10","1,269.75"
"2011-01-07","1,271.50"
"2011-01-06","1,273.85"
"2011-01-05","1,276.56"
"2011-01-04","1,270.20"
"2011-01-03","1,271.87"
"2010-12-31","1,257.64"
"2010-12-30","1,257.88"
"2010-12-29","1,259.78"
"2010-12-28","1,258.51"
"2010-12-27","1,257.54"
"2010-12-23","1,256.77"
"2010-12-22","1,258.84"
"2010-12-21","1,254.60"
"2010-12-20","1,247.08"
"2010-12-17","1,243.91"
"2010-12-16","1,242.87"
"2010-12-15","1,235.23"
"2010-12-14","1,241.59"
"2010-12-13","1,240.46"
"2010-12-10","1,240.40"
"2010-12-09","1,233.00"
"2010-12-08","1,228.28"
"2010-12-07","1,223.75"
"2010-12-06","1,223.12"
"2010-12-03","1,224.71"
"2010-12-02","1,221.53"
"2010-12-01","1,206.07"
"2010-11-30","1,180.55"
"2010-11-29","1,187.76"
"2010-11-26","1,189.40"
"2010-11-24","1,198.35"
"2010-11-23","1,180.73"
"2010-11-22","1,197.84"
"2010-11-19","1,199.73"
"2010-11-18","1,196.69"
"2010-11-17","1,178.59"
"2010-11-16","1,178.34"
"2010-11-15","1,197.75"
"2010-11-12","1,199.21"
"2010-11-11","1,213.54"
"2010-11-10","1,218.71"
"2010-11-09","1,213.40"
"2010-11-08","1,223.25"
"2010-11-05","1,225.85"
"2010-11-04","1,221.06"
"2010-11-03","1,197.96"
"2010-11-02","1,193.57"
"2010-11-01","1,184.38"
"2010-10-29","1,183.26"
"2010-10-28","1,183.78"
"2010-10-27","1,182.45"
"2010-10-26","1,185.64"
"2010-10-25","1,185.62"
"2010-10-22","1,183.08"
"2010-10-21","1,180.26"
"2010-10-20","1,178.17"
"2010-10-19","1,165.90"
"2010-10-18","1,184.71"
"2010-10-15","1,176.19"
"2010-10-14","1,173.81"
"2010-10-13","1,178.10"
"2010-10-12","1,169.77"
"2010-10-11","1,165.32"
"2010-10-08","1,165.15"
"2010-10-07","1,158.06"
"2010-10-06","1,159.97"
"2010-10-05","1,160.75"
"2010-10-04","1,137.03"
"2010-10-01","1,146.24"
"2010-09-30","1,141.20"
"2010-09-29","1,144.73"
"2010-09-28","1,147.70"
"2010-09-27","1,142.16"
"2010-09-24","1,148.67"
"2010-09-23","1,124.83"
"2010-09-22","1,134.28"
"2010-09-21","1,139.78"
"2010-09-20","1,142.71"
"2010-09-17","1,125.59"
"2010-09-16","1,124.66"
"2010-09-15","1,125.07"
"2010-09-14","1,121.10"
"2010-09-13","1,121.90"
"2010-09-10","1,109.55"
"2010-09-09","1,104.18"
"2010-09-08","1,098.87"
"2010-09-07","1,091.84"
"2010-09-03","1,104.51"
"2010-09-02","1,090.10"
"2010-09-01","1,080.29"
"2010-08-31","1,049.33"
"2010-08-30","1,048.92"
"2010-08-27","1,064.59"
"2010-08-26","1,047.22"
"2010-08-25","1,055.33"
"2010-08-24","1,051.87"
"2010-08-23","1,067.36"
"2010-08-20","1,071.69"
"2010-08-19","1,075.63"
"2010-08-18","1,094.16"
"2010-08-17","1,092.54"
"2010-08-16","1,079.38"
"2010-08-13","1,079.25"
"2010-08-12","1,083.61"
"2010-08-11","1,089.47"
"2010-08-10","1,121.06"
"2010-08-09","1,127.79"
"2010-08-06","1,121.64"
"2010-08-05","1,125.81"
"2010-08-04","1,127.24"
"2010-08-03","1,120.46"
"2010-08-02","1,125.86"
"2010-07-30","1,101.60"
"2010-07-29","1,101.53"
"2010-07-28","1,106.13"
"2010-07-27","1,113.84"
"2010-07-26","1,115.01"
"2010-07-23","1,102.66"
"2010-07-22","1,093.67"
"2010-07-21","1,069.59"
"2010-07-20","1,083.48"
"2010-07-19","1,071.25"
"2010-07-16","1,064.88"
"2010-07-15","1,096.48"
"2010-07-14","1,095.17"
"2010-07-13","1,095.34"
"2010-07-12","1,078.75"
"2010-07-09","1,077.96"
"2010-07-08","1,070.25"
"2010-07-07","1,060.27"
"2010-07-06","1,028.06"
"2010-07-02","1,022.58"
"2010-07-01","1,027.37"
"2010-06-30","1,030.71"
"2010-06-29","1,041.24"
"2010-06-28","1,074.57"
"2010-06-25","1,076.76"
"2010-06-24","1,073.69"
"2010-06-23","1,092.04"
"2010-06-22","1,095.31"
"2010-06-21","1,113.20"
"2010-06-18","1,117.51"
"2010-06-17","1,116.04"
"2010-06-16","1,114.61"
"2010-06-15","1,115.23"
"2010-06-14","1,089.63"
"2010-06-11","1,091.60"
"2010-06-10","1,086.84"
"2010-06-09","1,055.69"
"2010-06-08","1,062.00"
"2010-06-07","1,050.47"
"2010-06-04","1,064.88"
"2010-06-03","1,102.83"
"2010-06-02","1,098.38"
"2010-06-01","1,070.71"
"2010-05-28","1,089.41"
"2010-05-27","1,103.06"
"2010-05-26","1,067.95"
"2010-05-25","1,074.03"
"2010-05-24","1,073.65"
"2010-05-21","1,087.69"
"2010-05-20","1,071.59"
"2010-05-19","1,115.05"
"2010-05-18","1,120.80"
"2010-05-17","1,136.94"
"2010-05-14","1,135.68"
"2010-05-13","1,157.44"
"2010-05-12","1,171.67"
"2010-05-11","1,155.79"
"2010-05-10","1,159.73"
"2010-05-07","1,110.88"
"2010-05-06","1,128.15"
"2010-05-05","1,165.87"
"2010-05-04","1,173.60"
"2010-05-03","1,202.26"
"2010-04-30","1,186.69"
"2010-04-29","1,206.78"
"2010-04-28","1,191.36"
"2010-04-27","1,183.71"
"2010-04-26","1,212.05"
"2010-04-23","1,217.28"
"2010-04-22","1,208.67"
"2010-04-21","1,205.94"
"2010-04-20","1,207.17"
"2010-04-19","1,197.52"
"2010-04-16","1,192.13"
"2010-04-15","1,211.67"
"2010-04-14","1,210.65"
"2010-04-13","1,197.30"
"2010-04-12","1,196.48"
"2010-04-09","1,194.37"
"2010-04-08","1,186.44"
"2010-04-07","1,182.45"
"2010-04-06","1,189.44"
"2010-04-05","1,187.44"
"2010-04-01","1,178.10"
"2010-03-31","1,169.43"
"2010-03-30","1,173.27"
"2010-03-29","1,173.22"
"2010-03-26","1,166.59"
"2010-03-25","1,165.73"
"2010-03-24","1,167.72"
"2010-03-23","1,174.17"
"2010-03-22","1,165.81"
"2010-03-19","1,159.90"
"2010-03-18","1,165.83"
"2010-03-17","1,166.21"
"2010-03-16","1,159.46"
"2010-03-15","1,150.51"
"2010-03-12","1,149.99"
"2010-03-11","1,150.24"
"2010-03-10","1,145.61"
"2010-03-09","1,140.45"
"2010-03-08","1,138.50"
"2010-03-05","1,138.70"
"2010-03-04","1,122.97"
"2010-03-03","1,118.79"
"2010-03-02","1,118.31"
"2010-03-01","1,115.71"
"2010-02-26","1,104.49"
"2010-02-25","1,102.94"
"2010-02-24","1,105.24"
"2010-02-23","1,094.60"
"2010-02-22","1,108.01"
"2010-02-19","1,109.17"
"2010-02-18","1,106.75"
"2010-02-17","1,099.51"
"2010-02-16","1,094.87"
"2010-02-12","1,075.51"
"2010-02-11","1,078.47"
"2010-02-10","1,068.13"
"2010-02-09","1,070.52"
"2010-02-08","1,056.74"
"2010-02-05","1,066.19"
"2010-02-04","1,063.11"
"2010-02-03","1,097.28"
"2010-02-02","1,103.32"
"2010-02-01","1,089.19"
"2010-01-29","1,073.87"
"2010-01-28","1,084.53"
"2010-01-27","1,097.50"
"2010-01-26","1,092.17"
"2010-01-25","1,096.78"
"2010-01-22","1,091.76"
"2010-01-21","1,116.48"
"2010-01-20","1,138.04"
"2010-01-19","1,150.23"
"2010-01-15","1,136.03"
"2010-01-14","1,148.46"
"2010-01-13","1,145.68"
"2010-01-12","1,136.22"
"2010-01-11","1,146.98"
"2010-01-08","1,144.98"
"2010-01-07","1,141.69"
"2010-01-06","1,137.14"
"2010-01-05","1,136.52"
"2010-01-04","1,132.99"
"2009-12-31","1,115.10"
"2009-12-30","1,126.42"
"2009-12-29","1,126.20"
"2009-12-28","1,127.78"
"2009-12-24","1,126.48"
"2009-12-23","1,120.59"
"2009-12-22","1,118.02"
"2009-12-21","1,114.05"
"2009-12-18","1,102.47"
"2009-12-17","1,096.08"
"2009-12-16","1,109.18"
"2009-12-15","1,107.93"
"2009-12-14","1,114.11"
"2009-12-11","1,106.41"
"2009-12-10","1,102.35"
"2009-12-09","1,095.95"
"2009-12-08","1,091.94"
"2009-12-07","1,103.25"
"2009-12-04","1,105.98"
"2009-12-03","1,099.92"
"2009-12-02","1,109.24"
"2009-12-01","1,108.86"
"2009-11-30","1,095.63"
"2009-11-27","1,091.49"
"2009-11-25","1,110.63"
"2009-11-24","1,105.65"
"2009-11-23","1,106.24"
"2009-11-20","1,091.38"
"2009-11-19","1,094.90"
"2009-11-18","1,109.80"
"2009-11-17","1,110.32"
"2009-11-16","1,109.30"
"2009-11-13","1,093.48"
"2009-11-12","1,087.24"
"2009-11-11","1,098.51"
"2009-11-10","1,093.01"
"2009-11-09","1,093.08"
"2009-11-06","1,069.30"
"2009-11-05","1,066.63"
"2009-11-04","1,046.50"
"2009-11-03","1,045.41"
"2009-11-02","1,042.88"
"2009-10-30","1,036.19"
"2009-10-29","1,066.11"
"2009-10-28","1,042.63"
"2009-10-27","1,063.41"
"2009-10-26","1,066.95"
"2009-10-23","1,079.60"
"2009-10-22","1,092.91"
"2009-10-21","1,081.40"
"2009-10-20","1,091.06"
"2009-10-19","1,097.91"
"2009-10-16","1,087.68"
"2009-10-15","1,096.56"
"2009-10-14","1,092.02"
"2009-10-13","1,073.19"
"2009-10-12","1,076.19"
"2009-10-09","1,071.49"
"2009-10-08","1,065.48"
"2009-10-07","1,057.58"
"2009-10-06","1,054.72"
"2009-10-05","1,040.46"
"2009-10-02","1,025.21"
"2009-10-01","1,029.85"
"2009-09-30","1,057.08"
"2009-09-29","1,060.61"
"2009-09-28","1,062.98"
"2009-09-25","1,044.38"
"2009-09-24","1,050.78"
"2009-09-23","1,060.87"
"2009-09-22","1,071.66"
"2009-09-21","1,064.66"
"2009-09-18","1,068.30"
"2009-09-17","1,065.49"
"2009-09-16","1,068.76"
"2009-09-15","1,052.63"
"2009-09-14","1,049.34"
"2009-09-11","1,042.73"
"2009-09-10","1,044.14"
"2009-09-09","1,033.37"
"2009-09-08","1,025.39"
"2009-09-04","1,016.40"
"2009-09-03","1,003.24"
"2009-09-02","994.75"
"2009-09-01","998.04"
"2009-08-31","1,020.62"
"2009-08-28","1,028.93"
"2009-08-27","1,030.98"
"2009-08-26","1,028.12"
"2009-08-25","1,028.00"
"2009-08-24","1,025.57"
"2009-08-21","1,026.13"
"2009-08-20","1,007.37"
"2009-08-19","996.46"
"2009-08-18","989.67"
"2009-08-17","979.73"
"2009-08-14","1,004.09"
"2009-08-13","1,012.73"
"2009-08-12","1,005.81"
"2009-08-11","994.35"
"2009-08-10","1,007.10"
"2009-08-07","1,010.48"
"2009-08-06","997.08"
"2009-08-05","1,002.72"
"2009-08-04","1,005.65"
"2009-08-03","1,002.63"
"2009-07-31","987.48"
"2009-07-30","986.75"
"2009-07-29","975.15"
"2009-07-28","979.62"
"2009-07-27","982.18"
"2009-07-24","979.26"
"2009-07-23","976.29"
"2009-07-22","954.07"
"2009-07-21","954.58"
"2009-07-20","951.13"
"2009-07-17","940.38"
"2009-07-16","940.74"
"2009-07-15","932.68"
"2009-07-14","905.84"
"2009-07-13","901.05"
"2009-07-10","879.13"
"2009-07-09","882.68"
"2009-07-08","879.56"
"2009-07-07","881.03"
"2009-07-06","898.72"
"2009-07-02","896.42"
"2009-07-01","923.33"
"2009-06-30","919.32"
"2009-06-29","927.23"
"2009-06-26","918.90"
"2009-06-25","920.26"
"2009-06-24","900.94"
"2009-06-23","895.10"
"2009-06-22","893.04"
"2009-06-19","921.23"
"2009-06-18","918.37"
"2009-06-17","910.71"
"2009-06-16","911.97"
"2009-06-15","923.72"
"2009-06-12","946.21"
"2009-06-11","944.89"
"2009-06-10","939.15"
"2009-06-09","942.43"
"2009-06-08","939.14"
"2009-06-05","940.09"
"2009-06-04","942.46"
"2009-06-03","931.76"
"2009-06-02","944.74"
"2009-06-01","942.87"
"2009-05-29","919.14"
"2009-05-28","906.83"
"2009-05-27","893.06"
"2009-05-26","910.33"
"2009-05-22","887.00"
"2009-05-21","888.33"
"2009-05-20","903.47"
"2009-05-19","908.13"
"2009-05-18","909.71"
"2009-05-15","882.88"
"2009-05-14","893.07"
"2009-05-13","883.92"
"2009-05-12","908.35"
"2009-05-11","909.24"
"2009-05-08","929.23"
"2009-05-07","907.39"
"2009-05-06","919.53"
"2009-05-05","903.80"
"2009-05-04","907.24"
"2009-05-01","877.52"
"2009-04-30","872.81"
"2009-04-29","873.64"
"2009-04-28","855.16"
"2009-04-27","857.51"
"2009-04-24","866.23"
"2009-04-23","851.92"
"2009-04-22","843.55"
"2009-04-21","850.08"
"2009-04-20","832.39"
"2009-04-17","869.60"
"2009-04-16","865.30"
"2009-04-15","852.06"
"2009-04-14","841.50"
"2009-04-13","858.73"
"2009-04-09","856.56"
"2009-04-08","825.16"
"2009-04-07","815.55"
"2009-04-06","835.48"
"2009-04-03","842.50"
"2009-04-02","834.38"
"2009-04-01","811.08"
"2009-03-31","797.87"
"2009-03-30","787.53"
"2009-03-27","815.94"
"2009-03-26","832.86"
"2009-03-25","813.88"
"2009-03-24","806.12"
"2009-03-23","822.92"
"2009-03-20","768.54"
"2009-03-19","784.04"
"2009-03-18","794.35"
"2009-03-17","778.12"
"2009-03-16","753.89"
"2009-03-13","756.55"
"2009-03-12","750.74"
"2009-03-11","721.36"
"2009-03-10","719.60"
"2009-03-09","676.53"
"2009-03-06","683.38"
"2009-03-05","682.55"
"2009-03-04","712.87"
"2009-03-03","696.33"
"2009-03-02","700.82"
"2009-02-27","735.09"
"2009-02-26","752.83"
"2009-02-25","764.90"
"2009-02-24","773.14"
"2009-02-23","743.33"
"2009-02-20","770.05"
"2009-02-19","778.94"
"2009-02-18","788.42"
"2009-02-17","789.17"
"2009-02-13","826.84"
"2009-02-12","835.19"
"2009-02-11","833.74"
"2009-02-10","827.16"
"2009-02-09","869.89"
"2009-02-06","868.60"
"2009-02-05","845.85"
"2009-02-04","832.23"
"2009-02-03","838.51"
"2009-02-02","825.44"
"2009-01-30","825.88"
"2009-01-29","845.14"
"2009-01-28","874.09"
"2009-01-27","845.71"
"2009-01-26","836.57"
"2009-01-23","831.95"
"2009-01-22","827.50"
"2009-01-21","840.24"
"2009-01-20","805.22"
"2009-01-16","850.12"
"2009-01-15","843.74"
"2009-01-14","842.62"
"2009-01-13","871.79"
"2009-01-12","870.26"
"2009-01-09","890.35"
"2009-01-08","909.73"
"2009-01-07","906.65"
"2009-01-06","934.70"
"2009-01-05","927.45"
"2009-01-02","931.80"
"2008-12-31","903.25"
"2008-12-30","890.64"
"2008-12-29","869.42"
"2008-12-26","872.80"
"2008-12-24","868.15"
"2008-12-23","863.16"
"2008-12-22","871.63"
"2008-12-19","887.88"
"2008-12-18","885.28"
"2008-12-17","904.42"
"2008-12-16","913.18"
"2008-12-15","868.57"
"2008-12-12","879.73"
"2008-12-11","873.59"
"2008-12-10","899.24"
"2008-12-09","888.67"
"2008-12-08","909.70"
"2008-12-05","876.07"
"2008-12-04","845.22"
"2008-12-03","870.74"
"2008-12-02","848.81"
"2008-12-01","816.21"
"2008-11-28","896.24"
"2008-11-26","887.68"
"2008-11-25","857.39"
"2008-11-24","851.81"
"2008-11-21","800.03"
"2008-11-20","752.44"
"2008-11-19","806.58"
"2008-11-18","859.12"
"2008-11-17","850.75"
"2008-11-14","873.29"
"2008-11-13","911.29"
"2008-11-12","852.30"
"2008-11-11","898.95"
"2008-11-10","919.21"
"2008-11-07","930.99"
"2008-11-06","904.88"
"2008-11-05","952.77"
"2008-11-04","1,005.75"
"2008-11-03","966.30"
"2008-10-31","968.75"
"2008-10-30","954.09"
"2008-10-29","930.09"
"2008-10-28","940.51"
"2008-10-27","848.92"
"2008-10-24","876.77"
"2008-10-23","908.11"
"2008-10-22","896.78"
"2008-10-21","955.05"
"2008-10-20","985.40"
"2008-10-17","940.55"
"2008-10-16","946.43"
"2008-10-15","907.84"
"2008-10-14","998.01"
"2008-10-13","1,003.35"
"2008-10-10","899.22"
"2008-10-09","909.92"
"2008-10-08","984.94"
"2008-10-07","996.23"
"2008-10-06","1,056.89"
"2008-10-03","1,099.23"
"2008-10-02","1,114.28"
"2008-10-01","1,161.06"
"2008-09-30","1,166.36"
"2008-09-29","1,106.42"
"2008-09-26","1,213.27"
"2008-09-25","1,209.18"
"2008-09-24","1,185.87"
"2008-09-23","1,188.22"
"2008-09-22","1,207.09"
"2008-09-19","1,255.08"
"2008-09-18","1,206.51"
"2008-09-17","1,156.39"
"2008-09-16","1,213.60"
"2008-09-15","1,192.70"
"2008-09-12","1,251.70"
"2008-09-11","1,249.05"
"2008-09-10","1,232.04"
"2008-09-09","1,224.51"
"2008-09-08","1,267.79"
"2008-09-05","1,242.31"
"2008-09-04","1,236.83"
"2008-09-03","1,274.98"
"2008-09-02","1,277.58"
"2008-08-29","1,282.83"
"2008-08-28","1,300.68"
"2008-08-27","1,281.66"
"2008-08-26","1,271.51"
"2008-08-25","1,266.84"
"2008-08-22","1,292.20"
"2008-08-21","1,277.72"
"2008-08-20","1,274.54"
"2008-08-19","1,266.69"
"2008-08-18","1,278.60"
"2008-08-15","1,298.20"
"2008-08-14","1,292.93"
"2008-08-13","1,285.83"
"2008-08-12","1,289.59"
"2008-08-11","1,305.32"
"2008-08-08","1,296.32"
"2008-08-07","1,266.07"
"2008-08-06","1,289.19"
"2008-08-05","1,284.88"
"2008-08-04","1,249.01"
"2008-08-01","1,260.31"
"2008-07-31","1,267.38"
"2008-07-30","1,284.26"
"2008-07-29","1,263.20"
"2008-07-28","1,234.37"
"2008-07-25","1,257.76"
"2008-07-24","1,252.54"
"2008-07-23","1,282.19"
"2008-07-22","1,277.00"
"2008-07-21","1,260.00"
"2008-07-18","1,260.68"
"2008-07-17","1,260.32"
"2008-07-16","1,245.36"
"2008-07-15","1,214.91"
"2008-07-14","1,228.30"
"2008-07-11","1,239.49"
"2008-07-10","1,253.39"
"2008-07-09","1,244.69"
"2008-07-08","1,273.70"
"2008-07-07","1,252.31"
"2008-07-03","1,262.90"
"2008-07-02","1,261.52"
"2008-07-01","1,284.91"
"2008-06-30","1,280.00"
"2008-06-27","1,278.38"
"2008-06-26","1,283.15"
"2008-06-25","1,321.97"
"2008-06-24","1,314.29"
"2008-06-23","1,318.00"
"2008-06-20","1,317.93"
"2008-06-19","1,342.83"
"2008-06-18","1,337.81"
"2008-06-17","1,350.93"
"2008-06-16","1,360.14"
"2008-06-13","1,360.03"
"2008-06-12","1,339.87"
"2008-06-11","1,335.49"
"2008-06-10","1,358.44"
"2008-06-09","1,361.76"
"2008-06-06","1,360.68"
"2008-06-05","1,404.05"
"2008-06-04","1,377.20"
"2008-06-03","1,377.65"
"2008-06-02","1,385.67"
"2008-05-30","1,400.38"
"2008-05-29","1,398.26"
"2008-05-28","1,390.84"
"2008-05-27","1,385.35"
"2008-05-23","1,375.93"
"2008-05-22","1,394.35"
"2008-05-21","1,390.71"
"2008-05-20","1,413.40"
"2008-05-19","1,426.63"
"2008-05-16","1,425.35"
"2008-05-15","1,423.57"
"2008-05-14","1,408.66"
"2008-05-13","1,403.04"
"2008-05-12","1,403.58"
"2008-05-09","1,388.28"
"2008-05-08","1,397.68"
"2008-05-07","1,392.57"
"2008-05-06","1,418.26"
"2008-05-05","1,407.49"
"2008-05-02","1,413.90"
"2008-05-01","1,409.34"
"2008-04-30","1,385.59"
"2008-04-29","1,390.94"
"2008-04-28","1,396.37"
"2008-04-25","1,397.84"
"2008-04-24","1,388.82"
"2008-04-23","1,379.93"
"2008-04-22","1,375.94"
"2008-04-21","1,388.17"
"2008-04-18","1,390.33"
"2008-04-17","1,365.56"
"2008-04-16","1,364.71"
"2008-04-15","1,334.43"
"2008-04-14","1,328.32"
"2008-04-11","1,332.83"
"2008-04-10","1,360.55"
"2008-04-09","1,354.49"
"2008-04-08","1,365.54"
"2008-04-07","1,372.54"
"2008-04-04","1,370.40"
"2008-04-03","1,369.31"
"2008-04-02","1,367.53"
"2008-04-01","1,370.18"
"2008-03-31","1,322.70"
"2008-03-28","1,315.22"
"2008-03-27","1,325.76"
"2008-03-26","1,341.13"
"2008-03-25","1,352.99"
"2008-03-24","1,349.88"
"2008-03-20","1,329.51"
"2008-03-19","1,298.42"
"2008-03-18","1,330.74"
"2008-03-17","1,276.60"
"2008-03-14","1,288.14"
"2008-03-13","1,315.48"
"2008-03-12","1,308.77"
"2008-03-11","1,320.65"
"2008-03-10","1,273.37"
"2008-03-07","1,293.37"
"2008-03-06","1,304.34"
"2008-03-05","1,333.70"
"2008-03-04","1,326.75"
"2008-03-03","1,331.34"
"2008-02-29","1,330.63"
"2008-02-28","1,367.68"
"2008-02-27","1,380.02"
"2008-02-26","1,381.29"
"2008-02-25","1,371.80"
"2008-02-22","1,353.11"
"2008-02-21","1,342.53"
"2008-02-20","1,360.03"
"2008-02-19","1,348.78"
"2008-02-15","1,349.99"
"2008-02-14","1,348.86"
"2008-02-13","1,367.21"
"2008-02-12","1,348.86"
"2008-02-11","1,339.13"
"2008-02-08","1,331.29"
"2008-02-07","1,336.91"
"2008-02-06","1,326.45"
"2008-02-05","1,336.64"
"2008-02-04","1,380.82"
"2008-02-01","1,395.42"
"2008-01-31","1,378.55"
"2008-01-30","1,355.81"
"2008-01-29","1,362.30"
"2008-01-28","1,353.96"
"2008-01-25","1,330.61"
"2008-01-24","1,352.07"
"2008-01-23","1,338.60"
"2008-01-22","1,310.50"
"2008-01-18","1,325.19"
"2008-01-17","1,333.25"
"2008-01-16","1,373.20"
"2008-01-15","1,380.95"
"2008-01-14","1,416.25"
"2008-01-11","1,401.02"
"2008-01-10","1,420.33"
"2008-01-09","1,409.13"
"2008-01-08","1,390.19"
"2008-01-07","1,416.18"
"2008-01-04","1,411.63"
"2008-01-03","1,447.16"
"2008-01-02","1,447.16"
"2007-12-31","1,468.36"
"2007-12-28","1,478.49"
"2007-12-27","1,476.27"
"2007-12-26","1,497.66"
"2007-12-24","1,496.45"
"2007-12-21","1,484.46"
"2007-12-20","1,460.12"
"2007-12-19","1,453.00"
"2007-12-18","1,454.98"
"2007-12-17","1,445.90"
"2007-12-14","1,467.95"
"2007-12-13","1,488.41"
"2007-12-12","1,486.59"
"2007-12-11","1,477.65"
"2007-12-10","1,515.96"
"2007-12-07","1,504.66"
"2007-12-06","1,507.34"
"2007-12-05","1,485.01"
"2007-12-04","1,462.79"
"2007-12-03","1,472.42"
"2007-11-30","1,481.14"
"2007-11-29","1,469.72"
"2007-11-28","1,469.02"
"2007-11-27","1,428.23"
"2007-11-26","1,407.22"
"2007-11-23","1,440.70"
"2007-11-21","1,416.77"
"2007-11-20","1,439.70"
"2007-11-19","1,433.27"
"2007-11-16","1,458.74"
"2007-11-15","1,451.15"
"2007-11-14","1,470.58"
"2007-11-13","1,481.05"
"2007-11-12","1,439.18"
"2007-11-09","1,453.70"
"2007-11-08","1,474.77"
"2007-11-07","1,475.62"
"2007-11-06","1,520.27"
"2007-11-05","1,502.17"
"2007-11-02","1,509.65"
"2007-11-01","1,508.44"
"2007-10-31","1,549.38"
"2007-10-30","1,531.02"
"2007-10-29","1,540.98"
"2007-10-26","1,535.28"
"2007-10-25","1,514.40"
"2007-10-24","1,515.88"
"2007-10-23","1,519.59"
"2007-10-22","1,506.33"
"2007-10-19","1,500.63"
"2007-10-18","1,540.08"
"2007-10-17","1,541.24"
"2007-10-16","1,538.53"
"2007-10-15","1,548.71"
"2007-10-12","1,561.80"
"2007-10-11","1,554.41"
"2007-10-10","1,562.47"
"2007-10-09","1,565.15"
"2007-10-08","1,552.58"
"2007-10-05","1,557.59"
"2007-10-04","1,542.84"
"2007-10-03","1,539.59"
"2007-10-02","1,546.63"
"2007-10-01","1,547.04"
"2007-09-28","1,526.75"
"2007-09-27","1,531.38"
"2007-09-26","1,525.42"
"2007-09-25","1,517.21"
"2007-09-24","1,517.73"
"2007-09-21","1,525.75"
"2007-09-20","1,518.75"
"2007-09-19","1,529.03"
"2007-09-18","1,519.78"
"2007-09-17","1,476.65"
"2007-09-14","1,484.25"
"2007-09-13","1,483.95"
"2007-09-12","1,471.56"
"2007-09-11","1,471.49"
"2007-09-10","1,451.70"
"2007-09-07","1,453.55"
"2007-09-06","1,478.55"
"2007-09-05","1,472.29"
"2007-09-04","1,489.42"
"2007-08-31","1,473.99"
"2007-08-30","1,457.64"
"2007-08-29","1,463.76"
"2007-08-28","1,432.36"
"2007-08-27","1,466.79"
"2007-08-24","1,479.37"
"2007-08-23","1,462.50"
"2007-08-22","1,464.07"
"2007-08-21","1,447.12"
"2007-08-20","1,445.55"
"2007-08-17","1,445.94"
"2007-08-16","1,411.27"
"2007-08-15","1,406.70"
"2007-08-14","1,426.54"
"2007-08-13","1,452.92"
"2007-08-10","1,453.64"
"2007-08-09","1,453.09"
"2007-08-08","1,497.49"
"2007-08-07","1,476.71"
"2007-08-06","1,467.67"
"2007-08-03","1,433.06"
"2007-08-02","1,472.20"
"2007-08-01","1,465.81"
"2007-07-31","1,455.27"
"2007-07-30","1,473.91"
"2007-07-27","1,458.95"
"2007-07-26","1,482.66"
"2007-07-25","1,518.09"
"2007-07-24","1,511.04"
"2007-07-23","1,541.57"
"2007-07-20","1,534.10"
"2007-07-19","1,553.08"
"2007-07-18","1,546.17"
"2007-07-17","1,549.37"
"2007-07-16","1,549.52"
"2007-07-13","1,552.50"
"2007-07-12","1,547.70"
"2007-07-11","1,518.76"
"2007-07-10","1,510.12"
"2007-07-09","1,531.85"
"2007-07-06","1,530.44"
"2007-07-05","1,525.40"
"2007-07-03","1,524.87"
"2007-07-02","1,519.43"
"2007-06-29","1,503.35"
"2007-06-28","1,505.71"
"2007-06-27","1,506.34"
"2007-06-26","1,492.89"
"2007-06-25","1,497.74"
"2007-06-22","1,502.56"
"2007-06-21","1,522.19"
"2007-06-20","1,512.84"
"2007-06-19","1,533.70"
"2007-06-18","1,531.05"
"2007-06-15","1,532.91"
"2007-06-14","1,522.97"
"2007-06-13","1,515.67"
"2007-06-12","1,493.00"
"2007-06-11","1,509.12"
"2007-06-08","1,507.67"
"2007-06-07","1,490.72"
"2007-06-06","1,517.38"
"2007-06-05","1,530.95"
"2007-06-04","1,539.18"
"2007-06-01","1,536.34"
"2007-05-31","1,530.62"
"2007-05-30","1,530.23"
"2007-05-29","1,518.11"
"2007-05-25","1,515.73"
"2007-05-24","1,507.51"
"2007-05-23","1,522.28"
"2007-05-22","1,524.12"
"2007-05-21","1,525.10"
"2007-05-18","1,522.75"
"2007-05-17","1,512.75"
"2007-05-16","1,514.14"
"2007-05-15","1,501.19"
"2007-05-14","1,503.15"
"2007-05-11","1,505.85"
"2007-05-10","1,491.47"
"2007-05-09","1,512.58"
"2007-05-08","1,507.72"
"2007-05-07","1,509.48"
"2007-05-04","1,505.62"
"2007-05-03","1,502.39"
"2007-05-02","1,495.92"
"2007-05-01","1,486.30"
"2007-04-30","1,482.37"
"2007-04-27","1,494.07"
"2007-04-26","1,494.25"
"2007-04-25","1,495.42"
"2007-04-24","1,480.41"
"2007-04-23","1,480.93"
"2007-04-20","1,484.35"
"2007-04-19","1,470.73"
"2007-04-18","1,472.50"
"2007-04-17","1,471.48"
"2007-04-16","1,468.33"
"2007-04-13","1,452.85"
"2007-04-12","1,447.80"
"2007-04-11","1,438.87"
"2007-04-10","1,448.39"
"2007-04-09","1,444.61"
"2007-04-05","1,443.76"
"2007-04-04","1,439.37"
"2007-04-03","1,437.77"
"2007-04-02","1,424.55"
"2007-03-30","1,420.86"
"2007-03-29","1,422.53"
"2007-03-28","1,417.23"
"2007-03-27","1,428.61"
"2007-03-26","1,437.50"
"2007-03-23","1,436.11"
"2007-03-22","1,434.54"
"2007-03-21","1,435.04"
"2007-03-20","1,410.94"
"2007-03-19","1,402.06"
"2007-03-16","1,386.95"
"2007-03-15","1,392.28"
"2007-03-14","1,387.17"
"2007-03-13","1,377.95"
"2007-03-12","1,406.60"
"2007-03-09","1,402.84"
"2007-03-08","1,401.89"
"2007-03-07","1,391.97"
"2007-03-06","1,395.41"
"2007-03-05","1,374.12"
"2007-03-02","1,387.17"
"2007-03-01","1,403.17"
"2007-02-28","1,406.82"
"2007-02-27","1,399.04"
"2007-02-26","1,449.37"
"2007-02-23","1,451.19"
"2007-02-22","1,456.38"
"2007-02-21","1,457.63"
"2007-02-20","1,459.68"
"2007-02-16","1,455.54"
"2007-02-15","1,456.81"
"2007-02-14","1,455.30"
"2007-02-13","1,444.26"
"2007-02-12","1,433.37"
"2007-02-09","1,438.06"
"2007-02-08","1,448.31"
"2007-02-07","1,450.02"
"2007-02-06","1,448.00"
"2007-02-05","1,446.99"
"2007-02-02","1,448.39"
"2007-02-01","1,445.94"
"2007-01-31","1,438.24"
"2007-01-30","1,428.82"
"2007-01-29","1,420.62"
"2007-01-26","1,422.18"
"2007-01-25","1,423.90"
"2007-01-24","1,440.13"
"2007-01-23","1,427.99"
"2007-01-22","1,422.95"
"2007-01-19","1,430.50"
"2007-01-18","1,426.37"
"2007-01-17","1,430.62"
"2007-01-16","1,431.90"
"2007-01-12","1,430.73"
"2007-01-11","1,423.82"
"2007-01-10","1,414.85"
"2007-01-09","1,412.11"
"2007-01-08","1,412.84"
"2007-01-05","1,409.71"
"2007-01-04","1,418.34"
"2007-01-03","1,416.60"
"2006-12-29","1,418.30"
"2006-12-28","1,424.73"
"2006-12-27","1,426.84"
"2006-12-26","1,416.90"
"2006-12-22","1,410.76"
"2006-12-21","1,418.30"
"2006-12-20","1,423.53"
"2006-12-19","1,425.55"
"2006-12-18","1,422.48"
"2006-12-15","1,427.09"
"2006-12-14","1,425.49"
"2006-12-13","1,413.21"
"2006-12-12","1,411.56"
"2006-12-11","1,413.04"
"2006-12-08","1,409.84"
"2006-12-07","1,407.29"
"2006-12-06","1,412.90"
"2006-12-05","1,414.76"
"2006-12-04","1,409.12"
"2006-12-01","1,396.71"
"2006-11-30","1,400.63"
"2006-11-29","1,399.48"
"2006-11-28","1,386.72"
"2006-11-27","1,381.96"
"2006-11-24","1,400.95"
"2006-11-22","1,406.09"
"2006-11-21","1,402.81"
"2006-11-20","1,400.50"
"2006-11-17","1,401.20"
"2006-11-16","1,399.76"
"2006-11-15","1,396.57"
"2006-11-14","1,393.22"
"2006-11-13","1,384.42"
"2006-11-10","1,380.90"
"2006-11-09","1,378.33"
"2006-11-08","1,385.72"
"2006-11-07","1,382.84"
"2006-11-06","1,379.78"
"2006-11-03","1,364.30"
"2006-11-02","1,367.34"
"2006-11-01","1,367.81"
"2006-10-31","1,377.94"
"2006-10-30","1,377.93"
"2006-10-27","1,377.34"
"2006-10-26","1,389.08"
"2006-10-25","1,382.22"
"2006-10-24","1,377.38"
"2006-10-23","1,377.02"
"2006-10-20","1,368.60"
"2006-10-19","1,366.96"
"2006-10-18","1,365.80"
"2006-10-17","1,364.05"
"2006-10-16","1,369.06"
"2006-10-13","1,365.62"
"2006-10-12","1,362.83"
"2006-10-11","1,349.95"
"2006-10-10","1,353.42"
"2006-10-09","1,350.66"
"2006-10-06","1,349.59"
"2006-10-05","1,353.22"
"2006-10-04","1,350.20"
"2006-10-03","1,334.11"
"2006-10-02","1,331.32"
"2006-09-29","1,335.85"
"2006-09-28","1,338.88"
"2006-09-27","1,336.59"
"2006-09-26","1,336.35"
"2006-09-25","1,326.37"
"2006-09-22","1,314.78"
"2006-09-21","1,318.03"
"2006-09-20","1,325.18"
"2006-09-19","1,317.64"
"2006-09-18","1,321.18"
"2006-09-15","1,319.66"
"2006-09-14","1,316.28"
"2006-09-13","1,318.07"
"2006-09-12","1,313.00"
"2006-09-11","1,299.54"
"2006-09-08","1,298.92"
"2006-09-07","1,294.02"
"2006-09-06","1,300.26"
"2006-09-05","1,313.25"
"2006-09-01","1,311.01"
"2006-08-31","1,303.82"
"2006-08-30","1,305.37"
"2006-08-29","1,304.28"
"2006-08-28","1,301.78"
"2006-08-25","1,295.09"
"2006-08-24","1,296.06"
"2006-08-23","1,292.99"
"2006-08-22","1,298.82"
"2006-08-21","1,297.52"
"2006-08-18","1,302.30"
"2006-08-17","1,297.48"
"2006-08-16","1,295.43"
"2006-08-15","1,285.58"
"2006-08-14","1,268.21"
"2006-08-11","1,266.74"
"2006-08-10","1,271.81"
"2006-08-09","1,265.95"
"2006-08-08","1,271.48"
"2006-08-07","1,275.77"
"2006-08-04","1,279.36"
"2006-08-03","1,280.27"
"2006-08-02","1,277.41"
"2006-08-01","1,270.92"
"2006-07-31","1,276.66"
"2006-07-28","1,278.55"
"2006-07-27","1,263.20"
"2006-07-26","1,268.40"
"2006-07-25","1,268.88"
"2006-07-24","1,260.91"
"2006-07-21","1,240.29"
"2006-07-20","1,249.13"
"2006-07-19","1,259.81"
"2006-07-18","1,236.86"
"2006-07-17","1,234.49"
"2006-07-14","1,236.20"
"2006-07-13","1,242.28"
"2006-07-12","1,258.60"
"2006-07-11","1,272.43"
"2006-07-10","1,267.34"
"2006-07-07","1,265.48"
"2006-07-06","1,274.08"
"2006-07-05","1,270.91"
"2006-07-03","1,280.19"
"2006-06-30","1,270.20"
"2006-06-29","1,272.87"
"2006-06-28","1,246.00"
"2006-06-27","1,239.20"
"2006-06-26","1,250.56"
"2006-06-23","1,244.50"
"2006-06-22","1,245.60"
"2006-06-21","1,252.20"
"2006-06-20","1,240.12"
"2006-06-19","1,240.13"
"2006-06-16","1,251.54"
"2006-06-15","1,256.16"
"2006-06-14","1,230.04"
"2006-06-13","1,223.69"
"2006-06-12","1,237.44"
"2006-06-09","1,252.30"
"2006-06-08","1,257.93"
"2006-06-07","1,256.15"
"2006-06-06","1,263.85"
"2006-06-05","1,265.29"
"2006-06-02","1,288.22"
"2006-06-01","1,285.71"
"2006-05-31","1,270.09"
"2006-05-30","1,259.87"
"2006-05-26","1,280.16"
"2006-05-25","1,272.88"
"2006-05-24","1,258.57"
"2006-05-23","1,256.58"
"2006-05-22","1,262.07"
"2006-05-19","1,267.03"
"2006-05-18","1,261.81"
"2006-05-17","1,270.32"
"2006-05-16","1,292.08"
"2006-05-15","1,294.50"
"2006-05-12","1,291.24"
"2006-05-11","1,305.92"
"2006-05-10","1,322.85"
"2006-05-09","1,325.14"
"2006-05-08","1,324.66"
"2006-05-05","1,325.76"
"2006-05-04","1,312.25"
"2006-05-03","1,308.12"
"2006-05-02","1,313.21"
"2006-05-01","1,305.19"
"2006-04-28","1,310.61"
"2006-04-27","1,309.72"
"2006-04-26","1,305.41"
"2006-04-25","1,301.74"
"2006-04-24","1,308.11"
"2006-04-21","1,311.28"
"2006-04-20","1,311.46"
"2006-04-19","1,309.93"
"2006-04-18","1,307.28"
"2006-04-17","1,285.33"
"2006-04-13","1,289.12"
"2006-04-12","1,288.12"
"2006-04-11","1,286.57"
"2006-04-10","1,296.62"
"2006-04-07","1,295.50"
"2006-04-06","1,309.04"
"2006-04-05","1,311.56"
"2006-04-04","1,305.93"
"2006-04-03","1,297.81"
"2006-03-31","1,294.87"
"2006-03-30","1,300.25"
"2006-03-29","1,302.89"
"2006-03-28","1,293.23"
"2006-03-27","1,301.61"
"2006-03-24","1,302.95"
"2006-03-23","1,301.67"
"2006-03-22","1,305.04"
"2006-03-21","1,297.23"
"2006-03-20","1,305.08"
"2006-03-17","1,307.25"
"2006-03-16","1,305.33"
"2006-03-15","1,303.02"
"2006-03-14","1,297.48"
"2006-03-13","1,284.13"
"2006-03-10","1,281.42"
"2006-03-09","1,272.23"
"2006-03-08","1,278.47"
"2006-03-07","1,275.88"
"2006-03-06","1,278.26"
"2006-03-03","1,287.23"
"2006-03-02","1,289.14"
"2006-03-01","1,291.24"
"2006-02-28","1,280.66"
"2006-02-27","1,294.12"
"2006-02-24","1,289.43"
"2006-02-23","1,287.79"
"2006-02-22","1,292.67"
"2006-02-21","1,283.03"
"2006-02-17","1,287.24"
"2006-02-16","1,289.38"
"2006-02-15","1,280.00"
"2006-02-14","1,275.53"
"2006-02-13","1,262.86"
"2006-02-10","1,266.99"
"2006-02-09","1,263.78"
"2006-02-08","1,265.65"
"2006-02-07","1,254.78"
"2006-02-06","1,265.02"
"2006-02-03","1,264.03"
"2006-02-02","1,270.84"
"2006-02-01","1,282.46"
"2006-01-31","1,280.08"
"2006-01-30","1,285.19"
"2006-01-27","1,283.72"
"2006-01-26","1,273.83"
"2006-01-25","1,264.68"
"2006-01-24","1,266.86"
"2006-01-23","1,263.82"
"2006-01-20","1,261.49"
"2006-01-19","1,285.04"
"2006-01-18","1,277.93"
"2006-01-17","1,282.93"
"2006-01-13","1,287.61"
"2006-01-12","1,286.06"
"2006-01-11","1,294.18"
"2006-01-10","1,289.69"
"2006-01-09","1,290.15"
"2006-01-06","1,285.45"
"2006-01-05","1,273.48"
"2006-01-04","1,273.46"
"2006-01-03","1,268.80"
"2005-12-30","1,248.29"
"2005-12-29","1,254.42"
"2005-12-28","1,258.17"
"2005-12-27","1,256.54"
"2005-12-23","1,268.66"
"2005-12-22","1,268.12"
"2005-12-21","1,262.79"
"2005-12-20","1,259.62"
"2005-12-19","1,259.92"
"2005-12-16","1,267.32"
"2005-12-15","1,270.94"
"2005-12-14","1,272.74"
"2005-12-13","1,267.43"
"2005-12-12","1,260.43"
"2005-12-09","1,259.37"
"2005-12-08","1,255.84"
"2005-12-07","1,257.37"
"2005-12-06","1,263.70"
"2005-12-05","1,262.09"
"2005-12-02","1,265.08"
"2005-12-01","1,264.67"
"2005-11-30","1,249.48"
"2005-11-29","1,257.48"
"2005-11-28","1,257.46"
"2005-11-25","1,268.25"
"2005-11-23","1,265.61"
"2005-11-22","1,261.23"
"2005-11-21","1,254.85"
"2005-11-18","1,248.27"
"2005-11-17","1,242.80"
"2005-11-16","1,231.21"
"2005-11-15","1,229.01"
"2005-11-14","1,233.76"
"2005-11-11","1,234.72"
"2005-11-10","1,230.96"
"2005-11-09","1,220.65"
"2005-11-08","1,218.59"
"2005-11-07","1,222.81"
"2005-11-04","1,220.14"
"2005-11-03","1,219.94"
"2005-11-02","1,214.76"
"2005-11-01","1,202.76"
"2005-10-31","1,207.01"
"2005-10-28","1,198.41"
"2005-10-27","1,178.90"
"2005-10-26","1,191.38"
"2005-10-25","1,196.54"
"2005-10-24","1,199.38"
"2005-10-21","1,179.59"
"2005-10-20","1,177.80"
"2005-10-19","1,195.76"
"2005-10-18","1,178.14"
"2005-10-17","1,190.10"
"2005-10-14","1,186.57"
"2005-10-13","1,176.84"
"2005-10-12","1,177.68"
"2005-10-11","1,184.87"
"2005-10-10","1,187.33"
"2005-10-07","1,195.90"
"2005-10-06","1,191.49"
"2005-10-05","1,196.39"
"2005-10-04","1,214.47"
"2005-10-03","1,226.70"
"2005-09-30","1,228.81"
"2005-09-29","1,227.68"
"2005-09-28","1,216.89"
"2005-09-27","1,215.66"
"2005-09-26","1,215.63"
"2005-09-23","1,215.29"
"2005-09-22","1,214.62"
"2005-09-21","1,210.20"
"2005-09-20","1,221.34"
"2005-09-19","1,231.02"
"2005-09-16","1,237.91"
"2005-09-15","1,227.73"
"2005-09-14","1,227.16"
"2005-09-13","1,231.20"
"2005-09-12","1,240.56"
"2005-09-09","1,241.48"
"2005-09-08","1,231.67"
"2005-09-07","1,236.36"
"2005-09-06","1,233.39"
"2005-09-02","1,218.02"
"2005-09-01","1,221.59"
"2005-08-31","1,220.33"
"2005-08-30","1,208.41"
"2005-08-29","1,212.28"
"2005-08-26","1,205.10"
"2005-08-25","1,212.37"
"2005-08-24","1,209.59"
"2005-08-23","1,217.59"
"2005-08-22","1,221.73"
"2005-08-19","1,219.71"
"2005-08-18","1,219.02"
"2005-08-17","1,220.24"
"2005-08-16","1,219.34"
"2005-08-15","1,233.87"
"2005-08-12","1,230.39"
"2005-08-11","1,237.81"
"2005-08-10","1,229.13"
"2005-08-09","1,231.38"
"2005-08-08","1,223.13"
"2005-08-05","1,226.42"
"2005-08-04","1,235.86"
"2005-08-03","1,245.04"
"2005-08-02","1,244.12"
"2005-08-01","1,235.35"
"2005-07-29","1,234.18"
"2005-07-28","1,243.72"
"2005-07-27","1,236.79"
"2005-07-26","1,231.16"
"2005-07-25","1,229.03"
"2005-07-22","1,233.68"
"2005-07-21","1,227.04"
"2005-07-20","1,235.20"
"2005-07-19","1,229.35"
"2005-07-18","1,221.13"
"2005-07-15","1,227.92"
"2005-07-14","1,226.50"
"2005-07-13","1,223.29"
"2005-07-12","1,222.21"
"2005-07-11","1,219.44"
"2005-07-08","1,211.86"
"2005-07-07","1,197.87"
"2005-07-06","1,194.94"
"2005-07-05","1,204.99"
"2005-07-01","1,194.44"
"2005-06-30","1,191.33"
"2005-06-29","1,199.85"
"2005-06-28","1,201.57"
"2005-06-27","1,190.69"
"2005-06-24","1,191.57"
"2005-06-23","1,200.73"
"2005-06-22","1,213.88"
"2005-06-21","1,213.61"
"2005-06-20","1,216.10"
"2005-06-17","1,216.96"
"2005-06-16","1,210.96"
"2005-06-15","1,206.58"
"2005-06-14","1,203.91"
"2005-06-13","1,200.82"
"2005-06-10","1,198.11"
"2005-06-09","1,200.93"
"2005-06-08","1,194.67"
"2005-06-07","1,197.26"
"2005-06-06","1,197.51"
"2005-06-03","1,196.02"
"2005-06-02","1,204.29"
"2005-06-01","1,202.22"
"2005-05-31","1,191.50"
"2005-05-27","1,198.78"
"2005-05-26","1,197.62"
"2005-05-25","1,190.01"
"2005-05-24","1,194.07"
"2005-05-23","1,193.86"
"2005-05-20","1,189.28"
"2005-05-19","1,191.08"
"2005-05-18","1,185.56"
"2005-05-17","1,173.80"
"2005-05-16","1,165.69"
"2005-05-13","1,154.05"
"2005-05-12","1,159.36"
"2005-05-11","1,171.11"
"2005-05-10","1,166.22"
"2005-05-09","1,178.84"
"2005-05-06","1,171.35"
"2005-05-05","1,172.63"
"2005-05-04","1,175.65"
"2005-05-03","1,161.17"
"2005-05-02","1,162.16"
"2005-04-29","1,156.85"
"2005-04-28","1,143.22"
"2005-04-27","1,156.38"
"2005-04-26","1,151.83"
"2005-04-25","1,162.10"
"2005-04-22","1,152.12"
"2005-04-21","1,159.95"
"2005-04-20","1,137.50"
"2005-04-19","1,152.78"
"2005-04-18","1,145.98"
"2005-04-15","1,142.62"
"2005-04-14","1,162.05"
"2005-04-13","1,173.79"
"2005-04-12","1,187.76"
"2005-04-11","1,181.21"
"2005-04-08","1,181.20"
"2005-04-07","1,191.14"
"2005-04-06","1,184.07"
"2005-04-05","1,181.39"
"2005-04-04","1,176.12"
"2005-04-01","1,172.92"
"2005-03-31","1,180.59"
"2005-03-30","1,181.41"
"2005-03-29","1,165.36"
"2005-03-28","1,174.28"
"2005-03-24","1,171.42"
"2005-03-23","1,172.53"
"2005-03-22","1,171.71"
"2005-03-21","1,183.78"
"2005-03-18","1,189.65"
"2005-03-17","1,190.21"
"2005-03-16","1,188.07"
"2005-03-15","1,197.75"
"2005-03-14","1,206.83"
"2005-03-11","1,200.08"
"2005-03-10","1,209.25"
"2005-03-09","1,207.01"
"2005-03-08","1,219.43"
"2005-03-07","1,225.31"
"2005-03-04","1,222.12"
"2005-03-03","1,210.47"
"2005-03-02","1,210.08"
"2005-03-01","1,210.41"
"2005-02-28","1,203.60"
"2005-02-25","1,211.37"
"2005-02-24","1,200.20"
"2005-02-23","1,190.80"
"2005-02-22","1,184.16"
"2005-02-18","1,201.59"
"2005-02-17","1,200.75"
"2005-02-16","1,210.34"
"2005-02-15","1,210.12"
"2005-02-14","1,206.14"
"2005-02-11","1,205.30"
"2005-02-10","1,197.01"
"2005-02-09","1,191.99"
"2005-02-08","1,202.30"
"2005-02-07","1,201.72"
"2005-02-04","1,203.03"
"2005-02-03","1,189.89"
"2005-02-02","1,193.19"
"2005-02-01","1,189.41"
"2005-01-31","1,181.27"
"2005-01-28","1,171.36"
"2005-01-27","1,174.55"
"2005-01-26","1,174.07"
"2005-01-25","1,168.41"
"2005-01-24","1,163.75"
"2005-01-21","1,167.87"
"2005-01-20","1,175.41"
"2005-01-19","1,184.63"
"2005-01-18","1,195.98"
"2005-01-14","1,184.52"
"2005-01-13","1,177.45"
"2005-01-12","1,187.70"
"2005-01-11","1,182.99"
"2005-01-10","1,190.25"
"2005-01-07","1,186.19"
"2005-01-06","1,187.89"
"2005-01-05","1,183.74"
"2005-01-04","1,188.05"
"2005-01-03","1,202.08"
"2004-12-31","1,211.92"
"2004-12-30","1,213.55"
"2004-12-29","1,213.45"
"2004-12-28","1,213.54"
"2004-12-27","1,204.92"
"2004-12-23","1,210.13"
"2004-12-22","1,209.57"
"2004-12-21","1,205.45"
"2004-12-20","1,194.65"
"2004-12-17","1,194.20"
"2004-12-16","1,203.21"
"2004-12-15","1,205.72"
"2004-12-14","1,203.38"
"2004-12-13","1,198.68"
"2004-12-10","1,188.00"
"2004-12-09","1,189.24"
"2004-12-08","1,182.81"
"2004-12-07","1,177.07"
"2004-12-06","1,190.25"
"2004-12-03","1,191.17"
"2004-12-02","1,190.33"
"2004-12-01","1,191.37"
"2004-11-30","1,173.82"
"2004-11-29","1,178.57"
"2004-11-26","1,182.65"
"2004-11-24","1,181.76"
"2004-11-23","1,176.94"
"2004-11-22","1,177.24"
"2004-11-19","1,170.34"
"2004-11-18","1,183.55"
"2004-11-17","1,181.94"
"2004-11-16","1,175.43"
"2004-11-15","1,183.81"
"2004-11-12","1,184.17"
"2004-11-11","1,173.48"
"2004-11-10","1,162.91"
"2004-11-09","1,164.08"
"2004-11-08","1,164.89"
"2004-11-05","1,166.17"
"2004-11-04","1,161.67"
"2004-11-03","1,143.20"
"2004-11-02","1,130.56"
"2004-11-01","1,130.51"
"2004-10-29","1,130.20"
"2004-10-28","1,127.44"
"2004-10-27","1,125.40"
"2004-10-26","1,111.09"
"2004-10-25","1,094.80"
"2004-10-22","1,095.74"
"2004-10-21","1,106.49"
"2004-10-20","1,103.66"
"2004-10-19","1,103.23"
"2004-10-18","1,114.02"
"2004-10-15","1,108.20"
"2004-10-14","1,103.29"
"2004-10-13","1,113.65"
"2004-10-12","1,121.84"
"2004-10-11","1,124.39"
"2004-10-08","1,122.14"
"2004-10-07","1,130.65"
"2004-10-06","1,142.05"
"2004-10-05","1,134.48"
"2004-10-04","1,135.17"
"2004-10-01","1,131.50"
"2004-09-30","1,114.58"
"2004-09-29","1,114.80"
"2004-09-28","1,110.06"
"2004-09-27","1,103.52"
"2004-09-24","1,110.11"
"2004-09-23","1,108.36"
"2004-09-22","1,113.56"
"2004-09-21","1,129.30"
"2004-09-20","1,122.20"
"2004-09-17","1,128.55"
"2004-09-16","1,123.50"
"2004-09-15","1,120.37"
"2004-09-14","1,128.33"
"2004-09-13","1,125.82"
"2004-09-10","1,123.92"
"2004-09-09","1,118.38"
"2004-09-08","1,116.27"
"2004-09-07","1,121.30"
"2004-09-03","1,113.63"
"2004-09-02","1,118.31"
"2004-09-01","1,105.91"
"2004-08-31","1,104.24"
"2004-08-30","1,099.15"
"2004-08-27","1,107.77"
"2004-08-26","1,105.09"
"2004-08-25","1,104.96"
"2004-08-24","1,096.19"
"2004-08-23","1,095.68"
"2004-08-20","1,098.35"
"2004-08-19","1,091.23"
"2004-08-18","1,095.17"
"2004-08-17","1,081.71"
"2004-08-16","1,079.34"
"2004-08-13","1,064.80"
"2004-08-12","1,063.23"
"2004-08-11","1,075.79"
"2004-08-10","1,079.04"
"2004-08-09","1,065.22"
"2004-08-06","1,063.97"
"2004-08-05","1,080.70"
"2004-08-04","1,098.63"
"2004-08-03","1,099.69"
"2004-08-02","1,106.62"
"2004-07-30","1,101.72"
"2004-07-29","1,100.43"
"2004-07-28","1,095.42"
"2004-07-27","1,094.83"
"2004-07-26","1,084.07"
"2004-07-23","1,086.20"
"2004-07-22","1,096.84"
"2004-07-21","1,093.88"
"2004-07-20","1,108.67"
"2004-07-19","1,100.90"
"2004-07-16","1,101.39"
"2004-07-15","1,106.69"
"2004-07-14","1,111.47"
"2004-07-13","1,115.14"
"2004-07-12","1,114.35"
"2004-07-09","1,112.81"
"2004-07-08","1,109.11"
"2004-07-07","1,118.33"
"2004-07-06","1,116.21"
"2004-07-02","1,125.38"
"2004-07-01","1,128.94"
"2004-06-30","1,140.84"
"2004-06-29","1,136.20"
"2004-06-28","1,133.35"
"2004-06-25","1,134.43"
"2004-06-24","1,140.65"
"2004-06-23","1,144.06"
"2004-06-22","1,134.41"
"2004-06-21","1,130.30"
"2004-06-18","1,135.02"
"2004-06-17","1,132.05"
"2004-06-16","1,133.56"
"2004-06-15","1,132.01"
"2004-06-14","1,125.29"
"2004-06-10","1,136.47"
"2004-06-09","1,131.33"
"2004-06-08","1,142.18"
"2004-06-07","1,140.42"
"2004-06-04","1,122.50"
"2004-06-03","1,116.64"
"2004-06-02","1,124.99"
"2004-06-01","1,121.20"
"2004-05-28","1,120.68"
"2004-05-27","1,121.28"
"2004-05-26","1,114.94"
"2004-05-25","1,113.05"
"2004-05-24","1,095.41"
"2004-05-21","1,093.56"
"2004-05-20","1,089.19"
"2004-05-19","1,088.68"
"2004-05-18","1,091.49"
"2004-05-17","1,084.10"
"2004-05-14","1,095.70"
"2004-05-13","1,096.44"
"2004-05-12","1,097.28"
"2004-05-11","1,095.45"
"2004-05-10","1,087.12"
"2004-05-07","1,098.70"
"2004-05-06","1,113.99"
"2004-05-05","1,121.53"
"2004-05-04","1,119.55"
"2004-05-03","1,117.49"
"2004-04-30","1,107.30"
"2004-04-29","1,113.89"
"2004-04-28","1,122.41"
"2004-04-27","1,138.11"
"2004-04-26","1,135.53"
"2004-04-23","1,140.60"
"2004-04-22","1,139.93"
"2004-04-21","1,124.09"
"2004-04-20","1,118.15"
"2004-04-19","1,135.82"
"2004-04-16","1,134.61"
"2004-04-15","1,128.84"
"2004-04-14","1,128.17"
"2004-04-13","1,129.44"
"2004-04-12","1,145.20"
"2004-04-08","1,139.32"
"2004-04-07","1,140.53"
"2004-04-06","1,148.16"
"2004-04-05","1,150.57"
"2004-04-02","1,141.81"
"2004-04-01","1,132.17"
"2004-03-31","1,126.21"
"2004-03-30","1,127.00"
"2004-03-29","1,122.47"
"2004-03-26","1,108.06"
"2004-03-25","1,109.19"
"2004-03-24","1,091.33"
"2004-03-23","1,093.95"
"2004-03-22","1,095.40"
"2004-03-19","1,109.78"
"2004-03-18","1,122.32"
"2004-03-17","1,123.75"
"2004-03-16","1,110.70"
"2004-03-15","1,104.49"
"2004-03-12","1,120.57"
"2004-03-11","1,106.78"
"2004-03-10","1,123.89"
"2004-03-09","1,140.58"
"2004-03-08","1,147.20"
"2004-03-05","1,156.86"
"2004-03-04","1,154.87"
"2004-03-03","1,151.03"
"2004-03-02","1,149.10"
"2004-03-01","1,155.97"
"2004-02-27","1,144.94"
"2004-02-26","1,144.91"
"2004-02-25","1,143.67"
"2004-02-24","1,139.09"
"2004-02-23","1,140.99"
"2004-02-20","1,144.11"
"2004-02-19","1,147.06"
"2004-02-18","1,151.82"
"2004-02-17","1,156.99"
"2004-02-13","1,145.81"
"2004-02-12","1,152.11"
"2004-02-11","1,157.76"
"2004-02-10","1,145.54"
"2004-02-09","1,139.81"
"2004-02-06","1,142.76"
"2004-02-05","1,128.59"
"2004-02-04","1,126.52"
"2004-02-03","1,136.03"
"2004-02-02","1,135.26"
"2004-01-30","1,131.13"
"2004-01-29","1,134.11"
"2004-01-28","1,128.48"
"2004-01-27","1,144.05"
"2004-01-26","1,155.37"
"2004-01-23","1,141.55"
"2004-01-22","1,143.94"
"2004-01-21","1,147.62"
"2004-01-20","1,138.77"
"2004-01-16","1,139.83"
"2004-01-15","1,132.05"
"2004-01-14","1,130.52"
"2004-01-13","1,121.22"
"2004-01-12","1,127.23"
"2004-01-09","1,121.86"
"2004-01-08","1,131.92"
"2004-01-07","1,126.33"
"2004-01-06","1,123.67"
"2004-01-05","1,122.22"
"2004-01-02","1,108.48"
"2003-12-31","1,111.92"
"2003-12-30","1,109.64"
"2003-12-29","1,109.48"
"2003-12-26","1,095.89"
"2003-12-24","1,094.04"
"2003-12-23","1,096.02"
"2003-12-22","1,092.94"
"2003-12-19","1,088.66"
"2003-12-18","1,089.18"
"2003-12-17","1,076.48"
"2003-12-16","1,075.13"
"2003-12-15","1,068.04"
"2003-12-12","1,074.14"
"2003-12-11","1,071.21"
"2003-12-10","1,059.05"
"2003-12-09","1,060.18"
"2003-12-08","1,069.30"
"2003-12-05","1,061.50"
"2003-12-04","1,069.72"
"2003-12-03","1,064.73"
"2003-12-02","1,066.62"
"2003-12-01","1,070.12"
"2003-11-28","1,058.20"
"2003-11-26","1,058.45"
"2003-11-25","1,053.89"
"2003-11-24","1,052.08"
"2003-11-21","1,035.28"
"2003-11-20","1,033.65"
"2003-11-19","1,042.44"
"2003-11-18","1,034.15"
"2003-11-17","1,043.63"
"2003-11-14","1,050.35"
"2003-11-13","1,058.41"
"2003-11-12","1,058.53"
"2003-11-11","1,046.57"
"2003-11-10","1,047.11"
"2003-11-07","1,053.21"
"2003-11-06","1,058.05"
"2003-11-05","1,051.81"
"2003-11-04","1,053.25"
"2003-11-03","1,059.02"
"2003-10-31","1,050.71"
"2003-10-30","1,046.94"
"2003-10-29","1,048.11"
"2003-10-28","1,046.79"
"2003-10-27","1,031.13"
"2003-10-24","1,028.91"
"2003-10-23","1,033.77"
"2003-10-22","1,030.36"
"2003-10-21","1,046.03"
"2003-10-20","1,044.68"
"2003-10-17","1,039.32"
"2003-10-16","1,050.07"
"2003-10-15","1,046.76"
"2003-10-14","1,049.48"
"2003-10-13","1,045.35"
"2003-10-10","1,038.06"
"2003-10-09","1,038.73"
"2003-10-08","1,033.78"
"2003-10-07","1,039.25"
"2003-10-06","1,034.35"
"2003-10-03","1,029.85"
"2003-10-02","1,020.24"
"2003-10-01","1,018.22"
"2003-09-30","995.97"
"2003-09-29","1,006.58"
"2003-09-26","996.85"
"2003-09-25","1,003.27"
"2003-09-24","1,009.38"
"2003-09-23","1,029.03"
"2003-09-22","1,022.82"
"2003-09-19","1,036.30"
"2003-09-18","1,039.58"
"2003-09-17","1,025.97"
"2003-09-16","1,029.32"
"2003-09-15","1,014.81"
"2003-09-12","1,018.63"
"2003-09-11","1,016.42"
"2003-09-10","1,010.92"
"2003-09-09","1,023.17"
"2003-09-08","1,031.64"
"2003-09-05","1,021.39"
"2003-09-04","1,027.97"
"2003-09-03","1,026.27"
"2003-09-02","1,021.99"
"2003-08-29","1,008.01"
"2003-08-28","1,002.84"
"2003-08-27","996.79"
"2003-08-26","996.73"
"2003-08-25","993.71"
"2003-08-22","993.06"
"2003-08-21","1,003.27"
"2003-08-20","1,000.30"
"2003-08-19","1,002.35"
"2003-08-18","999.74"
"2003-08-15","990.67"
"2003-08-14","990.51"
"2003-08-13","984.03"
"2003-08-12","990.35"
"2003-08-11","980.59"
"2003-08-08","977.59"
"2003-08-07","974.12"
"2003-08-06","967.08"
"2003-08-05","965.46"
"2003-08-04","982.82"
"2003-08-01","980.15"
"2003-07-31","990.31"
"2003-07-30","987.49"
"2003-07-29","989.28"
"2003-07-28","996.52"
"2003-07-25","998.68"
"2003-07-24","981.60"
"2003-07-23","988.61"
"2003-07-22","988.11"
"2003-07-21","978.80"
"2003-07-18","993.32"
"2003-07-17","981.73"
"2003-07-16","994.09"
"2003-07-15","1,000.42"
"2003-07-14","1,003.86"
"2003-07-11","998.14"
"2003-07-10","988.70"
"2003-07-09","1,002.21"
"2003-07-08","1,007.84"
"2003-07-07","1,004.42"
"2003-07-03","985.70"
"2003-07-02","993.75"
"2003-07-01","982.32"
"2003-06-30","974.50"
"2003-06-27","976.22"
"2003-06-26","985.82"
"2003-06-25","975.32"
"2003-06-24","983.45"
"2003-06-23","981.64"
"2003-06-20","995.69"
"2003-06-19","994.70"
"2003-06-18","1,010.09"
"2003-06-17","1,011.66"
"2003-06-16","1,010.74"
"2003-06-13","988.61"
"2003-06-12","998.51"
"2003-06-11","997.48"
"2003-06-10","984.84"
"2003-06-09","975.93"
"2003-06-06","987.76"
"2003-06-05","990.14"
"2003-06-04","986.24"
"2003-06-03","971.56"
"2003-06-02","967.00"
"2003-05-30","963.59"
"2003-05-29","949.64"
"2003-05-28","953.22"
"2003-05-27","951.48"
"2003-05-23","933.22"
"2003-05-22","931.87"
"2003-05-21","923.42"
"2003-05-20","919.73"
"2003-05-19","920.77"
"2003-05-16","944.30"
"2003-05-15","946.67"
"2003-05-14","939.28"
"2003-05-13","942.30"
"2003-05-12","945.11"
"2003-05-09","933.41"
"2003-05-08","920.27"
"2003-05-07","929.62"
"2003-05-06","934.39"
"2003-05-05","926.55"
"2003-05-02","930.08"
"2003-05-01","916.30"
"2003-04-30","916.92"
"2003-04-29","917.84"
"2003-04-28","914.84"
"2003-04-25","898.81"
"2003-04-24","911.43"
"2003-04-23","919.02"
"2003-04-22","911.37"
"2003-04-21","892.01"
"2003-04-17","893.58"
"2003-04-16","879.91"
"2003-04-15","890.81"
"2003-04-14","885.23"
"2003-04-11","868.30"
"2003-04-10","871.58"
"2003-04-09","865.99"
"2003-04-08","878.29"
"2003-04-07","879.93"
"2003-04-04","878.85"
"2003-04-03","876.45"
"2003-04-02","880.90"
"2003-04-01","858.48"
"2003-03-31","848.18"
"2003-03-28","863.50"
"2003-03-27","868.52"
"2003-03-26","869.95"
"2003-03-25","874.74"
"2003-03-24","864.23"
"2003-03-21","895.79"
"2003-03-20","875.67"
"2003-03-19","874.02"
"2003-03-18","866.45"
"2003-03-17","862.79"
"2003-03-14","833.27"
"2003-03-13","831.90"
"2003-03-12","804.19"
"2003-03-11","800.73"
"2003-03-10","807.48"
"2003-03-07","828.89"
"2003-03-06","822.10"
"2003-03-05","829.85"
"2003-03-04","821.99"
"2003-03-03","834.81"
"2003-02-28","841.15"
"2003-02-27","837.28"
"2003-02-26","827.55"
"2003-02-25","838.57"
"2003-02-24","832.58"
"2003-02-21","848.17"
"2003-02-20","837.10"
"2003-02-19","845.13"
"2003-02-18","851.17"
"2003-02-14","834.89"
"2003-02-13","817.37"
"2003-02-12","818.68"
"2003-02-11","829.20"
"2003-02-10","835.97"
"2003-02-07","829.69"
"2003-02-06","838.15"
"2003-02-05","843.59"
"2003-02-04","848.20"
"2003-02-03","860.32"
"2003-01-31","855.70"
"2003-01-30","844.61"
"2003-01-29","864.36"
"2003-01-28","858.54"
"2003-01-27","847.48"
"2003-01-24","861.40"
"2003-01-23","887.34"
"2003-01-22","878.36"
"2003-01-21","887.62"
"2003-01-17","901.78"
"2003-01-16","914.60"
"2003-01-15","918.22"
"2003-01-14","931.66"
"2003-01-13","926.26"
"2003-01-10","927.57"
"2003-01-09","927.57"
"2003-01-08","909.93"
"2003-01-07","922.93"
"2003-01-06","929.01"
"2003-01-03","908.59"
"2003-01-02","909.03"
"2002-12-31","879.82"
"2002-12-30","879.39"
"2002-12-27","875.40"
"2002-12-26","889.66"
"2002-12-24","892.47"
"2002-12-23","897.38"
"2002-12-20","895.76"
"2002-12-19","884.25"
"2002-12-18","891.12"
"2002-12-17","902.99"
"2002-12-16","910.40"
"2002-12-13","889.48"
"2002-12-12","901.58"
"2002-12-11","904.96"
"2002-12-10","904.45"
"2002-12-09","892.00"
"2002-12-06","912.23"
"2002-12-05","906.55"
"2002-12-04","917.58"
"2002-12-03","920.75"
"2002-12-02","934.53"
"2002-11-29","936.31"
"2002-11-27","938.87"
"2002-11-26","913.31"
"2002-11-25","932.87"
"2002-11-22","930.55"
"2002-11-21","933.76"
"2002-11-20","914.15"
"2002-11-19","896.74"
"2002-11-18","900.36"
"2002-11-15","909.83"
"2002-11-14","904.27"
"2002-11-13","882.53"
"2002-11-12","882.95"
"2002-11-11","876.19"
"2002-11-08","894.74"
"2002-11-07","902.65"
"2002-11-06","923.76"
"2002-11-05","915.39"
"2002-11-04","908.35"
"2002-11-01","900.96"
"2002-10-31","885.76"
"2002-10-30","890.71"
"2002-10-29","882.15"
"2002-10-28","890.23"
"2002-10-25","897.65"
"2002-10-24","882.50"
"2002-10-23","896.14"
"2002-10-22","890.16"
"2002-10-21","899.72"
"2002-10-18","884.39"
"2002-10-17","879.20"
"2002-10-16","860.02"
"2002-10-15","881.27"
"2002-10-14","841.44"
"2002-10-11","835.32"
"2002-10-10","803.92"
"2002-10-09","776.76"
"2002-10-08","798.55"
"2002-10-07","785.28"
"2002-10-04","800.58"
"2002-10-03","818.95"
"2002-10-02","827.91"
"2002-10-01","847.91"
"2002-09-30","815.28"
"2002-09-27","827.37"
"2002-09-26","854.95"
"2002-09-25","839.66"
"2002-09-24","819.29"
"2002-09-23","833.70"
"2002-09-20","845.39"
"2002-09-19","843.32"
"2002-09-18","869.46"
"2002-09-17","873.52"
"2002-09-16","891.10"
"2002-09-13","889.81"
"2002-09-12","886.91"
"2002-09-11","909.45"
"2002-09-10","909.58"
"2002-09-09","902.96"
"2002-09-06","893.92"
"2002-09-05","879.15"
"2002-09-04","893.40"
"2002-09-03","878.02"
"2002-08-30","916.07"
"2002-08-29","917.80"
"2002-08-28","917.87"
"2002-08-27","934.82"
"2002-08-26","947.95"
"2002-08-23","940.86"
"2002-08-22","962.70"
"2002-08-21","949.36"
"2002-08-20","937.43"
"2002-08-19","950.70"
"2002-08-16","928.77"
"2002-08-15","930.25"
"2002-08-14","919.62"
"2002-08-13","884.21"
"2002-08-12","903.80"
"2002-08-09","908.64"
"2002-08-08","905.46"
"2002-08-07","876.77"
"2002-08-06","859.57"
"2002-08-05","834.60"
"2002-08-02","864.24"
"2002-08-01","884.66"
"2002-07-31","911.62"
"2002-07-30","902.78"
"2002-07-29","898.96"
"2002-07-26","852.84"
"2002-07-25","838.68"
"2002-07-24","843.43"
"2002-07-23","797.70"
"2002-07-22","819.85"
"2002-07-19","847.75"
"2002-07-18","881.56"
"2002-07-17","906.04"
"2002-07-16","900.94"
"2002-07-15","917.93"
"2002-07-12","921.39"
"2002-07-11","927.37"
"2002-07-10","920.47"
"2002-07-09","952.83"
"2002-07-08","976.98"
"2002-07-05","989.03"
"2002-07-03","953.99"
"2002-07-02","948.09"
"2002-07-01","968.65"
"2002-06-28","989.82"
"2002-06-27","990.64"
"2002-06-26","973.53"
"2002-06-25","976.14"
"2002-06-24","992.72"
"2002-06-21","989.14"
"2002-06-20","1,006.29"
"2002-06-19","1,019.99"
"2002-06-18","1,037.14"
"2002-06-17","1,036.17"
"2002-06-14","1,007.27"
"2002-06-13","1,009.56"
"2002-06-12","1,020.26"
"2002-06-11","1,013.60"
"2002-06-10","1,030.74"
"2002-06-07","1,027.53"
"2002-06-06","1,029.15"
"2002-06-05","1,049.90"
"2002-06-04","1,040.69"
"2002-06-03","1,040.68"
"2002-05-31","1,067.14"
"2002-05-30","1,064.66"
"2002-05-29","1,067.66"
"2002-05-28","1,074.55"
"2002-05-24","1,083.82"
"2002-05-23","1,097.08"
"2002-05-22","1,086.02"
"2002-05-21","1,079.88"
"2002-05-20","1,091.88"
"2002-05-17","1,106.59"
"2002-05-16","1,098.23"
"2002-05-15","1,091.07"
"2002-05-14","1,097.28"
"2002-05-13","1,074.56"
"2002-05-10","1,054.99"
"2002-05-09","1,073.01"
"2002-05-08","1,088.85"
"2002-05-07","1,049.49"
"2002-05-06","1,052.67"
"2002-05-03","1,073.43"
"2002-05-02","1,084.56"
"2002-05-01","1,086.46"
"2002-04-30","1,076.92"
"2002-04-29","1,065.45"
"2002-04-26","1,076.32"
"2002-04-25","1,091.48"
"2002-04-24","1,093.14"
"2002-04-23","1,100.96"
"2002-04-22","1,107.83"
"2002-04-19","1,125.17"
"2002-04-18","1,124.47"
"2002-04-17","1,126.07"
"2002-04-16","1,128.37"
"2002-04-15","1,102.55"
"2002-04-12","1,111.01"
"2002-04-11","1,103.69"
"2002-04-10","1,130.47"
"2002-04-09","1,117.80"
"2002-04-08","1,125.29"
"2002-04-05","1,122.73"
"2002-04-04","1,126.34"
"2002-04-03","1,125.40"
"2002-04-02","1,136.76"
"2002-04-01","1,146.54"
"2002-03-28","1,147.39"
"2002-03-27","1,144.58"
"2002-03-26","1,138.49"
"2002-03-25","1,131.87"
"2002-03-22","1,148.70"
"2002-03-21","1,153.59"
"2002-03-20","1,151.85"
"2002-03-19","1,170.29"
"2002-03-18","1,165.55"
"2002-03-15","1,166.16"
"2002-03-14","1,153.04"
"2002-03-13","1,154.09"
"2002-03-12","1,165.58"
"2002-03-11","1,168.26"
"2002-03-08","1,164.31"
"2002-03-07","1,157.54"
"2002-03-06","1,162.77"
"2002-03-05","1,146.14"
"2002-03-04","1,153.84"
"2002-03-01","1,131.78"
"2002-02-28","1,106.73"
"2002-02-27","1,109.89"
"2002-02-26","1,109.38"
"2002-02-25","1,109.43"
"2002-02-22","1,089.84"
"2002-02-21","1,080.95"
"2002-02-20","1,097.98"
"2002-02-19","1,083.34"
"2002-02-15","1,104.18"
"2002-02-14","1,116.48"
"2002-02-13","1,118.51"
"2002-02-12","1,107.50"
"2002-02-11","1,111.94"
"2002-02-08","1,096.22"
"2002-02-07","1,080.17"
"2002-02-06","1,083.51"
"2002-02-05","1,090.02"
"2002-02-04","1,094.44"
"2002-02-01","1,122.20"
"2002-01-31","1,130.20"
"2002-01-30","1,113.57"
"2002-01-29","1,100.64"
"2002-01-28","1,133.06"
"2002-01-25","1,133.28"
"2002-01-24","1,132.15"
"2002-01-23","1,128.18"
"2002-01-22","1,119.31"
"2002-01-18","1,127.58"
"2002-01-17","1,138.88"
"2002-01-16","1,127.57"
"2002-01-15","1,146.19"
"2002-01-14","1,138.41"
"2002-01-11","1,145.60"
"2002-01-10","1,156.55"
"2002-01-09","1,155.14"
"2002-01-08","1,160.71"
"2002-01-07","1,164.89"
"2002-01-04","1,172.51"
"2002-01-03","1,165.27"
"2002-01-02","1,154.67"
"2001-12-31","1,148.08"
"2001-12-28","1,161.02"
"2001-12-27","1,157.13"
"2001-12-26","1,149.37"
"2001-12-24","1,144.65"
"2001-12-21","1,144.89"
"2001-12-20","1,139.93"
"2001-12-19","1,149.56"
"2001-12-18","1,142.92"
"2001-12-17","1,134.36"
"2001-12-14","1,123.09"
"2001-12-13","1,119.38"
"2001-12-12","1,137.07"
"2001-12-11","1,136.76"
"2001-12-10","1,139.93"
"2001-12-07","1,158.31"
"2001-12-06","1,167.10"
"2001-12-05","1,170.35"
"2001-12-04","1,144.80"
"2001-12-03","1,129.90"
"2001-11-30","1,139.45"
"2001-11-29","1,140.20"
"2001-11-28","1,128.52"
"2001-11-27","1,149.50"
"2001-11-26","1,157.42"
"2001-11-23","1,150.34"
"2001-11-21","1,137.03"
"2001-11-20","1,142.66"
"2001-11-19","1,151.06"
"2001-11-16","1,138.65"
"2001-11-15","1,142.24"
"2001-11-14","1,141.21"
"2001-11-13","1,139.09"
"2001-11-12","1,118.33"
"2001-11-09","1,120.31"
"2001-11-08","1,118.54"
"2001-11-07","1,115.80"
"2001-11-06","1,118.86"
"2001-11-05","1,102.84"
"2001-11-02","1,087.20"
"2001-11-01","1,084.10"
"2001-10-31","1,059.78"
"2001-10-30","1,059.79"
"2001-10-29","1,078.30"
"2001-10-26","1,104.61"
"2001-10-25","1,100.09"
"2001-10-24","1,085.20"
"2001-10-23","1,084.78"
"2001-10-22","1,089.90"
"2001-10-19","1,073.48"
"2001-10-18","1,068.61"
"2001-10-17","1,077.09"
"2001-10-16","1,097.54"
"2001-10-15","1,089.98"
"2001-10-12","1,091.65"
"2001-10-11","1,097.43"
"2001-10-10","1,080.99"
"2001-10-09","1,056.75"
"2001-10-08","1,062.44"
"2001-10-05","1,071.38"
"2001-10-04","1,069.63"
"2001-10-03","1,072.28"
"2001-10-02","1,051.33"
"2001-10-01","1,038.55"
"2001-09-28","1,040.94"
"2001-09-27","1,018.61"
"2001-09-26","1,007.04"
"2001-09-25","1,012.27"
"2001-09-24","1,003.45"
"2001-09-21","965.80"
"2001-09-20","984.54"
"2001-09-19","1,016.10"
"2001-09-18","1,032.74"
"2001-09-17","1,038.77"
"2001-09-10","1,092.54"
"2001-09-07","1,085.78"
"2001-09-06","1,106.40"
"2001-09-05","1,131.74"
"2001-09-04","1,132.94"
"2001-08-31","1,133.58"
"2001-08-30","1,129.03"
"2001-08-29","1,148.56"
"2001-08-28","1,161.51"
"2001-08-27","1,179.21"
"2001-08-24","1,184.93"
"2001-08-23","1,162.09"
"2001-08-22","1,165.31"
"2001-08-21","1,157.26"
"2001-08-20","1,171.41"
"2001-08-17","1,161.97"
"2001-08-16","1,181.66"
"2001-08-15","1,178.02"
"2001-08-14","1,186.73"
"2001-08-13","1,191.29"
"2001-08-10","1,190.16"
"2001-08-09","1,183.43"
"2001-08-08","1,183.53"
"2001-08-07","1,204.40"
"2001-08-06","1,200.48"
"2001-08-03","1,214.35"
"2001-08-02","1,220.75"
"2001-08-01","1,215.93"
"2001-07-31","1,211.23"
"2001-07-30","1,204.52"
"2001-07-27","1,205.82"
"2001-07-26","1,202.93"
"2001-07-25","1,190.49"
"2001-07-24","1,171.65"
"2001-07-23","1,191.03"
"2001-07-20","1,210.85"
"2001-07-19","1,215.02"
"2001-07-18","1,207.71"
"2001-07-17","1,214.44"
"2001-07-16","1,202.45"
"2001-07-13","1,215.68"
"2001-07-12","1,208.14"
"2001-07-11","1,180.18"
"2001-07-10","1,181.52"
"2001-07-09","1,198.78"
"2001-07-06","1,190.59"
"2001-07-05","1,219.24"
"2001-07-03","1,234.45"
"2001-07-02","1,236.72"
"2001-06-29","1,224.38"
"2001-06-28","1,226.20"
"2001-06-27","1,211.07"
"2001-06-26","1,216.76"
"2001-06-25","1,218.60"
"2001-06-22","1,225.35"
"2001-06-21","1,237.04"
"2001-06-20","1,223.14"
"2001-06-19","1,212.58"
"2001-06-18","1,208.43"
"2001-06-15","1,214.36"
"2001-06-14","1,219.87"
"2001-06-13","1,241.60"
"2001-06-12","1,255.85"
"2001-06-11","1,254.39"
"2001-06-08","1,264.96"
"2001-06-07","1,276.96"
"2001-06-06","1,270.03"
"2001-06-05","1,283.57"
"2001-06-04","1,267.11"
"2001-06-01","1,260.67"
"2001-05-31","1,255.82"
"2001-05-30","1,248.08"
"2001-05-29","1,267.93"
"2001-05-25","1,277.89"
"2001-05-24","1,293.17"
"2001-05-23","1,289.05"
"2001-05-22","1,309.38"
"2001-05-21","1,312.83"
"2001-05-18","1,291.96"
"2001-05-17","1,288.49"
"2001-05-16","1,284.99"
"2001-05-15","1,249.44"
"2001-05-14","1,248.92"
"2001-05-11","1,245.67"
"2001-05-10","1,255.18"
"2001-05-09","1,255.54"
"2001-05-08","1,261.20"
"2001-05-07","1,263.51"
"2001-05-04","1,266.61"
"2001-05-03","1,248.58"
"2001-05-02","1,267.43"
"2001-05-01","1,266.44"
"2001-04-30","1,249.46"
"2001-04-27","1,253.05"
"2001-04-26","1,234.52"
"2001-04-25","1,228.75"
"2001-04-24","1,209.47"
"2001-04-23","1,224.36"
"2001-04-20","1,242.98"
"2001-04-19","1,253.69"
"2001-04-18","1,238.16"
"2001-04-17","1,191.81"
"2001-04-16","1,179.68"
"2001-04-12","1,183.50"
"2001-04-11","1,165.89"
"2001-04-10","1,168.38"
"2001-04-09","1,137.59"
"2001-04-06","1,128.43"
"2001-04-05","1,151.44"
"2001-04-04","1,103.25"
"2001-04-03","1,106.46"
"2001-04-02","1,145.87"
"2001-03-30","1,160.33"
"2001-03-29","1,147.95"
"2001-03-28","1,153.29"
"2001-03-27","1,182.17"
"2001-03-26","1,152.69"
"2001-03-23","1,139.83"
"2001-03-22","1,117.58"
"2001-03-21","1,122.14"
"2001-03-20","1,142.62"
"2001-03-19","1,170.81"
"2001-03-16","1,150.53"
"2001-03-15","1,173.56"
"2001-03-14","1,166.71"
"2001-03-13","1,197.66"
"2001-03-12","1,180.16"
"2001-03-09","1,233.42"
"2001-03-08","1,264.74"
"2001-03-07","1,261.89"
"2001-03-06","1,253.80"
"2001-03-05","1,241.41"
"2001-03-02","1,234.18"
"2001-03-01","1,241.23"
"2001-02-28","1,239.94"
"2001-02-27","1,257.94"
"2001-02-26","1,267.65"
"2001-02-23","1,245.86"
"2001-02-22","1,252.82"
"2001-02-21","1,255.27"
"2001-02-20","1,278.94"
"2001-02-16","1,301.53"
"2001-02-15","1,326.61"
"2001-02-14","1,315.92"
"2001-02-13","1,318.80"
"2001-02-12","1,330.31"
"2001-02-09","1,314.76"
"2001-02-08","1,332.53"
"2001-02-07","1,340.89"
"2001-02-06","1,352.26"
"2001-02-05","1,354.31"
"2001-02-02","1,349.47"
"2001-02-01","1,373.47"
"2001-01-31","1,366.01"
"2001-01-30","1,373.73"
"2001-01-29","1,364.17"
"2001-01-26","1,354.95"
"2001-01-25","1,357.51"
"2001-01-24","1,364.30"
"2001-01-23","1,360.40"
"2001-01-22","1,342.90"
"2001-01-19","1,342.54"
"2001-01-18","1,347.97"
"2001-01-17","1,329.47"
"2001-01-16","1,326.65"
"2001-01-12","1,318.55"
"2001-01-11","1,326.82"
"2001-01-10","1,313.27"
"2001-01-09","1,300.80"
"2001-01-08","1,295.86"
"2001-01-05","1,298.35"
"2001-01-04","1,333.34"
"2001-01-03","1,347.56"
"2001-01-02","1,283.27"
"2000-12-29","1,320.28"
"2000-12-28","1,334.22"
"2000-12-27","1,328.92"
"2000-12-26","1,315.19"
"2000-12-22","1,305.95"
"2000-12-21","1,274.86"
"2000-12-20","1,264.74"
"2000-12-19","1,305.60"
"2000-12-18","1,322.74"
"2000-12-15","1,312.15"
"2000-12-14","1,340.93"
"2000-12-13","1,359.99"
"2000-12-12","1,371.18"
"2000-12-11","1,380.20"
"2000-12-08","1,369.89"
"2000-12-07","1,343.55"
"2000-12-06","1,351.46"
"2000-12-05","1,376.54"
"2000-12-04","1,324.97"
"2000-12-01","1,315.23"
"2000-11-30","1,314.95"
"2000-11-29","1,341.93"
"2000-11-28","1,336.09"
"2000-11-27","1,348.97"
"2000-11-24","1,341.77"
"2000-11-22","1,322.36"
"2000-11-21","1,347.35"
"2000-11-20","1,342.62"
"2000-11-17","1,367.72"
"2000-11-16","1,372.32"
"2000-11-15","1,389.81"
"2000-11-14","1,382.95"
"2000-11-13","1,351.26"
"2000-11-10","1,365.98"
"2000-11-09","1,400.14"
"2000-11-08","1,409.28"
"2000-11-07","1,431.87"
"2000-11-06","1,432.19"
"2000-11-03","1,426.69"
"2000-11-02","1,428.32"
"2000-11-01","1,421.22"
"2000-10-31","1,429.40"
"2000-10-30","1,398.66"
"2000-10-27","1,379.58"
"2000-10-26","1,364.44"
"2000-10-25","1,364.90"
"2000-10-24","1,398.13"
"2000-10-23","1,395.78"
"2000-10-20","1,396.93"
"2000-10-19","1,388.76"
"2000-10-18","1,342.13"
"2000-10-17","1,349.97"
"2000-10-16","1,374.62"
"2000-10-13","1,374.17"
"2000-10-12","1,329.78"
"2000-10-11","1,364.59"
"2000-10-10","1,387.02"
"2000-10-09","1,402.03"
"2000-10-06","1,408.99"
"2000-10-05","1,436.28"
"2000-10-04","1,434.32"
"2000-10-03","1,426.46"
"2000-10-02","1,436.23"
"2000-09-29","1,436.51"
"2000-09-28","1,458.29"
"2000-09-27","1,426.57"
"2000-09-26","1,427.21"
"2000-09-25","1,439.03"
"2000-09-22","1,448.72"
"2000-09-21","1,449.05"
"2000-09-20","1,451.34"
"2000-09-19","1,459.90"
"2000-09-18","1,444.51"
"2000-09-15","1,465.81"
"2000-09-14","1,480.87"
"2000-09-13","1,484.91"
"2000-09-12","1,481.99"
"2000-09-11","1,489.26"
"2000-09-08","1,494.50"
"2000-09-07","1,502.51"
"2000-09-06","1,492.25"
"2000-09-05","1,507.08"
"2000-09-01","1,520.77"
"2000-08-31","1,517.68"
"2000-08-30","1,502.59"
"2000-08-29","1,509.84"
"2000-08-28","1,514.09"
"2000-08-25","1,506.45"
"2000-08-24","1,508.31"
"2000-08-23","1,505.97"
"2000-08-22","1,498.13"
"2000-08-21","1,499.48"
"2000-08-18","1,491.72"
"2000-08-17","1,496.07"
"2000-08-16","1,479.85"
"2000-08-15","1,484.43"
"2000-08-14","1,491.56"
"2000-08-11","1,471.84"
"2000-08-10","1,460.25"
"2000-08-09","1,472.87"
"2000-08-08","1,482.80"
"2000-08-07","1,479.32"
"2000-08-04","1,462.93"
"2000-08-03","1,452.56"
"2000-08-02","1,438.70"
"2000-08-01","1,438.10"
"2000-07-31","1,430.83"
"2000-07-28","1,419.89"
"2000-07-27","1,449.62"
"2000-07-26","1,452.42"
"2000-07-25","1,474.47"
"2000-07-24","1,464.29"
"2000-07-21","1,480.19"
"2000-07-20","1,495.57"
"2000-07-19","1,481.96"
"2000-07-18","1,493.74"
"2000-07-17","1,510.49"
"2000-07-14","1,509.98"
"2000-07-13","1,495.84"
"2000-07-12","1,492.92"
"2000-07-11","1,480.88"
"2000-07-10","1,475.62"
"2000-07-07","1,478.90"
"2000-07-06","1,456.67"
"2000-07-05","1,446.23"
"2000-07-03","1,469.54"
"2000-06-30","1,454.60"
"2000-06-29","1,442.39"
"2000-06-28","1,454.82"
"2000-06-27","1,450.55"
"2000-06-26","1,455.31"
"2000-06-23","1,441.48"
"2000-06-22","1,452.18"
"2000-06-21","1,479.13"
"2000-06-20","1,475.95"
"2000-06-19","1,486.00"
"2000-06-16","1,464.46"
"2000-06-15","1,478.73"
"2000-06-14","1,470.54"
"2000-06-13","1,469.44"
"2000-06-12","1,446.00"
"2000-06-09","1,456.95"
"2000-06-08","1,461.67"
"2000-06-07","1,471.36"
"2000-06-06","1,457.84"
"2000-06-05","1,467.63"
"2000-06-02","1,477.26"
"2000-06-01","1,448.81"
"2000-05-31","1,420.60"
"2000-05-30","1,422.45"
"2000-05-26","1,378.02"
"2000-05-25","1,381.52"
"2000-05-24","1,399.05"
"2000-05-23","1,373.86"
"2000-05-22","1,400.72"
"2000-05-19","1,406.95"
"2000-05-18","1,437.21"
"2000-05-17","1,447.80"
"2000-05-16","1,466.04"
"2000-05-15","1,452.36"
"2000-05-12","1,420.96"
"2000-05-11","1,407.81"
"2000-05-10","1,383.05"
"2000-05-09","1,412.14"
"2000-05-08","1,424.17"
"2000-05-05","1,432.63"
"2000-05-04","1,409.57"
"2000-05-03","1,415.10"
"2000-05-02","1,446.29"
"2000-05-01","1,468.25"
"2000-04-28","1,452.43"
"2000-04-27","1,464.92"
"2000-04-26","1,460.99"
"2000-04-25","1,477.44"
"2000-04-24","1,429.86"
"2000-04-20","1,434.54"
"2000-04-19","1,427.47"
"2000-04-18","1,441.61"
"2000-04-17","1,401.44"
"2000-04-14","1,356.56"
"2000-04-13","1,440.51"
"2000-04-12","1,467.17"
"2000-04-11","1,500.59"
"2000-04-10","1,504.46"
"2000-04-07","1,516.35"
"2000-04-06","1,501.34"
"2000-04-05","1,487.37"
"2000-04-04","1,494.73"
"2000-04-03","1,505.97"
"2000-03-31","1,498.58"
"2000-03-30","1,487.92"
"2000-03-29","1,508.52"
"2000-03-28","1,507.73"
"2000-03-27","1,523.86"
"2000-03-24","1,527.46"
"2000-03-23","1,527.35"
"2000-03-22","1,500.64"
"2000-03-21","1,493.87"
"2000-03-20","1,456.63"
"2000-03-17","1,464.47"
"2000-03-16","1,458.47"
"2000-03-15","1,392.14"
"2000-03-14","1,359.15"
"2000-03-13","1,383.62"
"2000-03-10","1,395.07"
"2000-03-09","1,401.69"
"2000-03-08","1,366.70"
"2000-03-07","1,355.62"
"2000-03-06","1,391.28"
"2000-03-03","1,409.17"
"2000-03-02","1,381.76"
"2000-03-01","1,379.19"
"2000-02-29","1,366.42"
"2000-02-28","1,348.05"
"2000-02-25","1,333.36"
"2000-02-24","1,353.43"
"2000-02-23","1,360.69"
"2000-02-22","1,352.17"
"2000-02-18","1,346.09"
"2000-02-17","1,388.26"
"2000-02-16","1,387.67"
"2000-02-15","1,402.05"
"2000-02-14","1,389.94"
"2000-02-11","1,387.12"
"2000-02-10","1,416.83"
"2000-02-09","1,411.71"
"2000-02-08","1,441.72"
"2000-02-07","1,424.24"
"2000-02-04","1,424.37"
"2000-02-03","1,424.97"
"2000-02-02","1,409.12"
"2000-02-01","1,409.28"
"2000-01-31","1,394.46"
"2000-01-28","1,360.16"
"2000-01-27","1,398.56"
"2000-01-26","1,404.09"
"2000-01-25","1,410.03"
"2000-01-24","1,401.53"
"2000-01-21","1,441.36"
"2000-01-20","1,445.57"
"2000-01-19","1,455.90"
"2000-01-18","1,455.14"
"2000-01-14","1,465.15"
"2000-01-13","1,449.68"
"2000-01-12","1,432.25"
"2000-01-11","1,438.56"
"2000-01-10","1,457.60"
"2000-01-07","1,441.47"
"2000-01-06","1,403.45"
"2000-01-05","1,402.11"
"2000-01-04","1,399.42"
"2000-01-03","1,455.22"
"1999-12-31","1,469.25"
"1999-12-30","1,464.47"
"1999-12-29","1,463.46"
"1999-12-28","1,457.66"
"1999-12-27","1,457.10"
"1999-12-23","1,458.34"
"1999-12-22","1,436.13"
"1999-12-21","1,433.43"
"1999-12-20","1,418.09"
"1999-12-17","1,421.03"
"1999-12-16","1,418.78"
"1999-12-15","1,413.33"
"1999-12-14","1,403.17"
"1999-12-13","1,415.22"
"1999-12-10","1,417.04"
"1999-12-09","1,408.11"
"1999-12-08","1,403.88"
"1999-12-07","1,409.17"
"1999-12-06","1,423.33"
"1999-12-03","1,433.30"
"1999-12-02","1,409.04"
"1999-12-01","1,397.72"
"1999-11-30","1,388.91"
"1999-11-29","1,407.83"
"1999-11-26","1,416.62"
"1999-11-24","1,417.08"
"1999-11-23","1,404.64"
"1999-11-22","1,420.94"
"1999-11-19","1,422.00"
"1999-11-18","1,424.94"
"1999-11-17","1,410.71"
"1999-11-16","1,420.07"
"1999-11-15","1,394.39"
"1999-11-12","1,396.06"
"1999-11-11","1,381.46"
"1999-11-10","1,373.46"
"1999-11-09","1,365.28"
"1999-11-08","1,377.01"
"1999-11-05","1,370.23"
"1999-11-04","1,362.64"
"1999-11-03","1,354.93"
"1999-11-02","1,347.74"
"1999-11-01","1,354.12"
"1999-10-29","1,362.93"
"1999-10-28","1,342.44"
"1999-10-27","1,296.71"
"1999-10-26","1,281.91"
"1999-10-25","1,293.63"
"1999-10-22","1,301.65"
"1999-10-21","1,283.61"
"1999-10-20","1,289.43"
"1999-10-19","1,261.32"
"1999-10-18","1,254.13"
"1999-10-15","1,247.41"
"1999-10-14","1,283.42"
"1999-10-13","1,285.55"
"1999-10-12","1,313.04"
"1999-10-11","1,335.21"
"1999-10-08","1,336.02"
"1999-10-07","1,317.64"
"1999-10-06","1,325.40"
"1999-10-05","1,301.35"
"1999-10-04","1,304.60"
"1999-10-01","1,282.81"
"1999-09-30","1,282.71"
"1999-09-29","1,268.37"
"1999-09-28","1,282.20"
"1999-09-27","1,283.31"
"1999-09-24","1,277.36"
"1999-09-23","1,280.41"
"1999-09-22","1,310.51"
"1999-09-21","1,307.58"
"1999-09-20","1,335.53"
"1999-09-17","1,335.42"
"1999-09-16","1,318.48"
"1999-09-15","1,317.97"
"1999-09-14","1,336.29"
"1999-09-13","1,344.13"
"1999-09-10","1,351.66"
"1999-09-09","1,347.66"
"1999-09-08","1,344.15"
"1999-09-07","1,350.45"
"1999-09-03","1,357.24"
"1999-09-02","1,319.11"
"1999-09-01","1,331.07"
"1999-08-31","1,320.41"
"1999-08-30","1,324.02"
"1999-08-27","1,348.27"
"1999-08-26","1,362.01"
"1999-08-25","1,381.79"
"1999-08-24","1,363.50"
"1999-08-23","1,360.22"
"1999-08-20","1,336.61"
"1999-08-19","1,323.59"
"1999-08-18","1,332.84"
"1999-08-17","1,344.16"
"1999-08-16","1,330.77"
"1999-08-13","1,327.68"
"1999-08-12","1,298.16"
"1999-08-11","1,301.93"
"1999-08-10","1,281.43"
"1999-08-09","1,297.80"
"1999-08-06","1,300.29"
"1999-08-05","1,313.71"
"1999-08-04","1,305.33"
"1999-08-03","1,322.18"
"1999-08-02","1,328.05"
"1999-07-30","1,328.72"
"1999-07-29","1,341.03"
"1999-07-28","1,365.40"
"1999-07-27","1,362.84"
"1999-07-26","1,347.76"
"1999-07-23","1,356.94"
"1999-07-22","1,360.97"
"1999-07-21","1,379.29"
"1999-07-20","1,377.10"
"1999-07-19","1,407.65"
"1999-07-16","1,418.78"
"1999-07-15","1,409.62"
"1999-07-14","1,398.17"
"1999-07-13","1,393.56"
"1999-07-12","1,399.10"
"1999-07-09","1,403.28"
"1999-07-08","1,394.42"
"1999-07-07","1,395.86"
"1999-07-06","1,388.12"
"1999-07-02","1,391.22"
"1999-07-01","1,380.96"
"1999-06-30","1,372.71"
"1999-06-29","1,351.45"
"1999-06-28","1,331.35"
"1999-06-25","1,315.31"
"1999-06-24","1,315.78"
"1999-06-23","1,333.06"
"1999-06-22","1,335.88"
"1999-06-21","1,349.00"
"1999-06-18","1,342.84"
"1999-06-17","1,339.90"
"1999-06-16","1,330.41"
"1999-06-15","1,301.16"
"1999-06-14","1,294.00"
"1999-06-11","1,293.64"
"1999-06-10","1,302.82"
"1999-06-09","1,318.64"
"1999-06-08","1,317.33"
"1999-06-07","1,334.52"
"1999-06-04","1,327.75"
"1999-06-03","1,299.54"
"1999-06-02","1,294.81"
"1999-06-01","1,294.26"
"1999-05-28","1,301.84"
"1999-05-27","1,281.41"
"1999-05-26","1,304.76"
"1999-05-25","1,284.40"
"1999-05-24","1,306.65"
"1999-05-21","1,330.29"
"1999-05-20","1,338.83"
"1999-05-19","1,344.23"
"1999-05-18","1,333.32"
"1999-05-17","1,339.49"
"1999-05-14","1,337.80"
"1999-05-13","1,367.56"
"1999-05-12","1,364.00"
"1999-05-11","1,355.61"
"1999-05-10","1,340.30"
"1999-05-07","1,345.00"
"1999-05-06","1,332.05"
"1999-05-05","1,347.31"
"1999-05-04","1,332.00"
"1999-05-03","1,354.63"
"1999-04-30","1,335.18"
"1999-04-29","1,342.83"
"1999-04-28","1,350.91"
"1999-04-27","1,362.80"
"1999-04-26","1,360.04"
"1999-04-23","1,356.85"
"1999-04-22","1,358.82"
"1999-04-21","1,336.12"
"1999-04-20","1,306.17"
"1999-04-19","1,289.48"
"1999-04-16","1,319.00"
"1999-04-15","1,322.85"
"1999-04-14","1,328.44"
"1999-04-13","1,349.82"
"1999-04-12","1,358.63"
"1999-04-09","1,348.35"
"1999-04-08","1,343.98"
"1999-04-07","1,326.89"
"1999-04-06","1,317.89"
"1999-04-05","1,321.12"
"1999-04-01","1,293.72"
"1999-03-31","1,286.37"
"1999-03-30","1,300.75"
"1999-03-29","1,310.17"
"1999-03-26","1,282.80"
"1999-03-25","1,289.99"
"1999-03-24","1,268.59"
"1999-03-23","1,262.14"
"1999-03-22","1,297.01"
"1999-03-19","1,299.29"
"1999-03-18","1,316.55"
"1999-03-17","1,297.82"
"1999-03-16","1,306.38"
"1999-03-15","1,307.26"
"1999-03-12","1,294.59"
"1999-03-11","1,297.68"
"1999-03-10","1,286.84"
"1999-03-09","1,279.84"
"1999-03-08","1,282.73"
"1999-03-05","1,275.47"
"1999-03-04","1,246.64"
"1999-03-03","1,227.70"
"1999-03-02","1,225.50"
"1999-03-01","1,236.16"
"1999-02-26","1,238.33"
"1999-02-25","1,245.02"
"1999-02-24","1,253.41"
"1999-02-23","1,271.18"
"1999-02-22","1,272.14"
"1999-02-19","1,239.22"
"1999-02-18","1,237.28"
"1999-02-17","1,224.03"
"1999-02-16","1,241.87"
"1999-02-12","1,230.13"
"1999-02-11","1,254.04"
"1999-02-10","1,223.55"
"1999-02-09","1,216.14"
"1999-02-08","1,243.77"
"1999-02-05","1,239.40"
"1999-02-04","1,248.49"
"1999-02-03","1,272.07"
"1999-02-02","1,261.99"
"1999-02-01","1,273.00"
"1999-01-29","1,279.64"
"1999-01-28","1,265.37"
"1999-01-27","1,243.17"
"1999-01-26","1,252.31"
"1999-01-25","1,233.98"
"1999-01-22","1,225.19"
"1999-01-21","1,235.16"
"1999-01-20","1,256.62"
"1999-01-19","1,252.00"
"1999-01-15","1,243.26"
"1999-01-14","1,212.19"
"1999-01-13","1,234.40"
"1999-01-12","1,239.51"
"1999-01-11","1,263.88"
"1999-01-08","1,275.09"
"1999-01-07","1,269.73"
"1999-01-06","1,272.34"
"1999-01-05","1,244.78"
"1999-01-04","1,228.10"
"1998-12-31","1,229.23"
"1998-12-30","1,231.93"
"1998-12-29","1,241.81"
"1998-12-28","1,225.49"
"1998-12-24","1,226.27"
"1998-12-23","1,228.54"
"1998-12-22","1,203.57"
"1998-12-21","1,202.84"
"1998-12-18","1,188.03"
"1998-12-17","1,179.98"
"1998-12-16","1,161.94"
"1998-12-15","1,162.83"
"1998-12-14","1,141.20"
"1998-12-11","1,166.46"
"1998-12-10","1,165.02"
"1998-12-09","1,183.49"
"1998-12-08","1,181.38"
"1998-12-07","1,187.70"
"1998-12-04","1,176.74"
"1998-12-03","1,150.14"
"1998-12-02","1,171.25"
"1998-12-01","1,175.28"
"1998-11-30","1,163.63"
"1998-11-27","1,192.33"
"1998-11-25","1,186.87"
"1998-11-24","1,182.99"
"1998-11-23","1,188.21"
"1998-11-20","1,163.55"
"1998-11-19","1,152.61"
"1998-11-18","1,144.48"
"1998-11-17","1,139.32"
"1998-11-16","1,135.87"
"1998-11-13","1,125.72"
"1998-11-12","1,117.69"
"1998-11-11","1,120.97"
"1998-11-10","1,128.26"
"1998-11-09","1,130.20"
"1998-11-06","1,141.01"
"1998-11-05","1,133.85"
"1998-11-04","1,118.67"
"1998-11-03","1,110.84"
"1998-11-02","1,111.60"
"1998-10-30","1,098.67"
"1998-10-29","1,085.93"
"1998-10-28","1,068.09"
"1998-10-27","1,065.34"
"1998-10-26","1,072.32"
"1998-10-23","1,070.67"
"1998-10-22","1,078.48"
"1998-10-21","1,069.92"
"1998-10-20","1,063.93"
"1998-10-19","1,062.39"
"1998-10-16","1,056.42"
"1998-10-15","1,047.49"
"1998-10-14","1,005.53"
"1998-10-13","994.80"
"1998-10-12","997.71"
"1998-10-09","984.39"
"1998-10-08","959.44"
"1998-10-07","970.68"
"1998-10-06","984.59"
"1998-10-05","988.56"
"1998-10-02","1,002.60"
"1998-10-01","986.39"
"1998-09-30","1,017.01"
"1998-09-29","1,049.02"
"1998-09-28","1,048.69"
"1998-09-25","1,044.75"
"1998-09-24","1,042.72"
"1998-09-23","1,066.09"
"1998-09-22","1,029.63"
"1998-09-21","1,023.89"
"1998-09-18","1,020.09"
"1998-09-17","1,018.87"
"1998-09-16","1,045.48"
"1998-09-15","1,037.68"
"1998-09-14","1,029.72"
"1998-09-11","1,009.06"
"1998-09-10","980.19"
"1998-09-09","1,006.20"
"1998-09-08","1,023.46"
"1998-09-04","973.89"
"1998-09-03","982.26"
"1998-09-02","990.48"
"1998-09-01","994.26"
"1998-08-31","957.28"
"1998-08-28","1,027.14"
"1998-08-27","1,042.59"
"1998-08-26","1,084.19"
"1998-08-25","1,092.85"
"1998-08-24","1,088.14"
"1998-08-21","1,081.24"
"1998-08-20","1,091.60"
"1998-08-19","1,098.06"
"1998-08-18","1,101.20"
"1998-08-17","1,083.67"
"1998-08-14","1,062.75"
"1998-08-13","1,074.91"
"1998-08-12","1,084.22"
"1998-08-11","1,068.98"
"1998-08-10","1,083.14"
"1998-08-07","1,089.45"
"1998-08-06","1,089.63"
"1998-08-05","1,081.43"
"1998-08-04","1,072.12"
"1998-08-03","1,112.44"
"1998-07-31","1,120.67"
"1998-07-30","1,142.95"
"1998-07-29","1,125.21"
"1998-07-28","1,130.24"
"1998-07-27","1,147.27"
"1998-07-24","1,140.80"
"1998-07-23","1,139.75"
"1998-07-22","1,164.08"
"1998-07-21","1,165.07"
"1998-07-20","1,184.10"
"1998-07-17","1,186.75"
"1998-07-16","1,183.99"
"1998-07-15","1,174.81"
"1998-07-14","1,177.58"
"1998-07-13","1,165.19"
"1998-07-10","1,164.33"
"1998-07-09","1,158.56"
"1998-07-08","1,166.38"
"1998-07-07","1,154.66"
"1998-07-06","1,157.33"
"1998-07-02","1,146.42"
"1998-07-01","1,148.56"
"1998-06-30","1,133.84"
"1998-06-29","1,138.49"
"1998-06-26","1,133.20"
"1998-06-25","1,129.28"
"1998-06-24","1,132.88"
"1998-06-23","1,119.49"
"1998-06-22","1,103.21"
"1998-06-19","1,100.65"
"1998-06-18","1,106.37"
"1998-06-17","1,107.11"
"1998-06-16","1,087.59"
"1998-06-15","1,077.01"
"1998-06-12","1,098.84"
"1998-06-11","1,094.58"
"1998-06-10","1,112.28"
"1998-06-09","1,118.41"
"1998-06-08","1,115.72"
"1998-06-05","1,113.86"
"1998-06-04","1,094.83"
"1998-06-03","1,082.73"
"1998-06-02","1,093.22"
"1998-06-01","1,090.98"
"1998-05-29","1,090.82"
"1998-05-28","1,097.60"
"1998-05-27","1,092.23"
"1998-05-26","1,094.02"
"1998-05-22","1,110.47"
"1998-05-21","1,114.64"
"1998-05-20","1,119.06"
"1998-05-19","1,109.52"
"1998-05-18","1,105.82"
"1998-05-15","1,108.73"
"1998-05-14","1,117.37"
"1998-05-13","1,118.86"
"1998-05-12","1,115.79"
"1998-05-11","1,106.64"
"1998-05-08","1,108.14"
"1998-05-07","1,095.14"
"1998-05-06","1,104.92"
"1998-05-05","1,115.50"
"1998-05-04","1,122.07"
"1998-05-01","1,121.00"
"1998-04-30","1,111.75"
"1998-04-29","1,094.62"
"1998-04-28","1,085.11"
"1998-04-27","1,086.54"
"1998-04-24","1,107.90"
"1998-04-23","1,119.58"
"1998-04-22","1,130.54"
"1998-04-21","1,126.67"
"1998-04-20","1,123.65"
"1998-04-17","1,122.72"
"1998-04-16","1,108.17"
"1998-04-15","1,119.32"
"1998-04-14","1,115.75"
"1998-04-13","1,109.69"
"1998-04-09","1,110.67"
"1998-04-08","1,101.65"
"1998-04-07","1,109.55"
"1998-04-06","1,121.38"
"1998-04-03","1,122.70"
"1998-04-02","1,120.01"
"1998-04-01","1,108.15"
"1998-03-31","1,101.75"
"1998-03-30","1,093.60"
"1998-03-27","1,095.44"
"1998-03-26","1,100.80"
"1998-03-25","1,101.93"
"1998-03-24","1,105.65"
"1998-03-23","1,095.55"
"1998-03-20","1,099.16"
"1998-03-19","1,089.74"
"1998-03-18","1,085.52"
"1998-03-17","1,080.45"
"1998-03-16","1,079.27"
"1998-03-13","1,068.61"
"1998-03-12","1,069.92"
"1998-03-11","1,068.47"
"1998-03-10","1,064.25"
"1998-03-09","1,052.31"
"1998-03-06","1,055.69"
"1998-03-05","1,035.05"
"1998-03-04","1,047.33"
"1998-03-03","1,052.02"
"1998-03-02","1,047.70"
"1998-02-27","1,049.34"
"1998-02-26","1,048.67"
"1998-02-25","1,042.90"
"1998-02-24","1,030.56"
"1998-02-23","1,038.14"
"1998-02-20","1,034.21"
"1998-02-19","1,028.28"
"1998-02-18","1,032.08"
"1998-02-17","1,022.76"
"1998-02-13","1,020.09"
"1998-02-12","1,024.14"
"1998-02-11","1,020.01"
"1998-02-10","1,019.01"
"1998-02-09","1,010.74"
"1998-02-06","1,012.46"
"1998-02-05","1,003.54"
"1998-02-04","1,006.90"
"1998-02-03","1,006.00"
"1998-02-02","1,001.27"
"1998-01-30","980.28"
"1998-01-29","985.49"
"1998-01-28","977.46"
"1998-01-27","969.02"
"1998-01-26","956.95"
"1998-01-23","957.59"
"1998-01-22","963.04"
"1998-01-21","970.81"
"1998-01-20","978.60"
"1998-01-16","961.51"
"1998-01-15","950.73"
"1998-01-14","957.94"
"1998-01-13","952.12"
"1998-01-12","939.21"
"1998-01-09","927.69"
"1998-01-08","956.05"
"1998-01-07","964.00"
"1998-01-06","966.58"
"1998-01-05","977.07"
"1998-01-02","975.04"
"1997-12-31","970.43"
"1997-12-30","970.84"
"1997-12-29","953.35"
"1997-12-26","936.46"
"1997-12-24","932.70"
"1997-12-23","939.13"
"1997-12-22","953.70"
"1997-12-19","946.78"
"1997-12-18","955.30"
"1997-12-17","965.54"
"1997-12-16","968.04"
"1997-12-15","963.39"
"1997-12-12","953.39"
"1997-12-11","954.94"
"1997-12-10","969.79"
"1997-12-09","975.78"
"1997-12-08","982.37"
"1997-12-05","983.79"
"1997-12-04","973.10"
"1997-12-03","976.77"
"1997-12-02","971.68"
"1997-12-01","974.77"
"1997-11-28","955.40"
"1997-11-26","951.64"
"1997-11-25","950.82"
"1997-11-24","946.67"
"1997-11-21","963.09"
"1997-11-20","958.98"
"1997-11-19","944.59"
"1997-11-18","938.23"
"1997-11-17","946.20"
"1997-11-14","928.35"
"1997-11-13","916.66"
"1997-11-12","905.96"
"1997-11-11","923.78"
"1997-11-10","921.13"
"1997-11-07","927.51"
"1997-11-06","938.03"
"1997-11-05","942.76"
"1997-11-04","940.76"
"1997-11-03","938.99"
"1997-10-31","914.62"
"1997-10-30","903.68"
"1997-10-29","919.16"
"1997-10-28","921.85"
"1997-10-27","876.99"
"1997-10-24","941.64"
"1997-10-23","950.69"
"1997-10-22","968.49"
"1997-10-21","972.28"
"1997-10-20","955.61"
"1997-10-17","944.16"
"1997-10-16","955.25"
"1997-10-15","965.72"
"1997-10-14","970.28"
"1997-10-13","968.10"
"1997-10-10","966.98"
"1997-10-09","970.62"
"1997-10-08","973.84"
"1997-10-07","983.12"
"1997-10-06","972.69"
"1997-10-03","965.03"
"1997-10-02","960.46"
"1997-10-01","955.41"
"1997-09-30","947.28"
"1997-09-29","953.34"
"1997-09-26","945.22"
"1997-09-25","937.91"
"1997-09-24","944.48"
"1997-09-23","951.93"
"1997-09-22","955.43"
"1997-09-19","950.51"
"1997-09-18","947.29"
"1997-09-17","943.00"
"1997-09-16","945.64"
"1997-09-15","919.77"
"1997-09-12","923.91"
"1997-09-11","912.59"
"1997-09-10","919.03"
"1997-09-09","933.62"
"1997-09-08","931.20"
"1997-09-05","929.05"
"1997-09-04","930.87"
"1997-09-03","927.86"
"1997-09-02","927.58"
"1997-08-29","899.47"
"1997-08-28","903.67"
"1997-08-27","913.70"
"1997-08-26","913.02"
"1997-08-25","920.16"
"1997-08-22","923.54"
"1997-08-21","925.05"
"1997-08-20","939.35"
"1997-08-19","926.01"
"1997-08-18","912.49"
"1997-08-15","900.81"
"1997-08-14","924.77"
"1997-08-13","922.02"
"1997-08-12","926.53"
"1997-08-11","937.00"
"1997-08-08","933.54"
"1997-08-07","951.19"
"1997-08-06","960.32"
"1997-08-05","952.37"
"1997-08-04","950.30"
"1997-08-01","947.14"
"1997-07-31","954.31"
"1997-07-30","952.29"
"1997-07-29","942.29"
"1997-07-28","936.45"
"1997-07-25","938.79"
"1997-07-24","940.30"
"1997-07-23","936.56"
"1997-07-22","933.98"
"1997-07-21","912.94"
"1997-07-18","915.30"
"1997-07-17","931.61"
"1997-07-16","936.59"
"1997-07-15","925.76"
"1997-07-14","918.38"
"1997-07-11","916.68"
"1997-07-10","913.78"
"1997-07-09","907.54"
"1997-07-08","918.75"
"1997-07-07","912.20"
"1997-07-03","916.92"
"1997-07-02","904.03"
"1997-07-01","891.03"
"1997-06-30","885.14"
"1997-06-27","887.30"
"1997-06-26","883.68"
"1997-06-25","888.99"
"1997-06-24","896.34"
"1997-06-23","878.62"
"1997-06-20","898.70"
"1997-06-19","897.99"
"1997-06-18","889.06"
"1997-06-17","894.42"
"1997-06-16","893.90"
"1997-06-13","893.27"
"1997-06-12","883.46"
"1997-06-11","869.57"
"1997-06-10","865.27"
"1997-06-09","862.91"
"1997-06-06","858.01"
"1997-06-05","843.43"
"1997-06-04","840.11"
"1997-06-03","845.48"
"1997-06-02","846.36"
"1997-05-30","848.28"
"1997-05-29","844.08"
"1997-05-28","847.21"
"1997-05-27","849.71"
"1997-05-23","847.03"
"1997-05-22","835.66"
"1997-05-21","839.35"
"1997-05-20","841.66"
"1997-05-19","833.27"
"1997-05-16","829.75"
"1997-05-15","841.88"
"1997-05-14","836.04"
"1997-05-13","833.13"
"1997-05-12","837.66"
"1997-05-09","824.78"
"1997-05-08","820.26"
"1997-05-07","815.62"
"1997-05-06","827.76"
"1997-05-05","830.29"
"1997-05-02","812.97"
"1997-05-01","798.53"
"1997-04-30","801.34"
"1997-04-29","794.05"
"1997-04-28","772.96"
"1997-04-25","765.37"
"1997-04-24","771.18"
"1997-04-23","773.64"
"1997-04-22","774.61"
"1997-04-21","760.37"
"1997-04-18","766.34"
"1997-04-17","761.77"
"1997-04-16","763.53"
"1997-04-15","754.72"
"1997-04-14","743.73"
"1997-04-11","737.65"
"1997-04-10","758.34"
"1997-04-09","760.60"
"1997-04-08","766.12"
"1997-04-07","762.13"
"1997-04-04","757.90"
"1997-04-03","750.32"
"1997-04-02","750.11"
"1997-04-01","759.64"
"1997-03-31","757.12"
"1997-03-27","773.88"
"1997-03-26","790.50"
"1997-03-25","789.07"
"1997-03-24","790.89"
"1997-03-21","784.10"
"1997-03-20","782.65"
"1997-03-19","785.77"
"1997-03-18","789.66"
"1997-03-17","795.71"
"1997-03-14","793.17"
"1997-03-13","789.56"
"1997-03-12","804.26"
"1997-03-11","811.34"
"1997-03-10","813.65"
"1997-03-07","804.97"
"1997-03-06","798.56"
"1997-03-05","801.99"
"1997-03-04","790.95"
"1997-03-03","795.31"
"1997-02-28","790.82"
"1997-02-27","795.07"
"1997-02-26","805.68"
"1997-02-25","812.03"
"1997-02-24","810.28"
"1997-02-21","801.77"
"1997-02-20","802.80"
"1997-02-19","812.49"
"1997-02-18","816.29"
"1997-02-14","808.48"
"1997-02-13","811.82"
"1997-02-12","802.77"
"1997-02-11","789.59"
"1997-02-10","785.43"
"1997-02-07","789.56"
"1997-02-06","780.15"
"1997-02-05","778.28"
"1997-02-04","789.26"
"1997-02-03","786.73"
"1997-01-31","786.16"
"1997-01-30","784.17"
"1997-01-29","772.50"
"1997-01-28","765.02"
"1997-01-27","765.02"
"1997-01-24","770.52"
"1997-01-23","777.56"
"1997-01-22","786.23"
"1997-01-21","782.72"
"1997-01-20","776.70"
"1997-01-17","776.17"
"1997-01-16","769.75"
"1997-01-15","767.20"
"1997-01-14","768.86"
"1997-01-13","759.51"
"1997-01-10","759.50"
"1997-01-09","754.85"
"1997-01-08","748.41"
"1997-01-07","753.23"
"1997-01-06","747.65"
"1997-01-03","748.03"
"1997-01-02","737.01"
"1996-12-31","740.74"
"1996-12-30","753.85"
"1996-12-27","756.79"
"1996-12-26","755.82"
"1996-12-24","751.03"
"1996-12-23","746.92"
"1996-12-20","748.87"
"1996-12-19","745.76"
"1996-12-18","731.54"
"1996-12-17","726.04"
"1996-12-16","720.98"
"1996-12-13","728.64"
"1996-12-12","729.30"
"1996-12-11","740.73"
"1996-12-10","747.54"
"1996-12-09","749.76"
"1996-12-06","739.60"
"1996-12-05","744.38"
"1996-12-04","745.10"
"1996-12-03","748.28"
"1996-12-02","756.56"
"1996-11-29","757.02"
"1996-11-27","755.00"
"1996-11-26","755.96"
"1996-11-25","757.03"
"1996-11-22","748.73"
"1996-11-21","742.75"
"1996-11-20","743.95"
"1996-11-19","742.16"
"1996-11-18","737.02"
"1996-11-15","737.62"
"1996-11-14","735.88"
"1996-11-13","731.13"
"1996-11-12","729.56"
"1996-11-11","731.87"
"1996-11-08","730.82"
"1996-11-07","727.65"
"1996-11-06","724.59"
"1996-11-05","714.14"
"1996-11-04","706.73"
"1996-11-01","703.77"
"1996-10-31","705.27"
"1996-10-30","700.90"
"1996-10-29","701.50"
"1996-10-28","697.26"
"1996-10-25","700.92"
"1996-10-24","702.29"
"1996-10-23","707.27"
"1996-10-22","706.57"
"1996-10-21","709.85"
"1996-10-18","710.82"
"1996-10-17","706.99"
"1996-10-16","704.41"
"1996-10-15","702.57"
"1996-10-14","703.54"
"1996-10-11","700.66"
"1996-10-10","694.61"
"1996-10-09","696.74"
"1996-10-08","700.64"
"1996-10-07","703.34"
"1996-10-04","701.46"
"1996-10-03","692.78"
"1996-10-02","694.01"
"1996-10-01","689.08"
"1996-09-30","687.33"
"1996-09-27","686.19"
"1996-09-26","685.86"
"1996-09-25","685.83"
"1996-09-24","685.61"
"1996-09-23","686.48"
"1996-09-20","687.03"
"1996-09-19","683.00"
"1996-09-18","681.47"
"1996-09-17","682.94"
"1996-09-16","683.98"
"1996-09-13","680.54"
"1996-09-12","671.15"
"1996-09-11","667.28"
"1996-09-10","663.81"
"1996-09-09","663.76"
"1996-09-06","655.68"
"1996-09-05","649.44"
"1996-09-04","655.61"
"1996-09-03","654.72"
"1996-08-30","651.99"
"1996-08-29","657.40"
"1996-08-28","664.81"
"1996-08-27","666.40"
"1996-08-26","663.88"
"1996-08-23","667.03"
"1996-08-22","670.68"
"1996-08-21","665.07"
"1996-08-20","665.69"
"1996-08-19","666.58"
"1996-08-16","665.21"
"1996-08-15","662.28"
"1996-08-14","662.05"
"1996-08-13","660.20"
"1996-08-12","665.77"
"1996-08-09","662.10"
"1996-08-08","662.59"
"1996-08-07","664.16"
"1996-08-06","662.38"
"1996-08-05","660.23"
"1996-08-02","662.49"
"1996-08-01","650.02"
"1996-07-31","639.95"
"1996-07-30","635.26"
"1996-07-29","630.91"
"1996-07-26","635.90"
"1996-07-25","631.17"
"1996-07-24","626.65"
"1996-07-23","626.87"
"1996-07-22","633.77"
"1996-07-19","638.73"
"1996-07-18","643.56"
"1996-07-17","634.07"
"1996-07-16","628.37"
"1996-07-15","629.80"
"1996-07-12","646.19"
"1996-07-11","645.67"
"1996-07-10","656.06"
"1996-07-09","654.75"
"1996-07-08","652.54"
"1996-07-05","657.44"
"1996-07-03","672.40"
"1996-07-02","673.61"
"1996-07-01","675.88"
"1996-06-28","670.63"
"1996-06-27","668.55"
"1996-06-26","664.39"
"1996-06-25","668.48"
"1996-06-24","668.85"
"1996-06-21","666.84"
"1996-06-20","662.10"
"1996-06-19","661.96"
"1996-06-18","662.06"
"1996-06-17","665.16"
"1996-06-14","665.85"
"1996-06-13","667.92"
"1996-06-12","669.04"
"1996-06-11","670.97"
"1996-06-10","672.16"
"1996-06-07","673.31"
"1996-06-06","673.03"
"1996-06-05","678.44"
"1996-06-04","672.56"
"1996-06-03","667.68"
"1996-05-31","669.12"
"1996-05-30","671.70"
"1996-05-29","667.93"
"1996-05-28","672.23"
"1996-05-24","678.51"
"1996-05-23","676.00"
"1996-05-22","678.42"
"1996-05-21","672.76"
"1996-05-20","673.15"
"1996-05-17","668.91"
"1996-05-16","664.85"
"1996-05-15","665.42"
"1996-05-14","665.60"
"1996-05-13","661.51"
"1996-05-10","652.09"
"1996-05-09","645.44"
"1996-05-08","644.77"
"1996-05-07","638.26"
"1996-05-06","640.81"
"1996-05-03","641.63"
"1996-05-02","643.38"
"1996-05-01","654.58"
"1996-04-30","654.17"
"1996-04-29","654.16"
"1996-04-26","653.46"
"1996-04-25","652.87"
"1996-04-24","650.17"
"1996-04-23","651.58"
"1996-04-22","647.89"
"1996-04-19","645.07"
"1996-04-18","643.61"
"1996-04-17","641.61"
"1996-04-16","645.00"
"1996-04-15","642.49"
"1996-04-12","636.71"
"1996-04-11","631.18"
"1996-04-10","633.50"
"1996-04-09","642.19"
"1996-04-08","644.24"
"1996-04-04","655.86"
"1996-04-03","655.88"
"1996-04-02","655.26"
"1996-04-01","653.73"
"1996-03-29","645.50"
"1996-03-28","648.94"
"1996-03-27","648.91"
"1996-03-26","652.97"
"1996-03-25","650.04"
"1996-03-22","650.62"
"1996-03-21","649.19"
"1996-03-20","649.98"
"1996-03-19","651.69"
"1996-03-18","652.65"
"1996-03-15","641.43"
"1996-03-14","640.87"
"1996-03-13","638.55"
"1996-03-12","637.09"
"1996-03-11","640.02"
"1996-03-08","633.50"
"1996-03-07","653.65"
"1996-03-06","652.00"
"1996-03-05","655.79"
"1996-03-04","650.81"
"1996-03-01","644.37"
"1996-02-29","640.43"
"1996-02-28","644.75"
"1996-02-27","647.24"
"1996-02-26","650.46"
"1996-02-23","659.08"
"1996-02-22","658.86"
"1996-02-21","648.10"
"1996-02-20","640.65"
"1996-02-16","647.98"
"1996-02-15","651.32"
"1996-02-14","655.58"
"1996-02-13","660.51"
"1996-02-12","661.45"
"1996-02-09","656.37"
"1996-02-08","656.07"
"1996-02-07","649.93"
"1996-02-06","646.33"
"1996-02-05","641.43"
"1996-02-02","635.84"
"1996-02-01","638.46"
"1996-01-31","636.02"
"1996-01-30","630.15"
"1996-01-29","624.22"
"1996-01-26","621.62"
"1996-01-25","617.03"
"1996-01-24","619.96"
"1996-01-23","612.79"
"1996-01-22","613.40"
"1996-01-19","611.83"
"1996-01-18","608.24"
"1996-01-17","606.37"
"1996-01-16","608.44"
"1996-01-15","599.82"
"1996-01-12","601.81"
"1996-01-11","602.69"
"1996-01-10","598.48"
"1996-01-09","609.45"
"1996-01-08","618.46"
"1996-01-05","616.71"
"1996-01-04","617.70"
"1996-01-03","621.32"
"1996-01-02","620.73"
"1995-12-29","615.93"
"1995-12-28","614.12"
"1995-12-27","614.53"
"1995-12-26","614.30"
"1995-12-22","611.95"
"1995-12-21","610.49"
"1995-12-20","605.94"
"1995-12-19","611.93"
"1995-12-18","606.81"
"1995-12-15","616.34"
"1995-12-14","616.92"
"1995-12-13","621.69"
"1995-12-12","618.78"
"1995-12-11","619.52"
"1995-12-08","617.48"
"1995-12-07","616.17"
"1995-12-06","620.18"
"1995-12-05","617.68"
"1995-12-04","613.68"
"1995-12-01","606.98"
"1995-11-30","605.37"
"1995-11-29","607.64"
"1995-11-28","606.45"
"1995-11-27","601.32"
"1995-11-24","599.97"
"1995-11-22","598.40"
"1995-11-21","600.24"
"1995-11-20","596.85"
"1995-11-17","600.07"
"1995-11-16","597.34"
"1995-11-15","593.96"
"1995-11-14","589.29"
"1995-11-13","592.30"
"1995-11-10","592.72"
"1995-11-09","593.26"
"1995-11-08","591.71"
"1995-11-07","586.32"
"1995-11-06","588.46"
"1995-11-03","590.57"
"1995-11-02","589.72"
"1995-11-01","584.22"
"1995-10-31","581.50"
"1995-10-30","583.25"
"1995-10-27","579.70"
"1995-10-26","576.72"
"1995-10-25","582.47"
"1995-10-24","586.54"
"1995-10-23","585.06"
"1995-10-20","587.46"
"1995-10-19","590.65"
"1995-10-18","587.44"
"1995-10-17","586.78"
"1995-10-16","583.03"
"1995-10-13","584.50"
"1995-10-12","583.10"
"1995-10-11","579.46"
"1995-10-10","577.52"
"1995-10-09","578.37"
"1995-10-06","582.49"
"1995-10-05","582.63"
"1995-10-04","581.47"
"1995-10-03","582.34"
"1995-10-02","581.72"
"1995-09-29","584.41"
"1995-09-28","585.87"
"1995-09-27","581.04"
"1995-09-26","581.41"
"1995-09-25","581.81"
"1995-09-22","581.73"
"1995-09-21","583.00"
"1995-09-20","586.77"
"1995-09-19","584.20"
"1995-09-18","582.77"
"1995-09-15","583.35"
"1995-09-14","583.61"
"1995-09-13","578.77"
"1995-09-12","576.51"
"1995-09-11","573.91"
"1995-09-08","572.68"
"1995-09-07","570.29"
"1995-09-06","570.17"
"1995-09-05","569.17"
"1995-09-01","563.84"
"1995-08-31","561.88"
"1995-08-30","560.92"
"1995-08-29","560.00"
"1995-08-28","559.05"
"1995-08-25","560.10"
"1995-08-24","557.46"
"1995-08-23","557.14"
"1995-08-22","559.52"
"1995-08-21","558.11"
"1995-08-18","559.21"
"1995-08-17","559.04"
"1995-08-16","559.97"
"1995-08-15","558.57"
"1995-08-14","559.74"
"1995-08-11","555.11"
"1995-08-10","557.45"
"1995-08-09","559.71"
"1995-08-08","560.39"
"1995-08-07","560.03"
"1995-08-04","558.94"
"1995-08-03","558.75"
"1995-08-02","558.80"
"1995-08-01","559.64"
"1995-07-31","562.06"
"1995-07-28","562.93"
"1995-07-27","565.22"
"1995-07-26","561.61"
"1995-07-25","561.10"
"1995-07-24","556.63"
"1995-07-21","553.62"
"1995-07-20","553.54"
"1995-07-19","550.98"
"1995-07-18","558.46"
"1995-07-17","562.72"
"1995-07-14","559.89"
"1995-07-13","561.00"
"1995-07-12","560.89"
"1995-07-11","554.78"
"1995-07-10","557.19"
"1995-07-07","556.37"
"1995-07-06","553.99"
"1995-07-05","547.26"
"1995-07-03","547.09"
"1995-06-30","544.75"
"1995-06-29","543.87"
"1995-06-28","544.73"
"1995-06-27","542.43"
"1995-06-26","544.13"
"1995-06-23","549.71"
"1995-06-22","551.07"
"1995-06-21","543.98"
"1995-06-20","544.98"
"1995-06-19","545.22"
"1995-06-16","539.83"
"1995-06-15","537.12"
"1995-06-14","536.47"
"1995-06-13","536.05"
"1995-06-12","530.88"
"1995-06-09","527.94"
"1995-06-08","532.35"
"1995-06-07","533.13"
"1995-06-06","535.55"
"1995-06-05","535.60"
"1995-06-02","532.51"
"1995-06-01","533.49"
"1995-05-31","533.40"
"1995-05-30","523.58"
"1995-05-26","523.65"
"1995-05-25","528.59"
"1995-05-24","528.61"
"1995-05-23","528.59"
"1995-05-22","523.65"
"1995-05-19","519.19"
"1995-05-18","519.58"
"1995-05-17","527.07"
"1995-05-16","528.19"
"1995-05-15","527.74"
"1995-05-12","525.55"
"1995-05-11","524.37"
"1995-05-10","524.36"
"1995-05-09","523.56"
"1995-05-08","523.96"
"1995-05-05","520.12"
"1995-05-04","520.54"
"1995-05-03","520.48"
"1995-05-02","514.86"
"1995-05-01","514.26"
"1995-04-28","514.71"
"1995-04-27","513.55"
"1995-04-26","512.66"
"1995-04-25","512.10"
"1995-04-24","512.89"
"1995-04-21","508.49"
"1995-04-20","505.29"
"1995-04-19","504.92"
"1995-04-18","505.37"
"1995-04-17","506.13"
"1995-04-13","509.23"
"1995-04-12","507.17"
"1995-04-11","505.53"
"1995-04-10","507.01"
"1995-04-07","506.42"
"1995-04-06","506.08"
"1995-04-05","505.57"
"1995-04-04","505.24"
"1995-04-03","501.85"
"1995-03-31","500.71"
"1995-03-30","502.22"
"1995-03-29","503.12"
"1995-03-28","503.90"
"1995-03-27","503.20"
"1995-03-24","500.97"
"1995-03-23","495.95"
"1995-03-22","495.67"
"1995-03-21","495.07"
"1995-03-20","496.14"
"1995-03-17","495.52"
"1995-03-16","495.41"
"1995-03-15","491.88"
"1995-03-14","492.89"
"1995-03-13","490.05"
"1995-03-10","489.57"
"1995-03-09","483.16"
"1995-03-08","483.14"
"1995-03-07","482.12"
"1995-03-06","485.63"
"1995-03-03","485.42"
"1995-03-02","485.13"
"1995-03-01","485.65"
"1995-02-28","487.39"
"1995-02-27","483.81"
"1995-02-24","488.11"
"1995-02-23","486.91"
"1995-02-22","485.07"
"1995-02-21","482.72"
"1995-02-17","481.97"
"1995-02-16","485.22"
"1995-02-15","484.54"
"1995-02-14","482.55"
"1995-02-13","481.65"
"1995-02-10","481.46"
"1995-02-09","480.19"
"1995-02-08","481.19"
"1995-02-07","480.81"
"1995-02-06","481.14"
"1995-02-03","478.65"
"1995-02-02","472.79"
"1995-02-01","470.40"
"1995-01-31","470.42"
"1995-01-30","468.51"
"1995-01-27","470.39"
"1995-01-26","468.32"
"1995-01-25","467.44"
"1995-01-24","465.86"
"1995-01-23","465.82"
"1995-01-20","464.78"
"1995-01-19","466.95"
"1995-01-18","469.71"
"1995-01-17","470.05"
"1995-01-16","469.38"
"1995-01-13","465.97"
"1995-01-12","461.64"
"1995-01-11","461.66"
"1995-01-10","461.68"
"1995-01-09","460.83"
"1995-01-06","460.68"
"1995-01-05","460.34"
"1995-01-04","460.71"
"1995-01-03","459.11"
"1994-12-30","459.27"
"1994-12-29","461.17"
"1994-12-28","460.86"
"1994-12-27","462.47"
"1994-12-23","459.83"
"1994-12-22","459.68"
"1994-12-21","459.61"
"1994-12-20","457.10"
"1994-12-19","457.91"
"1994-12-16","458.80"
"1994-12-15","455.34"
"1994-12-14","454.97"
"1994-12-13","450.15"
"1994-12-12","449.47"
"1994-12-09","446.96"
"1994-12-08","445.45"
"1994-12-07","451.23"
"1994-12-06","453.11"
"1994-12-05","453.32"
"1994-12-02","453.30"
"1994-12-01","448.92"
"1994-11-30","453.69"
"1994-11-29","455.17"
"1994-11-28","454.16"
"1994-11-25","452.29"
"1994-11-23","449.93"
"1994-11-22","450.09"
"1994-11-21","458.30"
"1994-11-18","461.47"
"1994-11-17","463.57"
"1994-11-16","465.62"
"1994-11-15","465.03"
"1994-11-14","466.04"
"1994-11-11","462.35"
"1994-11-10","464.37"
"1994-11-09","465.40"
"1994-11-08","465.65"
"1994-11-07","463.07"
"1994-11-04","462.28"
"1994-11-03","467.91"
"1994-11-02","466.51"
"1994-11-01","468.42"
"1994-10-31","472.35"
"1994-10-28","473.77"
"1994-10-27","465.85"
"1994-10-26","462.62"
"1994-10-25","461.53"
"1994-10-24","460.83"
"1994-10-21","464.89"
"1994-10-20","466.85"
"1994-10-19","470.28"
"1994-10-18","467.66"
"1994-10-17","468.96"
"1994-10-14","469.10"
"1994-10-13","467.79"
"1994-10-12","465.47"
"1994-10-11","465.79"
"1994-10-10","459.04"
"1994-10-07","455.10"
"1994-10-06","452.36"
"1994-10-05","453.52"
"1994-10-04","454.59"
"1994-10-03","461.74"
"1994-09-30","462.71"
"1994-09-29","462.24"
"1994-09-28","464.84"
"1994-09-27","462.05"
"1994-09-26","460.82"
"1994-09-23","459.67"
"1994-09-22","461.27"
"1994-09-21","461.46"
"1994-09-20","463.36"
"1994-09-19","470.85"
"1994-09-16","471.19"
"1994-09-15","474.81"
"1994-09-14","468.80"
"1994-09-13","467.51"
"1994-09-12","466.21"
"1994-09-09","468.18"
"1994-09-08","473.14"
"1994-09-07","470.99"
"1994-09-06","471.86"
"1994-09-02","470.99"
"1994-09-01","473.17"
"1994-08-31","475.49"
"1994-08-30","476.07"
"1994-08-29","474.59"
"1994-08-26","473.80"
"1994-08-25","468.08"
"1994-08-24","469.03"
"1994-08-23","464.51"
"1994-08-22","462.32"
"1994-08-19","463.68"
"1994-08-18","463.17"
"1994-08-17","465.17"
"1994-08-16","465.01"
"1994-08-15","461.23"
"1994-08-12","461.94"
"1994-08-11","458.88"
"1994-08-10","460.30"
"1994-08-09","457.92"
"1994-08-08","457.89"
"1994-08-05","457.09"
"1994-08-04","458.40"
"1994-08-03","461.45"
"1994-08-02","460.56"
"1994-08-01","461.01"
"1994-07-29","458.26"
"1994-07-28","454.24"
"1994-07-27","452.57"
"1994-07-26","453.36"
"1994-07-25","454.25"
"1994-07-22","453.11"
"1994-07-21","452.61"
"1994-07-20","451.60"
"1994-07-19","453.86"
"1994-07-18","455.22"
"1994-07-15","454.16"
"1994-07-14","453.41"
"1994-07-13","448.73"
"1994-07-12","447.95"
"1994-07-11","448.06"
"1994-07-08","449.55"
"1994-07-07","448.38"
"1994-07-06","446.13"
"1994-07-05","446.37"
"1994-07-01","446.20"
"1994-06-30","444.27"
"1994-06-29","447.63"
"1994-06-28","446.07"
"1994-06-27","447.31"
"1994-06-24","442.80"
"1994-06-23","449.63"
"1994-06-22","453.09"
"1994-06-21","451.34"
"1994-06-20","455.48"
"1994-06-17","458.45"
"1994-06-16","461.93"
"1994-06-15","460.61"
"1994-06-14","462.37"
"1994-06-13","459.10"
"1994-06-10","458.67"
"1994-06-09","457.86"
"1994-06-08","457.06"
"1994-06-07","458.21"
"1994-06-06","458.88"
"1994-06-03","460.13"
"1994-06-02","457.65"
"1994-06-01","457.63"
"1994-05-31","456.50"
"1994-05-27","457.33"
"1994-05-26","457.06"
"1994-05-25","456.34"
"1994-05-24","454.81"
"1994-05-23","453.20"
"1994-05-20","454.92"
"1994-05-19","456.48"
"1994-05-18","453.69"
"1994-05-17","449.37"
"1994-05-16","444.49"
"1994-05-13","444.14"
"1994-05-12","443.75"
"1994-05-11","441.49"
"1994-05-10","446.01"
"1994-05-09","442.32"
"1994-05-06","447.82"
"1994-05-05","451.38"
"1994-05-04","451.72"
"1994-05-03","453.03"
"1994-05-02","453.02"
"1994-04-29","450.91"
"1994-04-28","449.10"
"1994-04-26","451.87"
"1994-04-25","452.71"
"1994-04-22","447.63"
"1994-04-21","448.73"
"1994-04-20","441.96"
"1994-04-19","442.54"
"1994-04-18","442.46"
"1994-04-15","446.18"
"1994-04-14","446.38"
"1994-04-13","446.26"
"1994-04-12","447.57"
"1994-04-11","449.87"
"1994-04-08","447.10"
"1994-04-07","450.88"
"1994-04-06","448.05"
"1994-04-05","448.29"
"1994-04-04","438.92"
"1994-03-31","445.77"
"1994-03-30","445.55"
"1994-03-29","452.48"
"1994-03-28","460.00"
"1994-03-25","460.58"
"1994-03-24","464.35"
"1994-03-23","468.54"
"1994-03-22","468.80"
"1994-03-21","468.54"
"1994-03-18","471.06"
"1994-03-17","470.90"
"1994-03-16","469.42"
"1994-03-15","467.01"
"1994-03-14","467.39"
"1994-03-11","466.44"
"1994-03-10","463.90"
"1994-03-09","467.06"
"1994-03-08","465.88"
"1994-03-07","466.91"
"1994-03-04","464.74"
"1994-03-03","463.01"
"1994-03-02","464.81"
"1994-03-01","464.44"
"1994-02-28","467.14"
"1994-02-25","466.07"
"1994-02-24","464.26"
"1994-02-23","470.69"
"1994-02-22","471.46"
"1994-02-18","467.69"
"1994-02-17","470.34"
"1994-02-16","472.79"
"1994-02-15","472.52"
"1994-02-14","470.23"
"1994-02-11","470.18"
"1994-02-10","468.93"
"1994-02-09","472.77"
"1994-02-08","471.05"
"1994-02-07","471.76"
"1994-02-04","469.81"
"1994-02-03","480.71"
"1994-02-02","482.00"
"1994-02-01","479.62"
"1994-01-31","481.61"
"1994-01-28","478.70"
"1994-01-27","477.05"
"1994-01-26","473.20"
"1994-01-25","470.92"
"1994-01-24","471.97"
"1994-01-21","474.72"
"1994-01-20","474.98"
"1994-01-19","474.30"
"1994-01-18","474.25"
"1994-01-17","473.30"
"1994-01-14","474.91"
"1994-01-13","472.47"
"1994-01-12","474.17"
"1994-01-11","474.13"
"1994-01-10","475.27"
"1994-01-07","469.90"
"1994-01-06","467.12"
"1994-01-05","467.55"
"1994-01-04","466.89"
"1994-01-03","465.44"
"1993-12-31","466.45"
"1993-12-30","468.64"
"1993-12-29","470.58"
"1993-12-28","470.94"
"1993-12-27","470.54"
"1993-12-23","467.38"
"1993-12-22","467.32"
"1993-12-21","465.30"
"1993-12-20","465.85"
"1993-12-17","466.38"
"1993-12-16","463.34"
"1993-12-15","461.84"
"1993-12-14","463.06"
"1993-12-13","465.70"
"1993-12-10","463.93"
"1993-12-09","464.18"
"1993-12-08","466.29"
"1993-12-07","466.76"
"1993-12-06","466.43"
"1993-12-03","464.89"
"1993-12-02","463.11"
"1993-12-01","461.89"
"1993-11-30","461.79"
"1993-11-29","461.90"
"1993-11-26","463.06"
"1993-11-24","462.36"
"1993-11-23","461.03"
"1993-11-22","459.13"
"1993-11-19","462.60"
"1993-11-18","463.62"
"1993-11-17","464.81"
"1993-11-16","466.74"
"1993-11-15","463.75"
"1993-11-12","465.39"
"1993-11-11","462.64"
"1993-11-10","463.72"
"1993-11-09","460.33"
"1993-11-08","460.21"
"1993-11-05","459.57"
"1993-11-04","457.49"
"1993-11-03","463.02"
"1993-11-02","468.44"
"1993-11-01","469.10"
"1993-10-29","467.83"
"1993-10-28","467.73"
"1993-10-27","464.61"
"1993-10-26","464.30"
"1993-10-25","464.20"
"1993-10-22","463.27"
"1993-10-21","465.36"
"1993-10-20","466.07"
"1993-10-19","466.21"
"1993-10-18","468.45"
"1993-10-15","469.50"
"1993-10-14","466.83"
"1993-10-13","461.49"
"1993-10-12","461.12"
"1993-10-11","460.88"
"1993-10-08","460.31"
"1993-10-07","459.18"
"1993-10-06","460.74"
"1993-10-05","461.20"
"1993-10-04","461.34"
"1993-10-01","461.28"
"1993-09-30","458.93"
"1993-09-29","460.11"
"1993-09-28","461.53"
"1993-09-27","461.80"
"1993-09-24","457.63"
"1993-09-23","457.74"
"1993-09-22","456.20"
"1993-09-21","452.95"
"1993-09-20","455.05"
"1993-09-17","458.83"
"1993-09-16","459.43"
"1993-09-15","461.60"
"1993-09-14","459.90"
"1993-09-13","462.06"
"1993-09-10","461.72"
"1993-09-09","457.50"
"1993-09-08","456.65"
"1993-09-07","458.52"
"1993-09-03","461.34"
"1993-09-02","461.30"
"1993-09-01","463.15"
"1993-08-31","463.56"
"1993-08-30","461.90"
"1993-08-27","460.54"
"1993-08-26","461.04"
"1993-08-25","460.13"
"1993-08-24","459.77"
"1993-08-23","455.23"
"1993-08-20","456.16"
"1993-08-19","456.43"
"1993-08-18","456.04"
"1993-08-17","453.13"
"1993-08-16","452.38"
"1993-08-13","450.14"
"1993-08-12","448.96"
"1993-08-11","450.46"
"1993-08-10","449.45"
"1993-08-09","450.72"
"1993-08-06","448.68"
"1993-08-05","448.13"
"1993-08-04","448.54"
"1993-08-03","449.27"
"1993-08-02","450.15"
"1993-07-30","448.13"
"1993-07-29","450.24"
"1993-07-28","447.19"
"1993-07-27","448.24"
"1993-07-26","449.09"
"1993-07-23","447.10"
"1993-07-22","444.51"
"1993-07-21","447.18"
"1993-07-20","447.31"
"1993-07-19","446.03"
"1993-07-16","445.75"
"1993-07-15","449.22"
"1993-07-14","450.08"
"1993-07-13","448.09"
"1993-07-12","448.98"
"1993-07-09","448.11"
"1993-07-08","448.64"
"1993-07-07","442.83"
"1993-07-06","441.43"
"1993-07-02","445.84"
"1993-07-01","449.02"
"1993-06-30","450.53"
"1993-06-29","450.69"
"1993-06-28","451.85"
"1993-06-25","447.60"
"1993-06-24","446.62"
"1993-06-23","443.19"
"1993-06-22","445.93"
"1993-06-21","446.22"
"1993-06-18","443.68"
"1993-06-17","448.54"
"1993-06-16","447.43"
"1993-06-15","446.27"
"1993-06-14","447.71"
"1993-06-11","447.26"
"1993-06-10","445.38"
"1993-06-09","445.78"
"1993-06-08","444.71"
"1993-06-07","447.69"
"1993-06-04","450.06"
"1993-06-03","452.49"
"1993-06-02","453.85"
"1993-06-01","453.83"
"1993-05-28","450.19"
"1993-05-27","452.41"
"1993-05-26","453.44"
"1993-05-25","448.85"
"1993-05-24","448.00"
"1993-05-21","445.84"
"1993-05-20","450.59"
"1993-05-19","447.57"
"1993-05-18","440.32"
"1993-05-17","440.37"
"1993-05-14","439.56"
"1993-05-13","439.23"
"1993-05-12","444.80"
"1993-05-11","444.36"
"1993-05-10","442.80"
"1993-05-07","442.31"
"1993-05-06","443.26"
"1993-05-05","444.52"
"1993-05-04","444.05"
"1993-05-03","442.46"
"1993-04-30","440.19"
"1993-04-29","438.89"
"1993-04-28","438.02"
"1993-04-27","438.01"
"1993-04-26","433.54"
"1993-04-23","437.03"
"1993-04-22","439.46"
"1993-04-21","443.63"
"1993-04-20","445.10"
"1993-04-19","447.46"
"1993-04-16","448.94"
"1993-04-15","448.40"
"1993-04-14","448.66"
"1993-04-13","449.22"
"1993-04-12","448.37"
"1993-04-08","441.84"
"1993-04-07","442.73"
"1993-04-06","441.16"
"1993-04-05","442.29"
"1993-04-02","441.39"
"1993-04-01","450.30"
"1993-03-31","451.67"
"1993-03-30","451.97"
"1993-03-29","450.77"
"1993-03-26","447.78"
"1993-03-25","450.88"
"1993-03-24","448.07"
"1993-03-23","448.76"
"1993-03-22","448.88"
"1993-03-19","450.18"
"1993-03-18","451.89"
"1993-03-17","448.31"
"1993-03-16","451.37"
"1993-03-15","451.43"
"1993-03-12","449.83"
"1993-03-11","453.72"
"1993-03-10","456.33"
"1993-03-09","454.40"
"1993-03-08","454.71"
"1993-03-05","446.11"
"1993-03-04","447.34"
"1993-03-03","449.26"
"1993-03-02","447.90"
"1993-03-01","442.01"
"1993-02-26","443.38"
"1993-02-25","442.34"
"1993-02-24","440.87"
"1993-02-23","434.80"
"1993-02-22","435.24"
"1993-02-19","434.22"
"1993-02-18","431.90"
"1993-02-17","433.30"
"1993-02-16","433.91"
"1993-02-12","444.58"
"1993-02-11","447.66"
"1993-02-10","446.23"
"1993-02-09","445.33"
"1993-02-08","447.85"
"1993-02-05","448.93"
"1993-02-04","449.56"
"1993-02-03","447.20"
"1993-02-02","442.55"
"1993-02-01","442.52"
"1993-01-29","438.78"
"1993-01-28","438.66"
"1993-01-27","438.11"
"1993-01-26","439.95"
"1993-01-25","440.01"
"1993-01-22","436.11"
"1993-01-21","435.49"
"1993-01-20","433.37"
"1993-01-19","435.13"
"1993-01-18","436.84"
"1993-01-15","437.15"
"1993-01-14","435.94"
"1993-01-13","433.03"
"1993-01-12","431.04"
"1993-01-11","430.95"
"1993-01-08","429.05"
"1993-01-07","430.73"
"1993-01-06","434.52"
"1993-01-05","434.34"
"1993-01-04","435.38"
"1992-12-31","435.71"
"1992-12-30","438.82"
"1992-12-29","437.98"
"1992-12-28","439.15"
"1992-12-24","439.77"
"1992-12-23","439.03"
"1992-12-22","440.31"
"1992-12-21","440.70"
"1992-12-18","441.28"
"1992-12-17","435.43"
"1992-12-16","431.52"
"1992-12-15","432.57"
"1992-12-14","432.84"
"1992-12-11","433.73"
"1992-12-10","434.64"
"1992-12-09","435.65"
"1992-12-08","436.99"
"1992-12-07","435.31"
"1992-12-04","432.06"
"1992-12-03","429.91"
"1992-12-02","429.89"
"1992-12-01","430.78"
"1992-11-30","431.35"
"1992-11-27","430.16"
"1992-11-25","429.19"
"1992-11-24","427.59"
"1992-11-23","425.12"
"1992-11-20","426.65"
"1992-11-19","423.61"
"1992-11-18","422.85"
"1992-11-17","419.27"
"1992-11-16","420.68"
"1992-11-13","422.43"
"1992-11-12","422.87"
"1992-11-11","422.20"
"1992-11-10","418.62"
"1992-11-09","418.59"
"1992-11-06","417.58"
"1992-11-05","418.34"
"1992-11-04","417.11"
"1992-11-03","419.92"
"1992-11-02","422.75"
"1992-10-30","418.68"
"1992-10-29","420.86"
"1992-10-28","420.13"
"1992-10-27","418.49"
"1992-10-26","418.16"
"1992-10-23","414.10"
"1992-10-22","414.90"
"1992-10-21","415.67"
"1992-10-20","415.48"
"1992-10-19","414.98"
"1992-10-16","411.73"
"1992-10-15","409.60"
"1992-10-14","409.37"
"1992-10-13","409.30"
"1992-10-12","407.44"
"1992-10-09","402.66"
"1992-10-08","407.75"
"1992-10-07","404.25"
"1992-10-06","407.18"
"1992-10-05","407.57"
"1992-10-02","410.47"
"1992-10-01","416.29"
"1992-09-30","417.80"
"1992-09-29","416.80"
"1992-09-28","416.62"
"1992-09-25","414.35"
"1992-09-24","418.47"
"1992-09-23","417.44"
"1992-09-22","417.14"
"1992-09-21","422.14"
"1992-09-18","422.93"
"1992-09-17","419.93"
"1992-09-16","419.92"
"1992-09-15","419.77"
"1992-09-14","425.27"
"1992-09-11","419.58"
"1992-09-10","419.95"
"1992-09-09","416.36"
"1992-09-08","414.44"
"1992-09-04","417.08"
"1992-09-03","417.98"
"1992-09-02","417.98"
"1992-09-01","416.07"
"1992-08-31","414.03"
"1992-08-28","414.84"
"1992-08-27","413.53"
"1992-08-26","413.51"
"1992-08-25","411.61"
"1992-08-24","410.72"
"1992-08-21","414.85"
"1992-08-20","418.26"
"1992-08-19","418.19"
"1992-08-18","421.34"
"1992-08-17","420.74"
"1992-08-14","419.91"
"1992-08-13","417.73"
"1992-08-12","417.78"
"1992-08-11","418.90"
"1992-08-10","419.42"
"1992-08-07","418.88"
"1992-08-06","420.59"
"1992-08-05","422.19"
"1992-08-04","424.36"
"1992-08-03","425.09"
"1992-07-31","424.21"
"1992-07-30","423.92"
"1992-07-29","422.23"
"1992-07-28","417.52"
"1992-07-27","411.54"
"1992-07-24","411.60"
"1992-07-23","412.08"
"1992-07-22","410.93"
"1992-07-21","413.76"
"1992-07-20","413.75"
"1992-07-17","415.62"
"1992-07-16","417.54"
"1992-07-15","417.10"
"1992-07-14","417.68"
"1992-07-13","414.87"
"1992-07-10","414.62"
"1992-07-09","414.23"
"1992-07-08","410.28"
"1992-07-07","409.16"
"1992-07-06","413.84"
"1992-07-02","411.77"
"1992-07-01","412.88"
"1992-06-30","408.14"
"1992-06-29","408.94"
"1992-06-26","403.45"
"1992-06-25","403.12"
"1992-06-24","403.84"
"1992-06-23","404.04"
"1992-06-22","403.40"
"1992-06-19","403.67"
"1992-06-18","400.96"
"1992-06-17","402.26"
"1992-06-16","408.32"
"1992-06-15","410.29"
"1992-06-12","409.76"
"1992-06-11","409.05"
"1992-06-10","407.25"
"1992-06-09","410.06"
"1992-06-08","413.36"
"1992-06-05","413.48"
"1992-06-04","413.26"
"1992-06-03","414.59"
"1992-06-02","413.50"
"1992-06-01","417.30"
"1992-05-29","415.35"
"1992-05-28","416.74"
"1992-05-27","412.17"
"1992-05-26","411.41"
"1992-05-22","414.02"
"1992-05-21","412.60"
"1992-05-20","415.39"
"1992-05-19","416.37"
"1992-05-18","412.81"
"1992-05-15","410.09"
"1992-05-14","413.14"
"1992-05-13","416.45"
"1992-05-12","416.29"
"1992-05-11","418.49"
"1992-05-08","416.05"
"1992-05-07","415.85"
"1992-05-06","416.79"
"1992-05-05","416.84"
"1992-05-04","416.91"
"1992-05-01","412.53"
"1992-04-30","414.95"
"1992-04-29","412.02"
"1992-04-28","409.11"
"1992-04-27","408.45"
"1992-04-24","409.02"
"1992-04-23","411.60"
"1992-04-22","409.81"
"1992-04-21","410.26"
"1992-04-20","410.18"
"1992-04-16","416.04"
"1992-04-15","416.28"
"1992-04-14","412.39"
"1992-04-13","406.08"
"1992-04-10","404.29"
"1992-04-09","400.64"
"1992-04-08","394.50"
"1992-04-07","398.06"
"1992-04-06","405.59"
"1992-04-03","401.55"
"1992-04-02","400.50"
"1992-04-01","404.23"
"1992-03-31","403.69"
"1992-03-30","403.00"
"1992-03-27","403.50"
"1992-03-26","407.86"
"1992-03-25","407.52"
"1992-03-24","408.88"
"1992-03-23","409.91"
"1992-03-20","411.30"
"1992-03-19","409.80"
"1992-03-18","409.15"
"1992-03-17","409.58"
"1992-03-16","406.39"
"1992-03-13","405.84"
"1992-03-12","403.89"
"1992-03-11","404.03"
"1992-03-10","406.89"
"1992-03-09","405.21"
"1992-03-06","404.44"
"1992-03-05","406.51"
"1992-03-04","409.33"
"1992-03-03","412.85"
"1992-03-02","412.45"
"1992-02-28","412.70"
"1992-02-27","413.86"
"1992-02-26","415.35"
"1992-02-25","410.45"
"1992-02-24","412.27"
"1992-02-21","411.43"
"1992-02-20","413.90"
"1992-02-19","408.26"
"1992-02-18","407.38"
"1992-02-14","412.48"
"1992-02-13","413.69"
"1992-02-12","417.13"
"1992-02-11","413.76"
"1992-02-10","413.77"
"1992-02-07","411.09"
"1992-02-06","413.82"
"1992-02-05","413.84"
"1992-02-04","413.85"
"1992-02-03","409.53"
"1992-01-31","408.78"
"1992-01-30","411.62"
"1992-01-29","410.34"
"1992-01-28","414.96"
"1992-01-27","414.99"
"1992-01-24","415.48"
"1992-01-23","414.96"
"1992-01-22","418.13"
"1992-01-21","412.64"
"1992-01-20","416.36"
"1992-01-17","418.86"
"1992-01-16","418.21"
"1992-01-15","420.77"
"1992-01-14","420.44"
"1992-01-13","414.34"
"1992-01-10","415.10"
"1992-01-09","417.61"
"1992-01-08","418.10"
"1992-01-07","417.40"
"1992-01-06","417.96"
"1992-01-03","419.34"
"1992-01-02","417.26"
"1991-12-31","417.09"
"1991-12-30","415.14"
"1991-12-27","406.46"
"1991-12-26","404.84"
"1991-12-24","399.33"
"1991-12-23","396.82"
"1991-12-20","387.04"
"1991-12-19","382.52"
"1991-12-18","383.48"
"1991-12-17","382.74"
"1991-12-16","384.46"
"1991-12-13","384.47"
"1991-12-12","381.55"
"1991-12-11","377.70"
"1991-12-10","377.90"
"1991-12-09","378.26"
"1991-12-06","379.10"
"1991-12-05","377.39"
"1991-12-04","380.07"
"1991-12-03","380.96"
"1991-12-02","381.40"
"1991-11-29","375.22"
"1991-11-27","376.55"
"1991-11-26","377.96"
"1991-11-25","375.34"
"1991-11-22","376.14"
"1991-11-21","380.06"
"1991-11-20","378.53"
"1991-11-19","379.42"
"1991-11-18","385.24"
"1991-11-15","382.62"
"1991-11-14","397.15"
"1991-11-13","397.41"
"1991-11-12","396.74"
"1991-11-11","393.12"
"1991-11-08","392.89"
"1991-11-07","393.72"
"1991-11-06","389.97"
"1991-11-05","388.71"
"1991-11-04","390.28"
"1991-11-01","391.32"
"1991-10-31","392.45"
"1991-10-30","392.96"
"1991-10-29","391.48"
"1991-10-28","389.52"
"1991-10-25","384.20"
"1991-10-24","385.07"
"1991-10-23","387.94"
"1991-10-22","387.83"
"1991-10-21","390.02"
"1991-10-18","392.50"
"1991-10-17","391.92"
"1991-10-16","392.80"
"1991-10-15","391.01"
"1991-10-14","386.47"
"1991-10-11","381.45"
"1991-10-10","380.55"
"1991-10-09","376.80"
"1991-10-08","380.67"
"1991-10-07","379.50"
"1991-10-04","381.25"
"1991-10-03","384.47"
"1991-10-02","388.26"
"1991-10-01","389.20"
"1991-09-30","387.86"
"1991-09-27","385.90"
"1991-09-26","386.49"
"1991-09-25","386.88"
"1991-09-24","387.71"
"1991-09-23","385.92"
"1991-09-20","387.92"
"1991-09-19","387.56"
"1991-09-18","386.94"
"1991-09-17","385.50"
"1991-09-16","385.78"
"1991-09-13","383.59"
"1991-09-12","387.34"
"1991-09-11","385.09"
"1991-09-10","384.56"
"1991-09-09","388.57"
"1991-09-06","389.10"
"1991-09-05","389.14"
"1991-09-04","389.97"
"1991-09-03","392.15"
"1991-08-30","395.43"
"1991-08-29","396.47"
"1991-08-28","396.64"
"1991-08-27","393.06"
"1991-08-26","393.85"
"1991-08-23","394.17"
"1991-08-22","391.33"
"1991-08-21","390.59"
"1991-08-20","379.43"
"1991-08-19","376.47"
"1991-08-16","385.58"
"1991-08-15","389.33"
"1991-08-14","389.90"
"1991-08-13","389.62"
"1991-08-12","388.02"
"1991-08-09","387.12"
"1991-08-08","389.32"
"1991-08-07","390.56"
"1991-08-06","390.62"
"1991-08-05","385.06"
"1991-08-02","387.18"
"1991-08-01","387.12"
"1991-07-31","387.81"
"1991-07-30","386.69"
"1991-07-29","383.15"
"1991-07-26","380.93"
"1991-07-25","380.96"
"1991-07-24","378.64"
"1991-07-23","379.42"
"1991-07-22","382.88"
"1991-07-19","384.22"
"1991-07-18","385.37"
"1991-07-17","381.18"
"1991-07-16","381.54"
"1991-07-15","382.39"
"1991-07-12","380.25"
"1991-07-11","376.97"
"1991-07-10","375.74"
"1991-07-09","376.11"
"1991-07-08","377.94"
"1991-07-05","374.08"
"1991-07-03","373.33"
"1991-07-02","377.47"
"1991-07-01","377.92"
"1991-06-28","371.16"
"1991-06-27","374.40"
"1991-06-26","371.59"
"1991-06-25","370.65"
"1991-06-24","370.94"
"1991-06-21","377.75"
"1991-06-20","375.42"
"1991-06-19","375.09"
"1991-06-18","378.59"
"1991-06-17","380.13"
"1991-06-14","382.29"
"1991-06-13","377.63"
"1991-06-12","376.65"
"1991-06-11","381.05"
"1991-06-10","378.57"
"1991-06-07","379.43"
"1991-06-06","383.63"
"1991-06-05","385.09"
"1991-06-04","387.74"
"1991-06-03","388.06"
"1991-05-31","389.83"
"1991-05-30","386.96"
"1991-05-29","382.79"
"1991-05-28","381.94"
"1991-05-24","377.49"
"1991-05-23","374.96"
"1991-05-22","376.19"
"1991-05-21","375.35"
"1991-05-20","372.28"
"1991-05-17","372.39"
"1991-05-16","372.19"
"1991-05-15","368.57"
"1991-05-14","371.62"
"1991-05-13","376.76"
"1991-05-10","375.74"
"1991-05-09","383.25"
"1991-05-08","378.51"
"1991-05-07","377.32"
"1991-05-06","380.08"
"1991-05-03","380.80"
"1991-05-02","380.52"
"1991-05-01","380.29"
"1991-04-30","375.34"
"1991-04-29","373.66"
"1991-04-26","379.02"
"1991-04-25","379.25"
"1991-04-24","382.76"
"1991-04-23","381.76"
"1991-04-22","380.95"
"1991-04-19","384.20"
"1991-04-18","388.46"
"1991-04-17","390.45"
"1991-04-16","387.62"
"1991-04-15","381.19"
"1991-04-12","380.40"
"1991-04-11","377.63"
"1991-04-10","373.15"
"1991-04-09","373.56"
"1991-04-08","378.66"
"1991-04-05","375.36"
"1991-04-04","379.77"
"1991-04-03","378.94"
"1991-04-02","379.50"
"1991-04-01","371.30"
"1991-03-28","375.22"
"1991-03-27","375.35"
"1991-03-26","376.30"
"1991-03-25","369.83"
"1991-03-22","367.48"
"1991-03-21","366.58"
"1991-03-20","367.92"
"1991-03-19","366.59"
"1991-03-18","372.11"
"1991-03-15","373.59"
"1991-03-14","373.50"
"1991-03-13","374.57"
"1991-03-12","370.03"
"1991-03-11","372.96"
"1991-03-08","374.95"
"1991-03-07","375.91"
"1991-03-06","376.17"
"1991-03-05","376.72"
"1991-03-04","369.33"
"1991-03-01","370.47"
"1991-02-28","367.07"
"1991-02-27","367.74"
"1991-02-26","362.81"
"1991-02-25","367.26"
"1991-02-22","365.65"
"1991-02-21","364.97"
"1991-02-20","365.14"
"1991-02-19","369.39"
"1991-02-15","369.06"
"1991-02-14","364.22"
"1991-02-13","369.02"
"1991-02-12","365.50"
"1991-02-11","368.58"
"1991-02-08","359.35"
"1991-02-07","356.52"
"1991-02-06","358.07"
"1991-02-05","351.26"
"1991-02-04","348.34"
"1991-02-01","343.05"
"1991-01-31","343.93"
"1991-01-30","340.91"
"1991-01-29","335.84"
"1991-01-28","336.03"
"1991-01-25","336.07"
"1991-01-24","334.78"
"1991-01-23","330.21"
"1991-01-22","328.31"
"1991-01-21","331.06"
"1991-01-18","332.23"
"1991-01-17","327.97"
"1991-01-16","316.17"
"1991-01-15","313.73"
"1991-01-14","312.49"
"1991-01-11","315.23"
"1991-01-10","314.53"
"1991-01-09","311.49"
"1991-01-08","314.90"
"1991-01-07","315.44"
"1991-01-04","321.00"
"1991-01-03","321.91"
"1991-01-02","326.45"
"1990-12-31","330.22"
"1990-12-28","328.72"
"1990-12-27","328.29"
"1990-12-26","330.85"
"1990-12-24","329.90"
"1990-12-21","331.75"
"1990-12-20","330.12"
"1990-12-19","330.20"
"1990-12-18","330.05"
"1990-12-17","326.02"
"1990-12-14","326.82"
"1990-12-13","329.34"
"1990-12-12","330.19"
"1990-12-11","326.44"
"1990-12-10","328.89"
"1990-12-07","327.75"
"1990-12-06","329.07"
"1990-12-05","329.92"
"1990-12-04","326.35"
"1990-12-03","324.10"
"1990-11-30","322.22"
"1990-11-29","316.42"
"1990-11-28","317.95"
"1990-11-27","318.10"
"1990-11-26","316.51"
"1990-11-23","315.10"
"1990-11-21","316.03"
"1990-11-20","315.31"
"1990-11-19","319.34"
"1990-11-16","317.12"
"1990-11-15","317.02"
"1990-11-14","320.40"
"1990-11-13","317.67"
"1990-11-12","319.48"
"1990-11-09","313.74"
"1990-11-08","307.61"
"1990-11-07","306.01"
"1990-11-06","311.62"
"1990-11-05","314.59"
"1990-11-02","311.85"
"1990-11-01","307.02"
"1990-10-31","304.00"
"1990-10-30","304.06"
"1990-10-29","301.88"
"1990-10-26","304.71"
"1990-10-25","310.17"
"1990-10-24","312.60"
"1990-10-23","312.36"
"1990-10-22","314.76"
"1990-10-19","312.48"
"1990-10-18","305.74"
"1990-10-17","298.76"
"1990-10-16","298.92"
"1990-10-15","303.23"
"1990-10-12","300.03"
"1990-10-11","295.46"
"1990-10-10","300.39"
"1990-10-09","305.10"
"1990-10-08","313.48"
"1990-10-05","311.50"
"1990-10-04","312.69"
"1990-10-03","311.40"
"1990-10-02","315.21"
"1990-10-01","314.94"
"1990-09-28","306.05"
"1990-09-27","300.97"
"1990-09-26","305.06"
"1990-09-25","308.26"
"1990-09-24","304.59"
"1990-09-21","311.32"
"1990-09-20","311.48"
"1990-09-19","316.60"
"1990-09-18","318.60"
"1990-09-17","317.77"
"1990-09-14","316.83"
"1990-09-13","318.65"
"1990-09-12","322.54"
"1990-09-11","321.04"
"1990-09-10","321.63"
"1990-09-07","323.40"
"1990-09-06","320.46"
"1990-09-05","324.39"
"1990-09-04","323.09"
"1990-08-31","322.56"
"1990-08-30","318.71"
"1990-08-29","324.19"
"1990-08-28","321.34"
"1990-08-27","321.44"
"1990-08-24","311.51"
"1990-08-23","307.06"
"1990-08-22","316.55"
"1990-08-21","321.86"
"1990-08-20","328.51"
"1990-08-17","327.83"
"1990-08-16","332.39"
"1990-08-15","340.06"
"1990-08-14","339.39"
"1990-08-13","338.84"
"1990-08-10","335.52"
"1990-08-09","339.94"
"1990-08-08","338.35"
"1990-08-07","334.83"
"1990-08-06","334.43"
"1990-08-03","344.86"
"1990-08-02","351.48"
"1990-08-01","355.52"
"1990-07-31","356.15"
"1990-07-30","355.55"
"1990-07-27","353.44"
"1990-07-26","355.91"
"1990-07-25","357.09"
"1990-07-24","355.79"
"1990-07-23","355.31"
"1990-07-20","361.61"
"1990-07-19","365.32"
"1990-07-18","364.22"
"1990-07-17","367.52"
"1990-07-16","368.95"
"1990-07-13","367.31"
"1990-07-12","365.44"
"1990-07-11","361.23"
"1990-07-10","356.49"
"1990-07-09","359.52"
"1990-07-06","358.42"
"1990-07-05","355.68"
"1990-07-03","360.16"
"1990-07-02","359.54"
"1990-06-29","358.02"
"1990-06-28","357.63"
"1990-06-27","355.14"
"1990-06-26","352.06"
"1990-06-25","352.31"
"1990-06-22","355.43"
"1990-06-21","360.47"
"1990-06-20","359.10"
"1990-06-19","358.47"
"1990-06-18","356.88"
"1990-06-15","362.91"
"1990-06-14","362.90"
"1990-06-13","364.90"
"1990-06-12","366.25"
"1990-06-11","361.63"
"1990-06-08","358.71"
"1990-06-07","363.15"
"1990-06-06","364.96"
"1990-06-05","366.64"
"1990-06-04","367.40"
"1990-06-01","363.16"
"1990-05-31","361.23"
"1990-05-30","360.86"
"1990-05-29","360.65"
"1990-05-25","354.58"
"1990-05-24","358.41"
"1990-05-23","359.29"
"1990-05-22","358.43"
"1990-05-21","358.00"
"1990-05-18","354.64"
"1990-05-17","354.47"
"1990-05-16","354.00"
"1990-05-15","354.28"
"1990-05-14","354.75"
"1990-05-11","352.00"
"1990-05-10","343.82"
"1990-05-09","342.86"
"1990-05-08","342.01"
"1990-05-07","340.53"
"1990-05-04","338.39"
"1990-05-03","335.57"
"1990-05-02","334.48"
"1990-05-01","332.25"
"1990-04-30","330.80"
"1990-04-27","329.11"
"1990-04-26","332.92"
"1990-04-25","332.03"
"1990-04-24","330.36"
"1990-04-23","331.05"
"1990-04-20","335.12"
"1990-04-19","338.09"
"1990-04-18","340.72"
"1990-04-17","344.68"
"1990-04-16","344.74"
"1990-04-12","344.34"
"1990-04-11","341.92"
"1990-04-10","342.07"
"1990-04-09","341.37"
"1990-04-06","340.08"
"1990-04-05","340.73"
"1990-04-04","341.09"
"1990-04-03","343.64"
"1990-04-02","338.70"
"1990-03-30","339.94"
"1990-03-29","340.79"
"1990-03-28","342.00"
"1990-03-27","341.50"
"1990-03-26","337.63"
"1990-03-23","337.22"
"1990-03-22","335.69"
"1990-03-21","339.74"
"1990-03-20","341.57"
"1990-03-19","343.53"
"1990-03-16","341.91"
"1990-03-15","338.07"
"1990-03-14","336.87"
"1990-03-13","336.00"
"1990-03-12","338.67"
"1990-03-09","337.93"
"1990-03-08","340.27"
"1990-03-07","336.95"
"1990-03-06","337.93"
"1990-03-05","333.74"
"1990-03-02","335.54"
"1990-03-01","332.74"
"1990-02-28","331.89"
"1990-02-27","330.26"
"1990-02-26","328.67"
"1990-02-23","324.15"
"1990-02-22","325.70"
"1990-02-21","327.67"
"1990-02-20","327.99"
"1990-02-16","332.72"
"1990-02-15","334.89"
"1990-02-14","332.01"
"1990-02-13","331.02"
"1990-02-12","330.08"
"1990-02-09","333.62"
"1990-02-08","332.96"
"1990-02-07","333.75"
"1990-02-06","329.66"
"1990-02-05","331.85"
"1990-02-02","330.92"
"1990-02-01","328.79"
"1990-01-31","329.08"
"1990-01-30","322.98"
"1990-01-29","325.20"
"1990-01-26","325.80"
"1990-01-25","326.08"
"1990-01-24","330.26"
"1990-01-23","331.61"
"1990-01-22","330.38"
"1990-01-19","339.15"
"1990-01-18","338.19"
"1990-01-17","337.40"
"1990-01-16","340.75"
"1990-01-15","337.00"
"1990-01-12","339.93"
"1990-01-11","348.53"
"1990-01-10","347.31"
"1990-01-09","349.62"
"1990-01-08","353.79"
"1990-01-05","352.20"
"1990-01-04","355.67"
"1990-01-03","358.76"
"1990-01-02","359.69"
"1989-12-29","353.40"
"1989-12-28","350.67"
"1989-12-27","348.81"
"1989-12-26","346.81"
"1989-12-22","347.42"
"1989-12-21","344.78"
"1989-12-20","342.84"
"1989-12-19","342.46"
"1989-12-18","343.69"
"1989-12-15","350.14"
"1989-12-14","350.93"
"1989-12-13","352.75"
"1989-12-12","351.73"
"1989-12-11","348.56"
"1989-12-08","348.69"
"1989-12-07","347.59"
"1989-12-06","348.55"
"1989-12-05","349.58"
"1989-12-04","351.41"
"1989-12-01","350.63"
"1989-11-30","345.99"
"1989-11-29","343.60"
"1989-11-28","345.77"
"1989-11-27","345.61"
"1989-11-24","343.97"
"1989-11-22","341.91"
"1989-11-21","339.59"
"1989-11-20","339.35"
"1989-11-17","341.61"
"1989-11-16","340.58"
"1989-11-15","340.54"
"1989-11-14","337.99"
"1989-11-13","339.55"
"1989-11-10","339.10"
"1989-11-09","336.57"
"1989-11-08","338.15"
"1989-11-07","334.81"
"1989-11-06","332.61"
"1989-11-03","337.62"
"1989-11-02","338.48"
"1989-11-01","341.20"
"1989-10-31","340.36"
"1989-10-30","335.07"
"1989-10-27","335.06"
"1989-10-26","337.93"
"1989-10-25","342.50"
"1989-10-24","343.70"
"1989-10-23","344.83"
"1989-10-20","347.16"
"1989-10-19","347.13"
"1989-10-18","341.76"
"1989-10-17","341.16"
"1989-10-16","342.85"
"1989-10-13","333.65"
"1989-10-12","355.39"
"1989-10-11","356.99"
"1989-10-10","359.13"
"1989-10-09","359.80"
"1989-10-06","358.78"
"1989-10-05","356.97"
"1989-10-04","356.94"
"1989-10-03","354.71"
"1989-10-02","350.87"
"1989-09-29","349.15"
"1989-09-28","348.60"
"1989-09-27","345.10"
"1989-09-26","344.33"
"1989-09-25","344.23"
"1989-09-22","347.05"
"1989-09-21","345.70"
"1989-09-20","346.47"
"1989-09-19","346.55"
"1989-09-18","346.73"
"1989-09-15","345.06"
"1989-09-14","343.16"
"1989-09-13","345.46"
"1989-09-12","348.70"
"1989-09-11","347.66"
"1989-09-08","348.76"
"1989-09-07","348.35"
"1989-09-06","349.24"
"1989-09-05","352.56"
"1989-09-01","353.73"
"1989-08-31","351.45"
"1989-08-30","350.65"
"1989-08-29","349.84"
"1989-08-28","352.09"
"1989-08-25","350.52"
"1989-08-24","351.52"
"1989-08-23","344.70"
"1989-08-22","341.19"
"1989-08-21","340.67"
"1989-08-18","346.03"
"1989-08-17","344.45"
"1989-08-16","345.66"
"1989-08-15","344.71"
"1989-08-14","343.06"
"1989-08-11","344.74"
"1989-08-10","348.25"
"1989-08-09","346.94"
"1989-08-08","349.35"
"1989-08-07","349.41"
"1989-08-04","343.92"
"1989-08-03","344.74"
"1989-08-02","344.34"
"1989-08-01","343.75"
"1989-07-31","346.08"
"1989-07-28","342.15"
"1989-07-27","341.99"
"1989-07-26","338.05"
"1989-07-25","333.88"
"1989-07-24","333.67"
"1989-07-21","335.90"
"1989-07-20","333.51"
"1989-07-19","335.73"
"1989-07-18","331.35"
"1989-07-17","332.44"
"1989-07-14","331.84"
"1989-07-13","329.95"
"1989-07-12","329.81"
"1989-07-11","328.78"
"1989-07-10","327.07"
"1989-07-07","324.91"
"1989-07-06","321.55"
"1989-07-05","320.64"
"1989-07-03","319.23"
"1989-06-30","317.98"
"1989-06-29","319.68"
"1989-06-28","325.81"
"1989-06-27","328.44"
"1989-06-26","326.60"
"1989-06-23","328.00"
"1989-06-22","322.32"
"1989-06-21","320.48"
"1989-06-20","321.25"
"1989-06-19","321.89"
"1989-06-16","321.35"
"1989-06-15","320.08"
"1989-06-14","323.83"
"1989-06-13","323.91"
"1989-06-12","326.24"
"1989-06-09","326.69"
"1989-06-08","326.75"
"1989-06-07","326.95"
"1989-06-06","324.24"
"1989-06-05","322.03"
"1989-06-02","325.52"
"1989-06-01","321.97"
"1989-05-31","320.52"
"1989-05-30","319.05"
"1989-05-26","321.59"
"1989-05-25","319.17"
"1989-05-24","319.14"
"1989-05-23","318.32"
"1989-05-22","321.98"
"1989-05-19","321.24"
"1989-05-18","317.97"
"1989-05-17","317.48"
"1989-05-16","315.28"
"1989-05-15","316.16"
"1989-05-12","313.84"
"1989-05-11","306.95"
"1989-05-10","305.80"
"1989-05-09","305.19"
"1989-05-08","306.00"
"1989-05-05","307.61"
"1989-05-04","307.77"
"1989-05-03","308.16"
"1989-05-02","308.12"
"1989-05-01","309.12"
"1989-04-28","309.64"
"1989-04-27","309.58"
"1989-04-26","306.93"
"1989-04-25","306.75"
"1989-04-24","308.69"
"1989-04-21","309.61"
"1989-04-20","306.19"
"1989-04-19","307.15"
"1989-04-18","306.02"
"1989-04-17","301.72"
"1989-04-14","301.36"
"1989-04-13","296.40"
"1989-04-12","298.99"
"1989-04-11","298.49"
"1989-04-10","297.11"
"1989-04-07","297.16"
"1989-04-06","295.29"
"1989-04-05","296.24"
"1989-04-04","295.31"
"1989-04-03","296.39"
"1989-03-31","294.87"
"1989-03-30","292.52"
"1989-03-29","292.35"
"1989-03-28","291.59"
"1989-03-27","290.57"
"1989-03-23","288.98"
"1989-03-22","290.49"
"1989-03-21","291.33"
"1989-03-20","289.92"
"1989-03-17","292.69"
"1989-03-16","299.44"
"1989-03-15","296.67"
"1989-03-14","295.14"
"1989-03-13","295.32"
"1989-03-10","292.88"
"1989-03-09","293.93"
"1989-03-08","294.08"
"1989-03-07","293.87"
"1989-03-06","294.81"
"1989-03-03","291.18"
"1989-03-02","289.95"
"1989-03-01","287.11"
"1989-02-28","288.86"
"1989-02-27","287.82"
"1989-02-24","287.13"
"1989-02-23","292.05"
"1989-02-22","290.91"
"1989-02-21","295.98"
"1989-02-17","296.76"
"1989-02-16","294.81"
"1989-02-15","294.24"
"1989-02-14","291.81"
"1989-02-13","292.54"
"1989-02-10","292.02"
"1989-02-09","296.06"
"1989-02-08","298.65"
"1989-02-07","299.63"
"1989-02-06","296.04"
"1989-02-03","296.97"
"1989-02-02","296.84"
"1989-02-01","297.09"
"1989-01-31","297.47"
"1989-01-30","294.99"
"1989-01-27","293.82"
"1989-01-26","291.69"
"1989-01-25","289.14"
"1989-01-24","288.49"
"1989-01-23","284.50"
"1989-01-20","286.63"
"1989-01-19","286.91"
"1989-01-18","286.53"
"1989-01-17","283.55"
"1989-01-16","284.14"
"1989-01-13","283.87"
"1989-01-12","283.17"
"1989-01-11","282.01"
"1989-01-10","280.38"
"1989-01-09","280.98"
"1989-01-06","280.67"
"1989-01-05","280.01"
"1989-01-04","279.43"
"1989-01-03","275.31"
"1988-12-30","277.72"
"1988-12-29","279.40"
"1988-12-28","277.08"
"1988-12-27","276.83"
"1988-12-23","277.87"
"1988-12-22","276.87"
"1988-12-21","277.38"
"1988-12-20","277.47"
"1988-12-19","278.91"
"1988-12-16","276.29"
"1988-12-15","274.28"
"1988-12-14","275.31"
"1988-12-13","276.31"
"1988-12-12","276.52"
"1988-12-09","277.03"
"1988-12-08","276.59"
"1988-12-07","278.13"
"1988-12-06","277.59"
"1988-12-05","274.93"
"1988-12-02","271.81"
"1988-12-01","272.49"
"1988-11-30","273.70"
"1988-11-29","270.91"
"1988-11-28","268.64"
"1988-11-25","267.23"
"1988-11-23","269.00"
"1988-11-22","267.21"
"1988-11-21","266.22"
"1988-11-18","266.47"
"1988-11-17","264.60"
"1988-11-16","263.82"
"1988-11-15","268.34"
"1988-11-14","267.72"
"1988-11-11","267.92"
"1988-11-10","273.69"
"1988-11-09","273.33"
"1988-11-08","275.15"
"1988-11-07","273.93"
"1988-11-04","276.31"
"1988-11-03","279.20"
"1988-11-02","279.06"
"1988-11-01","279.06"
"1988-10-31","278.97"
"1988-10-28","278.53"
"1988-10-27","277.28"
"1988-10-26","281.38"
"1988-10-25","282.38"
"1988-10-24","282.28"
"1988-10-21","283.66"
"1988-10-20","282.88"
"1988-10-19","276.97"
"1988-10-18","279.38"
"1988-10-17","276.41"
"1988-10-14","275.50"
"1988-10-13","275.22"
"1988-10-12","273.98"
"1988-10-11","277.93"
"1988-10-10","278.24"
"1988-10-07","278.07"
"1988-10-06","272.39"
"1988-10-05","271.86"
"1988-10-04","270.62"
"1988-10-03","271.38"
"1988-09-30","271.91"
"1988-09-29","272.59"
"1988-09-28","269.08"
"1988-09-27","268.26"
"1988-09-26","268.88"
"1988-09-23","269.76"
"1988-09-22","269.18"
"1988-09-21","270.16"
"1988-09-20","269.73"
"1988-09-19","268.82"
"1988-09-16","270.65"
"1988-09-15","268.13"
"1988-09-14","269.31"
"1988-09-13","267.43"
"1988-09-12","266.47"
"1988-09-09","266.84"
"1988-09-08","265.88"
"1988-09-07","265.87"
"1988-09-06","265.59"
"1988-09-02","264.48"
"1988-09-01","258.35"
"1988-08-31","261.52"
"1988-08-30","262.51"
"1988-08-29","262.33"
"1988-08-26","259.68"
"1988-08-25","259.18"
"1988-08-24","261.13"
"1988-08-23","257.09"
"1988-08-22","256.98"
"1988-08-19","260.24"
"1988-08-18","261.03"
"1988-08-17","260.77"
"1988-08-16","260.56"
"1988-08-15","258.69"
"1988-08-12","262.55"
"1988-08-11","262.75"
"1988-08-10","261.90"
"1988-08-09","266.49"
"1988-08-08","269.98"
"1988-08-05","271.15"
"1988-08-04","271.93"
"1988-08-03","272.98"
"1988-08-02","272.06"
"1988-08-01","272.21"
"1988-07-29","272.02"
"1988-07-28","266.02"
"1988-07-27","262.50"
"1988-07-26","265.19"
"1988-07-25","264.68"
"1988-07-22","263.50"
"1988-07-21","266.66"
"1988-07-20","270.00"
"1988-07-19","268.47"
"1988-07-18","270.51"
"1988-07-15","272.05"
"1988-07-14","270.26"
"1988-07-13","269.32"
"1988-07-12","267.85"
"1988-07-11","270.55"
"1988-07-08","270.02"
"1988-07-07","271.78"
"1988-07-06","272.02"
"1988-07-05","275.81"
"1988-07-01","271.78"
"1988-06-30","273.50"
"1988-06-29","270.98"
"1988-06-28","272.31"
"1988-06-27","269.06"
"1988-06-24","273.78"
"1988-06-23","274.82"
"1988-06-22","275.66"
"1988-06-21","271.67"
"1988-06-20","268.94"
"1988-06-17","270.68"
"1988-06-16","269.77"
"1988-06-15","274.45"
"1988-06-14","274.30"
"1988-06-13","271.43"
"1988-06-10","271.26"
"1988-06-09","270.20"
"1988-06-08","271.52"
"1988-06-07","265.17"
"1988-06-06","267.05"
"1988-06-03","266.45"
"1988-06-02","265.33"
"1988-06-01","266.69"
"1988-05-31","262.16"
"1988-05-27","253.42"
"1988-05-26","254.63"
"1988-05-25","253.76"
"1988-05-24","253.51"
"1988-05-23","250.83"
"1988-05-20","253.02"
"1988-05-19","252.57"
"1988-05-18","251.35"
"1988-05-17","255.39"
"1988-05-16","258.71"
"1988-05-13","256.78"
"1988-05-12","253.85"
"1988-05-11","253.31"
"1988-05-10","257.62"
"1988-05-09","256.54"
"1988-05-06","257.48"
"1988-05-05","258.79"
"1988-05-04","260.32"
"1988-05-03","263.00"
"1988-05-02","261.56"
"1988-04-29","261.33"
"1988-04-28","262.61"
"1988-04-27","263.80"
"1988-04-26","263.93"
"1988-04-25","262.51"
"1988-04-22","260.14"
"1988-04-21","256.42"
"1988-04-20","256.13"
"1988-04-19","257.92"
"1988-04-18","259.21"
"1988-04-15","259.77"
"1988-04-14","259.75"
"1988-04-13","271.58"
"1988-04-12","271.37"
"1988-04-11","270.16"
"1988-04-08","269.43"
"1988-04-07","266.16"
"1988-04-06","265.49"
"1988-04-05","258.51"
"1988-04-04","256.09"
"1988-03-31","258.89"
"1988-03-30","258.07"
"1988-03-29","260.07"
"1988-03-28","258.06"
"1988-03-25","258.51"
"1988-03-24","263.35"
"1988-03-23","268.91"
"1988-03-22","268.84"
"1988-03-21","268.74"
"1988-03-18","271.12"
"1988-03-17","271.22"
"1988-03-16","268.65"
"1988-03-15","266.13"
"1988-03-14","266.37"
"1988-03-11","264.94"
"1988-03-10","263.84"
"1988-03-09","269.06"
"1988-03-08","269.43"
"1988-03-07","267.38"
"1988-03-04","267.30"
"1988-03-03","267.88"
"1988-03-02","267.98"
"1988-03-01","267.22"
"1988-02-29","267.82"
"1988-02-26","262.46"
"1988-02-25","261.58"
"1988-02-24","264.43"
"1988-02-23","265.02"
"1988-02-22","265.64"
"1988-02-19","261.61"
"1988-02-18","257.91"
"1988-02-17","259.21"
"1988-02-16","259.83"
"1988-02-12","257.63"
"1988-02-11","255.95"
"1988-02-10","256.66"
"1988-02-09","251.72"
"1988-02-08","249.10"
"1988-02-05","250.96"
"1988-02-04","252.21"
"1988-02-03","252.21"
"1988-02-02","255.57"
"1988-02-01","255.04"
"1988-01-29","257.07"
"1988-01-28","253.29"
"1988-01-27","249.38"
"1988-01-26","249.57"
"1988-01-25","252.17"
"1988-01-22","246.50"
"1988-01-21","243.14"
"1988-01-20","242.63"
"1988-01-19","249.32"
"1988-01-18","251.88"
"1988-01-15","252.05"
"1988-01-14","245.88"
"1988-01-13","245.81"
"1988-01-12","245.42"
"1988-01-11","247.49"
"1988-01-08","243.40"
"1988-01-07","261.07"
"1988-01-06","258.89"
"1988-01-05","258.63"
"1988-01-04","255.94"
"1987-12-31","247.08"
"1987-12-30","247.86"
"1987-12-29","244.59"
"1987-12-28","245.57"
"1987-12-24","252.03"
"1987-12-23","253.16"
"1987-12-22","249.95"
"1987-12-21","249.54"
"1987-12-18","249.16"
"1987-12-17","242.98"
"1987-12-16","248.08"
"1987-12-15","242.81"
"1987-12-14","242.19"
"1987-12-11","235.32"
"1987-12-10","233.57"
"1987-12-09","238.89"
"1987-12-08","234.91"
"1987-12-07","228.76"
"1987-12-04","223.92"
"1987-12-03","225.21"
"1987-12-02","233.45"
"1987-12-01","232.00"
"1987-11-30","230.30"
"1987-11-27","240.34"
"1987-11-25","244.10"
"1987-11-24","246.39"
"1987-11-23","242.99"
"1987-11-20","242.00"
"1987-11-19","240.05"
"1987-11-18","245.55"
"1987-11-17","243.04"
"1987-11-16","246.76"
"1987-11-13","245.64"
"1987-11-12","248.52"
"1987-11-11","241.90"
"1987-11-10","239.00"
"1987-11-09","243.17"
"1987-11-06","250.41"
"1987-11-05","254.48"
"1987-11-04","248.96"
"1987-11-03","250.82"
"1987-11-02","255.75"
"1987-10-30","251.79"
"1987-10-29","244.77"
"1987-10-28","233.28"
"1987-10-27","233.19"
"1987-10-26","227.67"
"1987-10-23","248.22"
"1987-10-22","248.25"
"1987-10-21","258.38"
"1987-10-20","236.83"
"1987-10-19","224.84"
"1987-10-16","282.70"
"1987-10-15","298.08"
"1987-10-14","305.23"
"1987-10-13","314.52"
"1987-10-12","309.39"
"1987-10-09","311.07"
"1987-10-08","314.16"
"1987-10-07","318.54"
"1987-10-06","319.22"
"1987-10-05","328.08"
"1987-10-02","328.07"
"1987-10-01","327.33"
"1987-09-30","321.83"
"1987-09-29","321.69"
"1987-09-28","323.20"
"1987-09-25","320.16"
"1987-09-24","319.72"
"1987-09-23","321.19"
"1987-09-22","319.50"
"1987-09-21","310.54"
"1987-09-18","314.86"
"1987-09-17","314.93"
"1987-09-16","314.86"
"1987-09-15","317.74"
"1987-09-14","323.08"
"1987-09-11","321.98"
"1987-09-10","317.13"
"1987-09-09","313.92"
"1987-09-08","313.56"
"1987-09-04","316.70"
"1987-09-03","320.21"
"1987-09-02","321.68"
"1987-09-01","323.40"
"1987-08-31","329.80"
"1987-08-28","327.04"
"1987-08-27","331.38"
"1987-08-26","334.57"
"1987-08-25","336.77"
"1987-08-24","333.33"
"1987-08-21","335.90"
"1987-08-20","334.84"
"1987-08-19","329.83"
"1987-08-18","329.25"
"1987-08-17","334.11"
"1987-08-14","333.99"
"1987-08-13","334.65"
"1987-08-12","332.39"
"1987-08-11","333.33"
"1987-08-10","328.00"
"1987-08-07","323.00"
"1987-08-06","322.09"
"1987-08-05","318.45"
"1987-08-04","316.23"
"1987-08-03","317.57"
"1987-07-31","318.66"
"1987-07-30","318.05"
"1987-07-29","315.65"
"1987-07-28","312.33"
"1987-07-27","310.65"
"1987-07-24","309.27"
"1987-07-23","307.81"
"1987-07-22","308.47"
"1987-07-21","308.55"
"1987-07-20","311.39"
"1987-07-17","314.59"
"1987-07-16","312.70"
"1987-07-15","310.42"
"1987-07-14","310.68"
"1987-07-13","307.63"
"1987-07-10","308.37"
"1987-07-09","307.52"
"1987-07-08","308.29"
"1987-07-07","307.40"
"1987-07-06","304.92"
"1987-07-02","305.63"
"1987-07-01","302.94"
"1987-06-30","304.00"
"1987-06-29","307.90"
"1987-06-26","307.16"
"1987-06-25","308.96"
"1987-06-24","306.86"
"1987-06-23","308.43"
"1987-06-22","309.65"
"1987-06-19","306.97"
"1987-06-18","305.69"
"1987-06-17","304.81"
"1987-06-16","304.76"
"1987-06-15","303.14"
"1987-06-12","301.62"
"1987-06-11","298.73"
"1987-06-10","297.47"
"1987-06-09","297.28"
"1987-06-08","296.72"
"1987-06-05","293.45"
"1987-06-04","295.09"
"1987-06-03","293.47"
"1987-06-02","288.46"
"1987-06-01","289.83"
"1987-05-29","290.10"
"1987-05-28","290.76"
"1987-05-27","288.73"
"1987-05-26","289.11"
"1987-05-22","282.16"
"1987-05-21","280.17"
"1987-05-20","278.21"
"1987-05-19","279.62"
"1987-05-18","286.65"
"1987-05-15","287.43"
"1987-05-14","294.24"
"1987-05-13","293.98"
"1987-05-12","293.30"
"1987-05-11","291.57"
"1987-05-08","293.37"
"1987-05-07","294.71"
"1987-05-06","295.47"
"1987-05-05","295.34"
"1987-05-04","289.36"
"1987-05-01","288.03"
"1987-04-30","288.36"
"1987-04-29","284.57"
"1987-04-28","282.51"
"1987-04-27","281.83"
"1987-04-24","281.52"
"1987-04-23","286.82"
"1987-04-22","287.19"
"1987-04-21","293.07"
"1987-04-20","286.09"
"1987-04-16","286.91"
"1987-04-15","284.44"
"1987-04-14","279.16"
"1987-04-13","285.62"
"1987-04-10","292.49"
"1987-04-09","292.86"
"1987-04-08","297.26"
"1987-04-07","296.69"
"1987-04-06","301.95"
"1987-04-03","300.41"
"1987-04-02","293.63"
"1987-04-01","292.38"
"1987-03-31","291.70"
"1987-03-30","289.20"
"1987-03-27","296.13"
"1987-03-26","300.93"
"1987-03-25","300.38"
"1987-03-24","301.64"
"1987-03-23","301.16"
"1987-03-20","298.17"
"1987-03-19","294.08"
"1987-03-18","292.78"
"1987-03-17","292.47"
"1987-03-16","288.23"
"1987-03-13","289.89"
"1987-03-12","291.22"
"1987-03-11","290.31"
"1987-03-10","290.86"
"1987-03-09","288.30"
"1987-03-06","290.66"
"1987-03-05","290.52"
"1987-03-04","288.62"
"1987-03-03","284.12"
"1987-03-02","283.00"
"1987-02-27","284.20"
"1987-02-26","282.96"
"1987-02-25","284.00"
"1987-02-24","282.88"
"1987-02-23","282.38"
"1987-02-20","285.48"
"1987-02-19","285.57"
"1987-02-18","285.42"
"1987-02-17","285.49"
"1987-02-13","279.70"
"1987-02-12","275.62"
"1987-02-11","277.54"
"1987-02-10","275.07"
"1987-02-09","278.16"
"1987-02-06","280.04"
"1987-02-05","281.16"
"1987-02-04","279.64"
"1987-02-03","275.99"
"1987-02-02","276.45"
"1987-01-30","274.08"
"1987-01-29","274.24"
"1987-01-28","275.40"
"1987-01-27","273.75"
"1987-01-26","269.61"
"1987-01-23","270.10"
"1987-01-22","273.91"
"1987-01-21","267.84"
"1987-01-20","269.04"
"1987-01-19","269.34"
"1987-01-16","266.28"
"1987-01-15","265.49"
"1987-01-14","262.64"
"1987-01-13","259.95"
"1987-01-12","260.30"
"1987-01-09","258.73"
"1987-01-08","257.28"
"1987-01-07","255.33"
"1987-01-06","252.78"
"1987-01-05","252.19"
"1987-01-02","246.45"
"1986-12-31","242.17"
"1986-12-30","243.37"
"1986-12-29","244.67"
"1986-12-26","246.92"
"1986-12-24","246.75"
"1986-12-23","246.34"
"1986-12-22","248.75"
"1986-12-19","249.73"
"1986-12-18","246.78"
"1986-12-17","247.56"
"1986-12-16","250.04"
"1986-12-15","248.21"
"1986-12-12","247.35"
"1986-12-11","248.17"
"1986-12-10","250.96"
"1986-12-09","249.28"
"1986-12-08","251.16"
"1986-12-05","251.17"
"1986-12-04","253.04"
"1986-12-03","253.85"
"1986-12-02","254.00"
"1986-12-01","249.05"
"1986-11-28","249.22"
"1986-11-26","248.77"
"1986-11-25","248.17"
"1986-11-24","247.45"
"1986-11-21","245.86"
"1986-11-20","242.05"
"1986-11-19","237.66"
"1986-11-18","236.78"
"1986-11-17","243.21"
"1986-11-14","244.50"
"1986-11-13","243.02"
"1986-11-12","246.64"
"1986-11-11","247.08"
"1986-11-10","246.13"
"1986-11-07","245.77"
"1986-11-06","245.87"
"1986-11-05","246.58"
"1986-11-04","246.20"
"1986-11-03","245.80"
"1986-10-31","243.98"
"1986-10-30","243.71"
"1986-10-29","240.94"
"1986-10-28","239.26"
"1986-10-27","238.77"
"1986-10-24","238.26"
"1986-10-23","239.28"
"1986-10-22","236.26"
"1986-10-21","235.88"
"1986-10-20","235.97"
"1986-10-17","238.84"
"1986-10-16","239.53"
"1986-10-15","238.80"
"1986-10-14","235.37"
"1986-10-13","235.91"
"1986-10-10","235.48"
"1986-10-09","235.85"
"1986-10-08","236.68"
"1986-10-07","234.41"
"1986-10-06","234.78"
"1986-10-03","233.71"
"1986-10-02","233.92"
"1986-10-01","233.60"
"1986-09-30","231.32"
"1986-09-29","229.91"
"1986-09-26","232.23"
"1986-09-25","231.83"
"1986-09-24","236.28"
"1986-09-23","235.67"
"1986-09-22","234.93"
"1986-09-19","232.21"
"1986-09-18","232.31"
"1986-09-17","231.68"
"1986-09-16","231.72"
"1986-09-15","231.94"
"1986-09-12","230.67"
"1986-09-11","235.18"
"1986-09-10","247.06"
"1986-09-09","247.67"
"1986-09-08","248.14"
"1986-09-05","250.47"
"1986-09-04","253.83"
"1986-09-03","250.08"
"1986-09-02","248.52"
"1986-08-29","252.93"
"1986-08-28","252.84"
"1986-08-27","253.30"
"1986-08-26","252.84"
"1986-08-25","247.81"
"1986-08-22","250.19"
"1986-08-21","249.67"
"1986-08-20","249.77"
"1986-08-19","246.51"
"1986-08-18","247.38"
"1986-08-15","247.15"
"1986-08-14","246.25"
"1986-08-13","245.67"
"1986-08-12","243.34"
"1986-08-11","240.68"
"1986-08-08","236.88"
"1986-08-07","237.04"
"1986-08-06","236.84"
"1986-08-05","237.03"
"1986-08-04","235.99"
"1986-08-01","234.91"
"1986-07-31","236.12"
"1986-07-30","236.59"
"1986-07-29","234.55"
"1986-07-28","236.01"
"1986-07-25","240.22"
"1986-07-24","237.95"
"1986-07-23","238.67"
"1986-07-22","238.18"
"1986-07-21","236.24"
"1986-07-18","236.36"
"1986-07-17","236.07"
"1986-07-16","235.01"
"1986-07-15","233.66"
"1986-07-14","238.11"
"1986-07-11","242.22"
"1986-07-10","243.01"
"1986-07-09","242.82"
"1986-07-08","241.59"
"1986-07-07","244.05"
"1986-07-03","251.79"
"1986-07-02","252.70"
"1986-07-01","252.04"
"1986-06-30","250.84"
"1986-06-27","249.60"
"1986-06-26","248.74"
"1986-06-25","248.93"
"1986-06-24","247.03"
"1986-06-23","245.26"
"1986-06-20","247.58"
"1986-06-19","244.06"
"1986-06-18","244.99"
"1986-06-17","244.35"
"1986-06-16","246.13"
"1986-06-13","245.73"
"1986-06-12","241.49"
"1986-06-11","241.13"
"1986-06-10","239.58"
"1986-06-09","239.96"
"1986-06-06","245.67"
"1986-06-05","245.65"
"1986-06-04","243.94"
"1986-06-03","245.51"
"1986-06-02","245.04"
"1986-05-30","247.35"
"1986-05-29","247.98"
"1986-05-28","246.63"
"1986-05-27","244.75"
"1986-05-23","241.35"
"1986-05-22","240.12"
"1986-05-21","235.45"
"1986-05-20","236.11"
"1986-05-19","233.20"
"1986-05-16","232.76"
"1986-05-15","234.43"
"1986-05-14","237.54"
"1986-05-13","236.41"
"1986-05-12","237.58"
"1986-05-09","237.85"
"1986-05-08","237.13"
"1986-05-07","236.08"
"1986-05-06","237.24"
"1986-05-05","237.73"
"1986-05-02","234.79"
"1986-05-01","235.16"
"1986-04-30","235.52"
"1986-04-29","240.51"
"1986-04-28","243.08"
"1986-04-25","242.29"
"1986-04-24","242.02"
"1986-04-23","241.75"
"1986-04-22","242.42"
"1986-04-21","244.74"
"1986-04-18","242.38"
"1986-04-17","243.03"
"1986-04-16","242.22"
"1986-04-15","237.73"
"1986-04-14","237.28"
"1986-04-11","235.97"
"1986-04-10","236.44"
"1986-04-09","233.75"
"1986-04-08","233.52"
"1986-04-07","228.63"
"1986-04-04","228.69"
"1986-04-03","232.47"
"1986-04-02","235.71"
"1986-04-01","235.14"
"1986-03-31","238.90"
"1986-03-27","238.97"
"1986-03-26","237.30"
"1986-03-25","234.72"
"1986-03-24","235.33"
"1986-03-21","233.34"
"1986-03-20","236.54"
"1986-03-19","235.60"
"1986-03-18","235.78"
"1986-03-17","234.67"
"1986-03-14","236.55"
"1986-03-13","233.19"
"1986-03-12","232.54"
"1986-03-11","231.69"
"1986-03-10","226.58"
"1986-03-07","225.57"
"1986-03-06","225.13"
"1986-03-05","224.34"
"1986-03-04","224.38"
"1986-03-03","225.42"
"1986-02-28","226.92"
"1986-02-27","226.77"
"1986-02-26","224.04"
"1986-02-25","223.79"
"1986-02-24","224.34"
"1986-02-21","224.62"
"1986-02-20","222.22"
"1986-02-19","219.76"
"1986-02-18","222.45"
"1986-02-14","219.76"
"1986-02-13","217.40"
"1986-02-12","215.97"
"1986-02-11","215.92"
"1986-02-10","216.24"
"1986-02-07","214.56"
"1986-02-06","213.47"
"1986-02-05","212.96"
"1986-02-04","212.79"
"1986-02-03","213.96"
"1986-01-31","211.78"
"1986-01-30","209.33"
"1986-01-29","210.29"
"1986-01-28","209.81"
"1986-01-27","207.39"
"1986-01-24","206.43"
"1986-01-23","204.25"
"1986-01-22","203.49"
"1986-01-21","205.79"
"1986-01-20","207.53"
"1986-01-17","208.43"
"1986-01-16","209.17"
"1986-01-15","208.26"
"1986-01-14","206.64"
"1986-01-13","206.72"
"1986-01-10","205.96"
"1986-01-09","206.11"
"1986-01-08","207.97"
"1986-01-07","213.80"
"1986-01-06","210.65"
"1986-01-03","210.88"
"1986-01-02","209.59"
"1985-12-31","211.28"
"1985-12-30","210.68"
"1985-12-27","209.61"
"1985-12-26","207.65"
"1985-12-24","207.14"
"1985-12-23","208.57"
"1985-12-20","210.94"
"1985-12-19","210.02"
"1985-12-18","209.81"
"1985-12-17","210.65"
"1985-12-16","212.02"
"1985-12-13","209.94"
"1985-12-12","206.73"
"1985-12-11","206.31"
"1985-12-10","204.39"
"1985-12-09","204.25"
"1985-12-06","202.99"
"1985-12-05","203.88"
"1985-12-04","204.23"
"1985-12-03","200.86"
"1985-12-02","200.46"
"1985-11-29","202.17"
"1985-11-27","202.54"
"1985-11-26","200.67"
"1985-11-25","200.35"
"1985-11-22","201.52"
"1985-11-21","201.41"
"1985-11-20","198.99"
"1985-11-19","198.67"
"1985-11-18","198.71"
"1985-11-15","198.11"
"1985-11-14","199.06"
"1985-11-13","197.10"
"1985-11-12","198.08"
"1985-11-11","197.28"
"1985-11-08","193.72"
"1985-11-07","192.62"
"1985-11-06","192.76"
"1985-11-05","192.37"
"1985-11-04","191.25"
"1985-11-01","191.53"
"1985-10-31","189.82"
"1985-10-30","190.07"
"1985-10-29","189.23"
"1985-10-28","187.76"
"1985-10-25","187.52"
"1985-10-24","188.50"
"1985-10-23","189.09"
"1985-10-22","188.04"
"1985-10-21","186.96"
"1985-10-18","187.04"
"1985-10-17","187.66"
"1985-10-16","187.98"
"1985-10-15","186.08"
"1985-10-14","186.37"
"1985-10-11","184.28"
"1985-10-10","182.78"
"1985-10-09","182.52"
"1985-10-08","181.87"
"1985-10-07","181.87"
"1985-10-04","183.22"
"1985-10-03","184.36"
"1985-10-02","184.06"
"1985-10-01","185.07"
"1985-09-30","182.08"
"1985-09-26","181.29"
"1985-09-25","180.66"
"1985-09-24","182.62"
"1985-09-23","184.30"
"1985-09-20","182.05"
"1985-09-19","183.39"
"1985-09-18","181.71"
"1985-09-17","181.36"
"1985-09-16","182.88"
"1985-09-13","182.91"
"1985-09-12","183.69"
"1985-09-11","185.03"
"1985-09-10","186.90"
"1985-09-09","188.25"
"1985-09-06","188.24"
"1985-09-05","187.27"
"1985-09-04","187.37"
"1985-09-03","187.91"
"1985-08-30","188.63"
"1985-08-29","188.93"
"1985-08-28","188.83"
"1985-08-27","188.10"
"1985-08-26","187.31"
"1985-08-23","187.17"
"1985-08-22","187.36"
"1985-08-21","189.16"
"1985-08-20","188.08"
"1985-08-19","186.38"
"1985-08-16","186.10"
"1985-08-15","187.26"
"1985-08-14","187.41"
"1985-08-13","187.30"
"1985-08-12","187.63"
"1985-08-09","188.32"
"1985-08-08","188.95"
"1985-08-07","187.68"
"1985-08-06","187.93"
"1985-08-05","190.62"
"1985-08-02","191.48"
"1985-08-01","192.11"
"1985-07-31","190.92"
"1985-07-30","189.93"
"1985-07-29","189.60"
"1985-07-26","192.40"
"1985-07-25","192.06"
"1985-07-24","191.58"
"1985-07-23","192.55"
"1985-07-22","194.35"
"1985-07-19","195.13"
"1985-07-18","194.38"
"1985-07-17","195.65"
"1985-07-16","194.72"
"1985-07-15","192.72"
"1985-07-12","193.29"
"1985-07-11","192.94"
"1985-07-10","192.37"
"1985-07-09","191.05"
"1985-07-08","191.93"
"1985-07-05","192.52"
"1985-07-03","191.45"
"1985-07-02","192.01"
"1985-07-01","192.43"
"1985-06-28","191.85"
"1985-06-27","191.23"
"1985-06-26","190.06"
"1985-06-25","189.74"
"1985-06-24","189.15"
"1985-06-21","189.61"
"1985-06-20","186.73"
"1985-06-19","186.63"
"1985-06-18","187.34"
"1985-06-17","186.53"
"1985-06-14","187.10"
"1985-06-13","185.33"
"1985-06-12","187.61"
"1985-06-11","189.04"
"1985-06-10","189.51"
"1985-06-07","189.68"
"1985-06-06","191.06"
"1985-06-05","190.16"
"1985-06-04","190.04"
"1985-06-03","189.32"
"1985-05-31","189.55"
"1985-05-30","187.75"
"1985-05-29","187.68"
"1985-05-28","187.86"
"1985-05-24","188.29"
"1985-05-23","187.60"
"1985-05-22","188.56"
"1985-05-21","189.64"
"1985-05-20","189.72"
"1985-05-17","187.42"
"1985-05-16","185.66"
"1985-05-15","184.54"
"1985-05-14","183.87"
"1985-05-13","184.61"
"1985-05-10","184.28"
"1985-05-09","181.92"
"1985-05-08","180.62"
"1985-05-07","180.76"
"1985-05-06","179.99"
"1985-05-03","180.08"
"1985-05-02","179.01"
"1985-05-01","178.37"
"1985-04-30","179.83"
"1985-04-29","180.63"
"1985-04-26","182.18"
"1985-04-25","183.43"
"1985-04-24","182.26"
"1985-04-23","181.88"
"1985-04-22","180.70"
"1985-04-19","181.11"
"1985-04-18","180.84"
"1985-04-17","181.68"
"1985-04-16","181.20"
"1985-04-15","180.92"
"1985-04-12","180.54"
"1985-04-11","180.19"
"1985-04-10","179.42"
"1985-04-09","178.21"
"1985-04-08","178.03"
"1985-04-04","179.03"
"1985-04-03","179.11"
"1985-04-02","180.53"
"1985-04-01","181.27"
"1985-03-29","180.66"
"1985-03-28","179.54"
"1985-03-27","179.54"
"1985-03-26","178.43"
"1985-03-25","177.97"
"1985-03-22","179.04"
"1985-03-21","179.35"
"1985-03-20","179.08"
"1985-03-19","179.54"
"1985-03-18","176.88"
"1985-03-15","176.53"
"1985-03-14","177.84"
"1985-03-13","178.19"
"1985-03-12","179.66"
"1985-03-11","178.79"
"1985-03-08","179.10"
"1985-03-07","179.51"
"1985-03-06","180.65"
"1985-03-05","182.23"
"1985-03-04","182.06"
"1985-03-01","183.23"
"1985-02-28","181.18"
"1985-02-27","180.71"
"1985-02-26","181.17"
"1985-02-25","179.23"
"1985-02-22","179.36"
"1985-02-21","180.19"
"1985-02-20","181.18"
"1985-02-19","181.33"
"1985-02-15","181.60"
"1985-02-14","182.41"
"1985-02-13","183.35"
"1985-02-12","180.56"
"1985-02-11","180.51"
"1985-02-08","182.19"
"1985-02-07","181.82"
"1985-02-06","180.43"
"1985-02-05","180.61"
"1985-02-04","180.35"
"1985-02-01","178.63"
"1985-01-31","179.63"
"1985-01-30","179.39"
"1985-01-29","179.18"
"1985-01-28","177.40"
"1985-01-25","177.35"
"1985-01-24","176.71"
"1985-01-23","177.30"
"1985-01-22","175.48"
"1985-01-21","175.23"
"1985-01-18","171.32"
"1985-01-17","170.73"
"1985-01-16","171.19"
"1985-01-15","170.81"
"1985-01-14","170.51"
"1985-01-11","167.91"
"1985-01-10","168.31"
"1985-01-09","165.18"
"1985-01-08","163.99"
"1985-01-07","164.24"
"1985-01-04","163.68"
"1985-01-03","164.57"
"1985-01-02","165.37"
